timestamp,value,anomaly_score,label,S(t)_reward_low_FP_rate,S(t)_reward_low_FN_rate,S(t)_standard
2013-10-09 16:25:00,9926554.0,0.0301029996659,0,0.0,0.0,0.0
2013-10-09 16:30:00,50745578.0,0.0301029996659,0,0.0,0.0,0.0
2013-10-09 16:35:00,61519397.0,1.0,0,0.0,0.0,0.0
2013-10-09 16:40:00,55996401.0,0.0301029996659,0,0.0,0.0,0.0
2013-10-09 16:45:00,40876988.0,0.0301029996659,0,0.0,0.0,0.0
2013-10-09 16:50:00,27578939.0,0.0301029996659,0,0.0,0.0,0.0
2013-10-09 16:55:00,21556437.0,0.0301029996659,0,0.0,0.0,0.0
2013-10-09 17:00:00,17440444.6,0.0301029996659,0,0.0,0.0,0.0
2013-10-09 17:05:00,15573374.0,0.0301029996659,0,0.0,0.0,0.0
2013-10-09 17:10:00,16861197.6,0.0301029996659,0,0.0,0.0,0.0
2013-10-09 17:15:00,15478144.6,0.0301029996659,0,0.0,0.0,0.0
2013-10-09 17:20:00,13678676.6,0.0301029996659,0,0.0,0.0,0.0
2013-10-09 17:25:00,11499313.8,0.0301029996659,0,0.0,0.0,0.0
2013-10-09 17:30:00,12124202.8,0.0301029996659,0,0.0,0.0,0.0
2013-10-09 17:35:00,9052782.8,0.0301029996659,0,0.0,0.0,0.0
2013-10-09 17:40:00,8203117.2,0.0301029996659,0,0.0,0.0,0.0
2013-10-09 17:45:00,8309003.0,0.0301029996659,0,0.0,0.0,0.0
2013-10-09 17:50:00,7288143.8,0.0301029996659,0,0.0,0.0,0.0
2013-10-09 17:55:00,8049176.2,0.0301029996659,0,0.0,0.0,0.0
2013-10-09 18:00:00,7444835.6,0.0301029996659,0,0.0,0.0,0.0
2013-10-09 18:05:00,6954155.4,0.0301029996659,0,0.0,0.0,0.0
2013-10-09 18:10:00,7231045.0,0.0301029996659,0,0.0,0.0,0.0
2013-10-09 18:15:00,8040165.8,0.0301029996659,0,0.0,0.0,0.0
2013-10-09 18:20:00,8041010.6,0.0301029996659,0,0.0,0.0,0.0
2013-10-09 18:25:00,8631127.0,0.0301029996659,0,0.0,0.0,0.0
2013-10-09 18:30:00,10871151.8,0.0301029996659,0,0.0,0.0,0.0
2013-10-09 18:35:00,12124409.6,0.0301029996659,0,0.0,0.0,0.0
2013-10-09 18:40:00,13318374.8,0.0301029996659,0,0.0,0.0,0.0
2013-10-09 18:45:00,13666994.4,0.0301029996659,0,0.0,0.0,0.0
2013-10-09 18:50:00,14298954.0,0.0301029996659,0,0.0,0.0,0.0
2013-10-09 18:55:00,12679300.0,0.0301029996659,0,0.0,0.0,0.0
2013-10-09 19:00:00,13892004.8,0.0301029996659,0,0.0,0.0,0.0
2013-10-09 19:05:00,14145179.8,0.0301029996659,0,0.0,0.0,0.0
2013-10-09 19:10:00,13505345.2,0.0301029996659,0,0.0,0.0,0.0
2013-10-09 19:15:00,12603028.8,0.0301029996659,0,0.0,0.0,0.0
2013-10-09 19:20:00,12435453.8,0.0301029996659,0,0.0,0.0,0.0
2013-10-09 19:25:00,12193640.4,0.0301029996659,0,0.0,0.0,0.0
2013-10-09 19:30:00,11542288.0,0.0301029996659,0,0.0,0.0,0.0
2013-10-09 19:35:00,11432968.6,0.0301029996659,0,0.0,0.0,0.0
2013-10-09 19:40:00,12384512.2,0.0301029996659,0,0.0,0.0,0.0
2013-10-09 19:45:00,11534099.6,0.0301029996659,0,0.0,0.0,0.0
2013-10-09 19:50:00,14190782.8,0.0301029996659,0,0.0,0.0,0.0
2013-10-09 19:55:00,10355034.8,0.0301029996659,0,0.0,0.0,0.0
2013-10-09 20:00:00,11658785.8,0.0301029996659,0,0.0,0.0,0.0
2013-10-09 20:05:00,11139206.8,0.0301029996659,0,0.0,0.0,0.0
2013-10-09 20:10:00,8083117.8,0.0301029996659,0,0.0,0.0,0.0
2013-10-09 20:15:00,8599227.6,0.0301029996659,0,0.0,0.0,0.0
2013-10-09 20:20:00,9273135.2,0.0301029996659,0,0.0,0.0,0.0
2013-10-09 20:25:00,10097324.2,0.0301029996659,0,0.0,0.0,0.0
2013-10-09 20:30:00,7103913.6,0.0301029996659,0,0.0,0.0,0.0
2013-10-09 20:35:00,6885343.0,0.0301029996659,0,0.0,0.0,0.0
2013-10-09 20:40:00,9448017.6,0.0301029996659,0,0.0,0.0,0.0
2013-10-09 20:45:00,9151835.2,0.0301029996659,0,0.0,0.0,0.0
2013-10-09 20:50:00,7744279.8,0.0301029996659,0,0.0,0.0,0.0
2013-10-09 20:55:00,8781789.8,0.0301029996659,0,0.0,0.0,0.0
2013-10-09 21:00:00,8182947.4,0.0301029996659,0,0.0,0.0,0.0
2013-10-09 21:05:00,8303328.2,0.0301029996659,0,0.0,0.0,0.0
2013-10-09 21:10:00,7031833.4,0.0301029996659,0,0.0,0.0,0.0
2013-10-09 21:15:00,8185888.6,0.0301029996659,0,0.0,0.0,0.0
2013-10-09 21:20:00,8057902.0,0.0301029996659,0,0.0,0.0,0.0
2013-10-09 21:25:00,7633338.0,0.0301029996659,0,0.0,0.0,0.0
2013-10-09 21:30:00,6917495.8,0.0301029996659,0,0.0,0.0,0.0
2013-10-09 21:35:00,6870317.0,0.0301029996659,0,0.0,0.0,0.0
2013-10-09 21:40:00,7294645.6,0.0301029996659,0,0.0,0.0,0.0
2013-10-09 21:45:00,5611490.2,0.0301029996659,0,0.0,0.0,0.0
2013-10-09 21:50:00,6072482.4,0.0301029996659,0,0.0,0.0,0.0
2013-10-09 21:55:00,5285099.8,0.0301029996659,0,0.0,0.0,0.0
2013-10-09 22:00:00,6168137.2,0.0301029996659,0,0.0,0.0,0.0
2013-10-09 22:05:00,5984117.8,0.0301029996659,0,0.0,0.0,0.0
2013-10-09 22:10:00,5378818.4,0.0301029996659,0,0.0,0.0,0.0
2013-10-09 22:15:00,4649463.4,0.0301029996659,0,0.0,0.0,0.0
2013-10-09 22:20:00,4785452.6,0.0301029996659,0,0.0,0.0,0.0
2013-10-09 22:25:00,3547037.6,0.0301029996659,0,0.0,0.0,0.0
2013-10-09 22:30:00,4001507.2,0.0301029996659,0,0.0,0.0,0.0
2013-10-09 22:35:00,3605455.2,0.0301029996659,0,0.0,0.0,0.0
2013-10-09 22:40:00,3690194.0,0.0301029996659,0,0.0,0.0,0.0
2013-10-09 22:45:00,3352156.8,0.0301029996659,0,0.0,0.0,0.0
2013-10-09 22:50:00,3301986.2,0.0301029996659,0,0.0,0.0,0.0
2013-10-09 22:55:00,3269069.2,0.0301029996659,0,0.0,0.0,0.0
2013-10-09 23:00:00,3290852.4,0.0301029996659,0,0.0,0.0,0.0
2013-10-09 23:05:00,1511772.6,0.0301029996659,0,0.0,0.0,0.0
2013-10-09 23:10:00,1361081.2,0.0301029996659,0,0.0,0.0,0.0
2013-10-09 23:15:00,1313713.0,0.0301029996659,0,0.0,0.0,0.0
2013-10-09 23:20:00,2147718.8,0.0301029996659,0,0.0,0.0,0.0
2013-10-09 23:25:00,1998864.2,0.0301029996659,0,0.0,0.0,0.0
2013-10-09 23:30:00,1534170.4,0.0301029996659,0,0.0,0.0,0.0
2013-10-09 23:35:00,978077.0,0.0301029996659,0,0.0,0.0,0.0
2013-10-09 23:40:00,974482.6,0.0301029996659,0,0.0,0.0,0.0
2013-10-09 23:45:00,1120244.0,0.0301029996659,0,0.0,0.0,0.0
2013-10-09 23:50:00,1041381.4,0.0301029996659,0,0.0,0.0,0.0
2013-10-09 23:55:00,1315852.8,0.0301029996659,0,0.0,0.0,0.0
2013-10-10 00:00:00,1663223.0,0.0301029996659,0,0.0,0.0,0.0
2013-10-10 00:05:00,881168.6,0.0301029996659,0,0.0,0.0,0.0
2013-10-10 00:10:00,864271.8,0.0301029996659,0,0.0,0.0,0.0
2013-10-10 00:15:00,831722.8,0.0301029996659,0,0.0,0.0,0.0
2013-10-10 00:20:00,1025884.6,0.0301029996659,0,0.0,0.0,0.0
2013-10-10 00:25:00,1056338.6,0.0301029996659,0,0.0,0.0,0.0
2013-10-10 00:30:00,1342641.2,0.0301029996659,0,0.0,0.0,0.0
2013-10-10 00:35:00,901321.4,0.0301029996659,0,0.0,0.0,0.0
2013-10-10 00:40:00,994254.0,0.0301029996659,0,0.0,0.0,0.0
2013-10-10 00:45:00,995340.2,0.0301029996659,0,0.0,0.0,0.0
2013-10-10 00:50:00,1042389.8,0.0301029996659,0,0.0,0.0,0.0
2013-10-10 00:55:00,1468524.8,0.0301029996659,0,0.0,0.0,0.0
2013-10-10 01:00:00,1874774.4,0.0301029996659,0,0.0,0.0,0.0
2013-10-10 01:05:00,1068452.6,0.0301029996659,0,0.0,0.0,0.0
2013-10-10 01:10:00,997374.4,0.0301029996659,0,0.0,0.0,0.0
2013-10-10 01:15:00,1185431.8,0.0301029996659,0,0.0,0.0,0.0
2013-10-10 01:20:00,1253500.4,0.0301029996659,0,0.0,0.0,0.0
2013-10-10 01:25:00,1019610.0,0.0301029996659,0,0.0,0.0,0.0
2013-10-10 01:30:00,1467012.8,0.0301029996659,0,0.0,0.0,0.0
2013-10-10 01:35:00,889605.0,0.0301029996659,0,0.0,0.0,0.0
2013-10-10 01:40:00,825968.8,0.0301029996659,0,0.0,0.0,0.0
2013-10-10 01:45:00,944624.6,0.0301029996659,0,0.0,0.0,0.0
2013-10-10 01:50:00,1014397.6,0.0301029996659,0,0.0,0.0,0.0
2013-10-10 01:55:00,985993.2,0.0301029996659,0,0.0,0.0,0.0
2013-10-10 02:00:00,1556147.0,0.0301029996659,0,0.0,0.0,0.0
2013-10-10 02:05:00,918924.2,0.0301029996659,0,0.0,0.0,0.0
2013-10-10 02:10:00,946216.0,0.0301029996659,0,0.0,0.0,0.0
2013-10-10 02:15:00,1203311.6,0.0301029996659,0,0.0,0.0,0.0
2013-10-10 02:20:00,818717.8,0.0301029996659,0,0.0,0.0,0.0
2013-10-10 02:25:00,1271861.4,0.0301029996659,0,0.0,0.0,0.0
2013-10-10 02:30:00,1249426.0,0.0301029996659,0,0.0,0.0,0.0
2013-10-10 02:35:00,959763.2,0.0301029996659,0,0.0,0.0,0.0
2013-10-10 02:40:00,894922.6,0.0301029996659,0,0.0,0.0,0.0
2013-10-10 02:45:00,1035031.6,0.0301029996659,0,0.0,0.0,0.0
2013-10-10 02:50:00,1291079.8,0.0301029996659,0,0.0,0.0,0.0
2013-10-10 02:55:00,1066712.6,0.0301029996659,0,0.0,0.0,0.0
2013-10-10 03:00:00,2790829.8,0.0301029996659,0,0.0,0.0,0.0
2013-10-10 03:05:00,2466770.6,0.0301029996659,0,0.0,0.0,0.0
2013-10-10 03:10:00,3168191.8,0.0301029996659,0,0.0,0.0,0.0
2013-10-10 03:15:00,1362582.2,0.0301029996659,0,0.0,0.0,0.0
2013-10-10 03:20:00,1203811.0,0.0301029996659,0,0.0,0.0,0.0
2013-10-10 03:25:00,892913.2,0.0301029996659,0,0.0,0.0,0.0
2013-10-10 03:30:00,1422962.0,0.0301029996659,0,0.0,0.0,0.0
2013-10-10 03:35:00,1272848.0,0.0301029996659,0,0.0,0.0,0.0
2013-10-10 03:40:00,1383750.2,0.0301029996659,0,0.0,0.0,0.0
2013-10-10 03:45:00,973746.4,0.0301029996659,0,0.0,0.0,0.0
2013-10-10 03:50:00,1240975.6,0.0301029996659,0,0.0,0.0,0.0
2013-10-10 03:55:00,1022294.6,0.0301029996659,0,0.0,0.0,0.0
2013-10-10 04:00:00,1794335.0,0.0301029996659,0,0.0,0.0,0.0
2013-10-10 04:05:00,1261058.8,0.0301029996659,0,0.0,0.0,0.0
2013-10-10 04:10:00,1260534.4,0.0301029996659,0,0.0,0.0,0.0
2013-10-10 04:15:00,1064257.4,0.0301029996659,0,0.0,0.0,0.0
2013-10-10 04:20:00,1027933.8,0.0301029996659,0,0.0,0.0,0.0
2013-10-10 04:25:00,959238.6,0.0301029996659,0,0.0,0.0,0.0
2013-10-10 04:30:00,955490.2,0.0301029996659,0,0.0,0.0,0.0
2013-10-10 04:35:00,1219726.6,0.0301029996659,0,0.0,0.0,0.0
2013-10-10 04:40:00,944099.2,0.0301029996659,0,0.0,0.0,0.0
2013-10-10 04:45:00,789781.0,0.0301029996659,0,0.0,0.0,0.0
2013-10-10 04:50:00,1506217.2,0.0301029996659,0,0.0,0.0,0.0
2013-10-10 04:55:00,1009633.4,0.0301029996659,0,0.0,0.0,0.0
2013-10-10 05:00:00,1910032.4,0.0301029996659,0,0.0,0.0,0.0
2013-10-10 05:05:00,1004299.4,0.0301029996659,0,0.0,0.0,0.0
2013-10-10 05:10:00,800122.2,0.0301029996659,0,0.0,0.0,0.0
2013-10-10 05:15:00,1414346.8,0.0301029996659,0,0.0,0.0,0.0
2013-10-10 05:20:00,1114365.6,0.0301029996659,0,0.0,0.0,0.0
2013-10-10 05:25:00,1222933.0,0.0301029996659,0,0.0,0.0,0.0
2013-10-10 05:30:00,1177306.6,0.0301029996659,0,0.0,0.0,0.0
2013-10-10 05:35:00,936231.0,0.0301029996659,0,0.0,0.0,0.0
2013-10-10 05:40:00,1086114.8,0.0301029996659,0,0.0,0.0,0.0
2013-10-10 05:45:00,865114.8,0.0301029996659,0,0.0,0.0,0.0
2013-10-10 05:50:00,1058657.6,0.0301029996659,0,0.0,0.0,0.0
2013-10-10 05:55:00,1002185.8,0.0301029996659,0,0.0,0.0,0.0
2013-10-10 06:00:00,1487688.6,0.0301029996659,0,0.0,0.0,0.0
2013-10-10 06:05:00,1031687.8,0.0301029996659,0,0.0,0.0,0.0
2013-10-10 06:10:00,821456.4,0.0301029996659,0,0.0,0.0,0.0
2013-10-10 06:15:00,898685.4,0.0301029996659,0,0.0,0.0,0.0
2013-10-10 06:20:00,920632.8,0.0301029996659,0,0.0,0.0,0.0
2013-10-10 06:25:00,1260650.8,0.0301029996659,0,0.0,0.0,0.0
2013-10-10 06:30:00,1028933.8,0.0301029996659,0,0.0,0.0,0.0
2013-10-10 06:35:00,792172.0,0.0301029996659,0,0.0,0.0,0.0
2013-10-10 06:40:00,936512.8,0.0301029996659,0,0.0,0.0,0.0
2013-10-10 06:45:00,1188596.2,0.0301029996659,0,0.0,0.0,0.0
2013-10-10 06:50:00,1166070.0,0.0301029996659,0,0.0,0.0,0.0
2013-10-10 06:55:00,924183.8,0.0301029996659,0,0.0,0.0,0.0
2013-10-10 07:00:00,1702998.0,0.0301029996659,0,0.0,0.0,0.0
2013-10-10 07:05:00,2861705.2,0.0301029996659,0,0.0,0.0,0.0
2013-10-10 07:10:00,1146903.4,0.0301029996659,0,0.0,0.0,0.0
2013-10-10 07:15:00,1051866.2,0.0301029996659,0,0.0,0.0,0.0
2013-10-10 07:20:00,1196833.4,0.0301029996659,0,0.0,0.0,0.0
2013-10-10 07:25:00,1439759.4,0.0301029996659,0,0.0,0.0,0.0
2013-10-10 07:30:00,1084365.8,0.0301029996659,0,0.0,0.0,0.0
2013-10-10 07:35:00,1227197.8,0.0301029996659,0,0.0,0.0,0.0
2013-10-10 07:40:00,951286.8,0.0301029996659,0,0.0,0.0,0.0
2013-10-10 07:45:00,909773.0,0.0301029996659,0,0.0,0.0,0.0
2013-10-10 07:50:00,1673980.6,0.0301029996659,0,0.0,0.0,0.0
2013-10-10 07:55:00,1239774.4,0.00153593367084,0,0.0,0.0,0.0
2013-10-10 08:00:00,1623926.4,0.00138088094298,0,0.0,0.0,0.0
2013-10-10 08:05:00,1899871.8,0.0012202160964,0,0.0,0.0,0.0
2013-10-10 08:10:00,1061869.4,0.00116646943201,0,0.0,0.0,0.0
2013-10-10 08:15:00,1169978.4,0.00114236996331,0,0.0,0.0,0.0
2013-10-10 08:20:00,1309258.8,0.00105113097164,0,0.0,0.0,0.0
2013-10-10 08:25:00,1400611.4,0.0010008705763,0,0.0,0.0,0.0
2013-10-10 08:30:00,1478794.0,0.000905474902385,0,0.0,0.0,0.0
2013-10-10 08:35:00,1154915.6,0.000822069403615,0,0.0,0.0,0.0
2013-10-10 08:40:00,1119468.6,0.000822069403615,0,0.0,0.0,0.0
2013-10-10 08:45:00,1315528.4,0.000802828881067,0,0.0,0.0,0.0
2013-10-10 08:50:00,1316311.2,0.000802828881067,0,0.0,0.0,0.0
2013-10-10 08:55:00,1252876.6,0.000802828881067,0,0.0,0.0,0.0
2013-10-10 09:00:00,1611319.6,0.000774698744032,0,0.0,0.0,0.0
2013-10-10 09:05:00,1874347.2,0.00242536521479,0,0.0,0.0,0.0
2013-10-10 09:10:00,7734377.8,0.00242536521479,0,0.0,0.0,0.0
2013-10-10 09:15:00,21326575.6,0.00242536521479,0,0.0,0.0,0.0
2013-10-10 09:20:00,34239448.6,0.00242536521479,0,0.0,0.0,0.0
2013-10-10 09:25:00,39717876.0,0.00242536521479,0,0.0,0.0,0.0
2013-10-10 09:30:00,41614284.6,0.00242536521479,0,0.0,0.0,0.0
2013-10-10 09:35:00,46141497.6,0.00242536521479,0,0.0,0.0,0.0
2013-10-10 09:40:00,36632762.0,0.00242536521479,0,0.0,0.0,0.0
2013-10-10 09:45:00,22884266.2,0.00242536521479,0,0.0,0.0,0.0
2013-10-10 09:50:00,18195488.2,0.00242536521479,0,0.0,0.0,0.0
2013-10-10 09:55:00,14726156.8,0.00242536521479,0,0.0,0.0,0.0
2013-10-10 10:00:00,13021075.2,0.00242536521479,0,0.0,0.0,0.0
2013-10-10 10:05:00,12199362.0,0.00242536521479,0,0.0,0.0,0.0
2013-10-10 10:10:00,10825948.6,0.00242536521479,0,0.0,0.0,0.0
2013-10-10 10:15:00,9548127.6,0.00242536521479,0,0.0,0.0,0.0
2013-10-10 10:20:00,8109072.2,0.00242536521479,0,0.0,0.0,0.0
2013-10-10 10:25:00,8925800.4,0.00242536521479,0,0.0,0.0,0.0
2013-10-10 10:30:00,7765588.0,0.00242536521479,0,0.0,0.0,0.0
2013-10-10 10:35:00,6306836.6,0.00254546304466,1,-1.0,-2.0,-1.0
2013-10-10 10:40:00,6912175.4,0.00254546304466,1,0.0,0.0,0.0
2013-10-10 10:45:00,8497172.4,0.00254546304466,1,0.0,0.0,0.0
2013-10-10 10:50:00,9570483.4,0.00254546304466,1,0.0,0.0,0.0
2013-10-10 10:55:00,10766459.6,0.00254546304466,1,0.0,0.0,0.0
2013-10-10 11:00:00,11728221.2,0.00254546304466,1,0.0,0.0,0.0
2013-10-10 11:05:00,12230082.2,0.00254546304466,1,0.0,0.0,0.0
2013-10-10 11:10:00,12685043.6,0.00254546304466,1,0.0,0.0,0.0
2013-10-10 11:15:00,13446408.0,0.00254546304466,1,0.0,0.0,0.0
2013-10-10 11:20:00,13995080.6,0.00254546304466,1,0.0,0.0,0.0
2013-10-10 11:25:00,14218029.8,0.00242536521479,1,0.0,0.0,0.0
2013-10-10 11:30:00,13467919.2,0.00242536521479,1,0.0,0.0,0.0
2013-10-10 11:35:00,13460836.0,0.00242536521479,1,0.0,0.0,0.0
2013-10-10 11:40:00,13809836.0,0.00242536521479,1,0.0,0.0,0.0
2013-10-10 11:45:00,14009019.0,0.00242536521479,1,0.0,0.0,0.0
2013-10-10 11:50:00,13084023.6,0.00242536521479,1,0.0,0.0,0.0
2013-10-10 11:55:00,12709564.2,0.00242536521479,1,0.0,0.0,0.0
2013-10-10 12:00:00,12814870.4,0.00242536521479,1,0.0,0.0,0.0
2013-10-10 12:05:00,11877359.0,0.00242536521479,1,0.0,0.0,0.0
2013-10-10 12:10:00,11696078.2,0.00242536521479,1,0.0,0.0,0.0
2013-10-10 12:15:00,11996982.8,0.00242536521479,1,0.0,0.0,0.0
2013-10-10 12:20:00,11997259.8,0.00242536521479,1,0.0,0.0,0.0
2013-10-10 12:25:00,11376455.0,0.00242536521479,1,0.0,0.0,0.0
2013-10-10 12:30:00,11210009.4,0.00242536521479,1,0.0,0.0,0.0
2013-10-10 12:35:00,9479133.6,0.00242536521479,1,0.0,0.0,0.0
2013-10-10 12:40:00,8772188.6,0.00242536521479,1,0.0,0.0,0.0
2013-10-10 12:45:00,7232056.8,0.00242536521479,1,0.0,0.0,0.0
2013-10-10 12:50:00,5023842.2,0.00242536521479,1,0.0,0.0,0.0
2013-10-10 12:55:00,4625737.4,0.00242536521479,1,0.0,0.0,0.0
2013-10-10 13:00:00,4001864.8,0.00242536521479,1,0.0,0.0,0.0
2013-10-10 13:05:00,3590778.4,0.00242536521479,1,0.0,0.0,0.0
2013-10-10 13:10:00,3459420.2,0.00242536521479,1,0.0,0.0,0.0
2013-10-10 13:15:00,4111032.6,0.00242536521479,1,0.0,0.0,0.0
2013-10-10 13:20:00,4421097.4,0.00242790769935,1,0.0,0.0,0.0
2013-10-10 13:25:00,4455026.0,0.00242790769935,1,0.0,0.0,0.0
2013-10-10 13:30:00,7491621.6,0.00242790769935,1,0.0,0.0,0.0
2013-10-10 13:35:00,6655292.6,0.00242790769935,1,0.0,0.0,0.0
2013-10-10 13:40:00,5443550.2,0.00242790769935,1,0.0,0.0,0.0
2013-10-10 13:45:00,6155358.2,0.00242790769935,1,0.0,0.0,0.0
2013-10-10 13:50:00,6492683.4,0.00242790769935,1,0.0,0.0,0.0
2013-10-10 13:55:00,6950044.0,0.00242790769935,1,0.0,0.0,0.0
2013-10-10 14:00:00,6841478.0,0.00242790769935,1,0.0,0.0,0.0
2013-10-10 14:05:00,6484278.0,0.00242790769935,1,0.0,0.0,0.0
2013-10-10 14:10:00,6224288.0,0.00242536521479,1,0.0,0.0,0.0
2013-10-10 14:15:00,6695084.8,0.00242536521479,1,0.0,0.0,0.0
2013-10-10 14:20:00,6520807.0,0.00242536521479,1,0.0,0.0,0.0
2013-10-10 14:25:00,4169085.8,0.00242536521479,1,0.0,0.0,0.0
2013-10-10 14:30:00,3935875.6,0.00242536521479,1,0.0,0.0,0.0
2013-10-10 14:35:00,3871600.0,0.00242536521479,1,0.0,0.0,0.0
2013-10-10 14:40:00,4002291.2,0.00242536521479,1,0.0,0.0,0.0
2013-10-10 14:45:00,3947186.2,0.00242536521479,1,0.0,0.0,0.0
2013-10-10 14:50:00,4353851.6,0.00242536521479,1,0.0,0.0,0.0
2013-10-10 14:55:00,4353784.6,0.00242536521479,1,0.0,0.0,0.0
2013-10-10 15:00:00,5099945.0,0.00242536521479,1,0.0,0.0,0.0
2013-10-10 15:05:00,5771032.8,0.00242536521479,1,0.0,0.0,0.0
2013-10-10 15:10:00,6843186.0,0.00242536521479,1,0.0,0.0,0.0
2013-10-10 15:15:00,5279036.4,0.00242536521479,1,0.0,0.0,0.0
2013-10-10 15:20:00,6496034.2,0.00242536521479,1,0.0,0.0,0.0
2013-10-10 15:25:00,4476881.4,0.00242828438829,1,0.0,0.0,0.0
2013-10-10 15:30:00,7500000.4,0.00242828438829,1,0.0,0.0,0.0
2013-10-10 15:35:00,4549360.8,0.00242828438829,1,0.0,0.0,0.0
2013-10-10 15:40:00,4837703.4,0.00242828438829,1,0.0,0.0,0.0
2013-10-10 15:45:00,5145406.0,0.00242828438829,1,0.0,0.0,0.0
2013-10-10 15:50:00,5235980.4,0.00242828438829,0,0.0,0.0,0.0
2013-10-10 15:55:00,4608298.0,0.00242828438829,0,0.0,0.0,0.0
2013-10-10 16:00:00,4648481.0,0.00242828438829,0,0.0,0.0,0.0
2013-10-10 16:05:00,5222922.0,0.00242828438829,0,0.0,0.0,0.0
2013-10-10 16:10:00,5018915.4,0.00242828438829,0,0.0,0.0,0.0
2013-10-10 16:15:00,6171433.4,0.00242536521479,0,0.0,0.0,0.0
2013-10-10 16:20:00,5202479.8,0.00242536521479,0,0.0,0.0,0.0
2013-10-10 16:25:00,3324062.0,0.00242536521479,0,0.0,0.0,0.0
2013-10-10 16:30:00,5081782.8,0.00242536521479,0,0.0,0.0,0.0
2013-10-10 16:35:00,4249074.6,0.00242536521479,0,0.0,0.0,0.0
2013-10-10 16:40:00,4199818.6,0.00242536521479,0,0.0,0.0,0.0
2013-10-10 16:45:00,5219494.2,0.00242536521479,0,0.0,0.0,0.0
2013-10-10 16:50:00,4694730.2,0.00242536521479,0,0.0,0.0,0.0
2013-10-10 16:55:00,6152926.2,0.00242536521479,0,0.0,0.0,0.0
2013-10-10 17:00:00,5550911.8,0.00242536521479,0,0.0,0.0,0.0
2013-10-10 17:05:00,4896396.0,0.00242536521479,0,0.0,0.0,0.0
2013-10-10 17:10:00,5670213.8,0.00242536521479,0,0.0,0.0,0.0
2013-10-10 17:15:00,4850725.4,0.00242536521479,0,0.0,0.0,0.0
2013-10-10 17:20:00,4571890.4,0.00242536521479,0,0.0,0.0,0.0
2013-10-10 17:25:00,4536476.8,0.0107962808147,0,0.0,0.0,0.0
2013-10-10 17:30:00,4437847.2,0.0107962808147,0,0.0,0.0,0.0
2013-10-10 17:35:00,5375253.2,0.0107962808147,0,0.0,0.0,0.0
2013-10-10 17:40:00,4312917.2,0.0107962808147,0,0.0,0.0,0.0
2013-10-10 17:45:00,3983407.8,0.0107962808147,0,0.0,0.0,0.0
2013-10-10 17:50:00,4300847.6,0.0107962808147,0,0.0,0.0,0.0
2013-10-10 17:55:00,4406236.0,0.0107962808147,0,0.0,0.0,0.0
2013-10-10 18:00:00,4374796.8,0.0107962808147,0,0.0,0.0,0.0
2013-10-10 18:05:00,3936344.4,0.0107962808147,1,-1.0,-2.0,-1.0
2013-10-10 18:10:00,3846504.4,0.0107962808147,1,0.0,0.0,0.0
2013-10-10 18:15:00,3692155.2,0.0107962808147,1,0.0,0.0,0.0
2013-10-10 18:20:00,3217057.0,0.0107962808147,1,0.0,0.0,0.0
2013-10-10 18:25:00,3820828.8,0.0107962808147,1,0.0,0.0,0.0
2013-10-10 18:30:00,4718348.6,0.0107962808147,1,0.0,0.0,0.0
2013-10-10 18:35:00,3415757.8,0.0107962808147,1,0.0,0.0,0.0
2013-10-10 18:40:00,4203280.8,0.0125590926019,1,0.0,0.0,0.0
2013-10-10 18:45:00,3655304.0,0.012841265011,1,0.0,0.0,0.0
2013-10-10 18:50:00,3335873.0,0.0160412903821,1,0.0,0.0,0.0
2013-10-10 18:55:00,3137363.0,0.0160412903821,1,0.0,0.0,0.0
2013-10-10 19:00:00,3636906.4,0.0171220357458,1,0.0,0.0,0.0
2013-10-10 19:05:00,3469994.6,0.0171220357458,1,0.0,0.0,0.0
2013-10-10 19:10:00,3291118.6,0.0171220357458,1,0.0,0.0,0.0
2013-10-10 19:15:00,3582063.0,0.0171220357458,1,0.0,0.0,0.0
2013-10-10 19:20:00,3177593.0,0.0171220357458,1,0.0,0.0,0.0
2013-10-10 19:25:00,3183260.8,0.0171656260041,1,0.0,0.0,0.0
2013-10-10 19:30:00,2701991.8,0.0149342870293,1,0.0,0.0,0.0
2013-10-10 19:35:00,2756069.0,0.0146186393797,1,0.0,0.0,0.0
2013-10-10 19:40:00,3424595.0,0.0116371475686,1,0.0,0.0,0.0
2013-10-10 19:45:00,2716830.0,0.0116371475686,1,0.0,0.0,0.0
2013-10-10 19:50:00,2595576.6,0.0108272622327,1,0.0,0.0,0.0
2013-10-10 19:55:00,3246679.0,0.0108272622327,1,0.0,0.0,0.0
2013-10-10 20:00:00,2800273.6,0.0108272622327,1,0.0,0.0,0.0
2013-10-10 20:05:00,2484272.0,0.0108272622327,1,0.0,0.0,0.0
2013-10-10 20:10:00,2227412.4,0.0108272622327,1,0.0,0.0,0.0
2013-10-10 20:15:00,2684762.6,0.0107962808147,1,0.0,0.0,0.0
2013-10-10 20:20:00,3560943.0,0.0107962808147,1,0.0,0.0,0.0
2013-10-10 20:25:00,3986034.8,0.0107962808147,1,0.0,0.0,0.0
2013-10-10 20:30:00,4382304.2,0.0107962808147,1,0.0,0.0,0.0
2013-10-10 20:35:00,6511585.2,0.0107962808147,1,0.0,0.0,0.0
2013-10-10 20:40:00,13757010.4,0.0107962808147,1,0.0,0.0,0.0
2013-10-10 20:45:00,9203809.4,0.0107962808147,1,0.0,0.0,0.0
2013-10-10 20:50:00,5384941.6,0.0107962808147,1,0.0,0.0,0.0
2013-10-10 20:55:00,3715801.6,0.0108816098624,1,0.0,0.0,0.0
2013-10-10 21:00:00,3076906.8,0.0151853340378,1,0.0,0.0,0.0
2013-10-10 21:05:00,2981824.0,0.0151853340378,1,0.0,0.0,0.0
2013-10-10 21:10:00,2508304.8,0.015637929684,1,0.0,0.0,0.0
2013-10-10 21:15:00,2873027.0,0.015637929684,1,0.0,0.0,0.0
2013-10-10 21:20:00,2736929.8,0.0231608244122,1,0.0,0.0,0.0
2013-10-10 21:25:00,2852624.6,0.0472636122156,1,0.0,0.0,0.0
2013-10-10 21:30:00,2597563.6,0.0506649920704,1,0.0,0.0,0.0
2013-10-10 21:35:00,2299805.4,0.0509784428934,1,0.0,0.0,0.0
2013-10-10 21:40:00,2124006.6,0.0509784428934,1,0.0,0.0,0.0
2013-10-10 21:45:00,1843232.8,0.0519498356765,1,0.0,0.0,0.0
2013-10-10 21:50:00,2516452.4,0.0413608609488,1,0.0,0.0,0.0
2013-10-10 21:55:00,2635773.2,0.0432938837861,1,0.0,0.0,0.0
2013-10-10 22:00:00,2934168.6,0.0438379796172,1,0.0,0.0,0.0
2013-10-10 22:05:00,3165361.2,0.0457067449879,1,0.0,0.0,0.0
2013-10-10 22:10:00,2596034.8,0.0333047719067,1,0.0,0.0,0.0
2013-10-10 22:15:00,2365396.2,0.0154099040509,1,0.0,0.0,0.0
2013-10-10 22:20:00,2410592.4,0.0140670887017,1,0.0,0.0,0.0
2013-10-10 22:25:00,2411177.2,0.0140642174907,1,0.0,0.0,0.0
2013-10-10 22:30:00,2817637.0,0.0140642174907,1,0.0,0.0,0.0
2013-10-10 22:35:00,2420126.0,0.0135751605331,1,0.0,0.0,0.0
2013-10-10 22:40:00,2087740.6,0.0135635170818,1,0.0,0.0,0.0
2013-10-10 22:45:00,1964231.0,0.0127190358652,1,0.0,0.0,0.0
2013-10-10 22:50:00,2010772.4,0.0126212967335,1,0.0,0.0,0.0
2013-10-10 22:55:00,1781298.8,0.0125824346188,1,0.0,0.0,0.0
2013-10-10 23:00:00,2799522.0,0.0125824346188,1,0.0,0.0,0.0
2013-10-10 23:05:00,2338843.0,0.0133690579567,1,0.0,0.0,0.0
2013-10-10 23:10:00,1943066.8,0.013923289888,1,0.0,0.0,0.0
2013-10-10 23:15:00,2518236.8,0.0138000010802,1,0.0,0.0,0.0
2013-10-10 23:20:00,3359710.8,0.0138000010802,0,0.0,0.0,0.0
2013-10-10 23:25:00,2119819.4,0.0144657115463,0,0.0,0.0,0.0
2013-10-10 23:30:00,2216677.4,0.014640279689,0,0.0,0.0,0.0
2013-10-10 23:35:00,1922451.0,0.0151226699068,0,0.0,0.0,0.0
2013-10-10 23:40:00,2131340.4,0.0151416007751,0,0.0,0.0,0.0
2013-10-10 23:45:00,2174178.6,0.0160300165848,0,0.0,0.0,0.0
2013-10-10 23:50:00,2053342.8,0.0261234950576,0,0.0,0.0,0.0
2013-10-10 23:55:00,2500698.4,0.0241548285398,0,0.0,0.0,0.0
2013-10-11 00:00:00,2345290.8,0.0326574291205,0,0.0,0.0,0.0
2013-10-11 00:05:00,2157204.4,0.0552041446691,0,0.0,0.0,0.0
2013-10-11 00:10:00,2458691.2,0.0648679101969,0,0.0,0.0,0.0
2013-10-11 00:15:00,2451451.4,0.0686886484805,0,0.0,0.0,0.0
2013-10-11 00:20:00,2074059.4,0.0681805320721,0,0.0,0.0,0.0
2013-10-11 00:25:00,2823709.6,0.0764503970036,0,0.0,0.0,0.0
2013-10-11 00:30:00,3076168.6,0.074604232123,0,0.0,0.0,0.0
2013-10-11 00:35:00,2733595.0,0.0865070538135,0,0.0,0.0,0.0
2013-10-11 00:40:00,2627582.6,0.0659206810139,0,0.0,0.0,0.0
2013-10-11 00:45:00,2571875.4,0.0659206810139,0,0.0,0.0,0.0
2013-10-11 00:50:00,2763043.4,0.0502853917844,0,0.0,0.0,0.0
2013-10-11 00:55:00,3373233.6,0.0325065198239,0,0.0,0.0,0.0
2013-10-11 01:00:00,2596747.2,0.0268313435191,0,0.0,0.0,0.0
2013-10-11 01:05:00,2573697.0,0.0238310206039,0,0.0,0.0,0.0
2013-10-11 01:10:00,2585580.8,0.0248899086803,0,0.0,0.0,0.0
2013-10-11 01:15:00,2926060.2,0.0218337582002,0,0.0,0.0,0.0
2013-10-11 01:20:00,2721994.2,0.0219611945041,0,0.0,0.0,0.0
2013-10-11 01:25:00,2826090.8,0.0155750604413,0,0.0,0.0,0.0
2013-10-11 01:30:00,3175531.0,0.0144433954684,0,0.0,0.0,0.0
2013-10-11 01:35:00,2783067.4,0.0144433954684,0,0.0,0.0,0.0
2013-10-11 01:40:00,2646577.8,0.0144433954684,0,0.0,0.0,0.0
2013-10-11 01:45:00,2249622.8,0.0139622164948,0,0.0,0.0,0.0
2013-10-11 01:50:00,2380653.2,0.0141950965418,0,0.0,0.0,0.0
2013-10-11 01:55:00,3353167.8,0.0152629111115,0,0.0,0.0,0.0
2013-10-11 02:00:00,2691037.4,0.0372880263191,0,0.0,0.0,0.0
2013-10-11 02:05:00,2815953.6,0.0386615165816,0,0.0,0.0,0.0
2013-10-11 02:10:00,2388228.8,0.0487182605266,0,0.0,0.0,0.0
2013-10-11 02:15:00,2607510.2,0.0499888016824,0,0.0,0.0,0.0
2013-10-11 02:20:00,2258206.2,0.0557520118918,0,0.0,0.0,0.0
2013-10-11 02:25:00,2119898.0,0.0609555368524,0,0.0,0.0,0.0
2013-10-11 02:30:00,2234826.6,0.06447404421,0,0.0,0.0,0.0
2013-10-11 02:35:00,2029213.0,0.0630982317006,0,0.0,0.0,0.0
2013-10-11 02:40:00,2022639.2,0.0618168899444,0,0.0,0.0,0.0
2013-10-11 02:45:00,2477133.0,0.0589748529556,0,0.0,0.0,0.0
2013-10-11 02:50:00,2322718.8,0.0262943047086,0,0.0,0.0,0.0
2013-10-11 02:55:00,2451926.6,0.0235349412111,0,0.0,0.0,0.0
2013-10-11 03:00:00,3751994.8,0.0174612456498,0,0.0,0.0,0.0
2013-10-11 03:05:00,3835848.4,0.0168517415366,0,0.0,0.0,0.0
2013-10-11 03:10:00,4605135.8,0.014296665521,0,0.0,0.0,0.0
2013-10-11 03:15:00,2598200.0,0.0124366375966,0,0.0,0.0,0.0
2013-10-11 03:20:00,2721577.4,0.0113365954239,0,0.0,0.0,0.0
2013-10-11 03:25:00,2402112.2,0.0113365954239,0,0.0,0.0,0.0
2013-10-11 03:30:00,2573645.6,0.0113365954239,0,0.0,0.0,0.0
2013-10-11 03:35:00,1869702.6,0.0113365954239,0,0.0,0.0,0.0
2013-10-11 03:40:00,2195341.8,0.013024921361,0,0.0,0.0,0.0
2013-10-11 03:45:00,2179106.2,0.013024921361,0,0.0,0.0,0.0
2013-10-11 03:50:00,2224773.8,0.013024921361,0,0.0,0.0,0.0
2013-10-11 03:55:00,2051167.2,0.0131822891935,0,0.0,0.0,0.0
2013-10-11 04:00:00,2076078.6,0.0160710960486,0,0.0,0.0,0.0
2013-10-11 04:05:00,2338487.0,0.01624808674,0,0.0,0.0,0.0
2013-10-11 04:10:00,2322368.6,0.01624808674,0,0.0,0.0,0.0
2013-10-11 04:15:00,2213996.4,0.0163036683955,0,0.0,0.0,0.0
2013-10-11 04:20:00,1960851.4,0.0180524246557,0,0.0,0.0,0.0
2013-10-11 04:25:00,2122598.6,0.0180524246557,0,0.0,0.0,0.0
2013-10-11 04:30:00,2050746.2,0.0162292556138,0,0.0,0.0,0.0
2013-10-11 04:35:00,1663046.4,0.0162602073887,0,0.0,0.0,0.0
2013-10-11 04:40:00,1939977.0,0.0162602073887,0,0.0,0.0,0.0
2013-10-11 04:45:00,1737724.6,0.016076480634,0,0.0,0.0,0.0
2013-10-11 04:50:00,2021960.8,0.0135774303341,0,0.0,0.0,0.0
2013-10-11 04:55:00,2004803.6,0.0134223815833,0,0.0,0.0,0.0
2013-10-11 05:00:00,2166114.6,0.0134223815833,0,0.0,0.0,0.0
2013-10-11 05:05:00,1853609.6,0.0133742154288,0,0.0,0.0,0.0
2013-10-11 05:10:00,1976750.8,0.0120338582613,0,0.0,0.0,0.0
2013-10-11 05:15:00,2105559.2,0.0144873926672,0,0.0,0.0,0.0
2013-10-11 05:20:00,1761453.0,0.0154965943425,0,0.0,0.0,0.0
2013-10-11 05:25:00,2153253.4,0.017143975457,0,0.0,0.0,0.0
2013-10-11 05:30:00,1780847.8,0.0185252185284,0,0.0,0.0,0.0
2013-10-11 05:35:00,2041699.2,0.0246849344893,0,0.0,0.0,0.0
2013-10-11 05:40:00,1819123.4,0.0240819795518,0,0.0,0.0,0.0
2013-10-11 05:45:00,1892495.8,0.0241270049827,0,0.0,0.0,0.0
2013-10-11 05:50:00,2131994.0,0.0260442096117,0,0.0,0.0,0.0
2013-10-11 05:55:00,2037706.0,0.0265264300686,0,0.0,0.0,0.0
2013-10-11 06:00:00,2019189.0,0.0264241798951,0,0.0,0.0,0.0
2013-10-11 06:05:00,1799215.4,0.0236351915006,0,0.0,0.0,0.0
2013-10-11 06:10:00,1805860.4,0.0227884838617,0,0.0,0.0,0.0
2013-10-11 06:15:00,1768089.2,0.0207229734349,0,0.0,0.0,0.0
2013-10-11 06:20:00,2498414.8,0.0215174907287,0,0.0,0.0,0.0
2013-10-11 06:25:00,2238022.2,0.0204841135108,0,0.0,0.0,0.0
2013-10-11 06:30:00,2159250.6,0.0205150718261,0,0.0,0.0,0.0
2013-10-11 06:35:00,2639714.6,0.0212009745417,0,0.0,0.0,0.0
2013-10-11 06:40:00,2171903.2,0.0208966398847,0,0.0,0.0,0.0
2013-10-11 06:45:00,2519590.8,0.0218667826624,0,0.0,0.0,0.0
2013-10-11 06:50:00,2841035.4,0.0218667826624,0,0.0,0.0,0.0
2013-10-11 06:55:00,2955063.4,0.0208817057476,0,0.0,0.0,0.0
2013-10-11 07:00:00,2999436.2,0.0199936529569,0,0.0,0.0,0.0
2013-10-11 07:05:00,3614117.4,0.020033870383,0,0.0,0.0,0.0
2013-10-11 07:10:00,3138828.0,0.0178570895274,0,0.0,0.0,0.0
2013-10-11 07:15:00,2943885.2,0.013994121528,0,0.0,0.0,0.0
2013-10-11 07:20:00,3058868.2,0.013970689197,0,0.0,0.0,0.0
2013-10-11 07:25:00,3485896.2,0.0141387861551,0,0.0,0.0,0.0
2013-10-11 07:30:00,3034602.4,0.0137259900845,0,0.0,0.0,0.0
2013-10-11 07:35:00,3229994.2,0.0136522478666,0,0.0,0.0,0.0
2013-10-11 07:40:00,3210041.0,0.0137624014262,0,0.0,0.0,0.0
2013-10-11 07:45:00,3268730.4,0.0154941898783,0,0.0,0.0,0.0
2013-10-11 07:50:00,4081030.8,0.0154941898783,0,0.0,0.0,0.0
2013-10-11 07:55:00,4146895.2,0.015885693236,0,0.0,0.0,0.0
2013-10-11 08:00:00,3599528.0,0.015885693236,0,0.0,0.0,0.0
2013-10-11 08:05:00,3779623.6,0.0157523801373,0,0.0,0.0,0.0
2013-10-11 08:10:00,3734695.8,0.0159223049757,0,0.0,0.0,0.0
2013-10-11 08:15:00,3843868.2,0.0244565123381,0,0.0,0.0,0.0
2013-10-11 08:20:00,3627613.4,0.030952625372,0,0.0,0.0,0.0
2013-10-11 08:25:00,3246938.2,0.0302345640663,0,0.0,0.0,0.0
2013-10-11 08:30:00,3139698.4,0.0300407811876,0,0.0,0.0,0.0
2013-10-11 08:35:00,3022623.2,0.027911836612,0,0.0,0.0,0.0
2013-10-11 08:40:00,3175430.4,0.027911836612,0,0.0,0.0,0.0
2013-10-11 08:45:00,2937446.6,0.0272749430112,0,0.0,0.0,0.0
2013-10-11 08:50:00,2705773.0,0.0273945276753,0,0.0,0.0,0.0
2013-10-11 08:55:00,2281336.2,0.0272364502655,0,0.0,0.0,0.0
2013-10-11 09:00:00,2721626.8,0.0279548881564,0,0.0,0.0,0.0
2013-10-11 09:05:00,2526060.2,0.0176552824215,0,0.0,0.0,0.0
2013-10-11 09:10:00,1943263.0,0.0127842533457,0,0.0,0.0,0.0
2013-10-11 09:15:00,2115264.8,0.0122920523473,0,0.0,0.0,0.0
2013-10-11 09:20:00,1716114.6,0.0122920523473,0,0.0,0.0,0.0
2013-10-11 09:25:00,1689399.4,0.0120849042351,0,0.0,0.0,0.0
2013-10-11 09:30:00,1614255.4,0.0120849042351,0,0.0,0.0,0.0
2013-10-11 09:35:00,1586300.6,0.0125155466243,0,0.0,0.0,0.0
2013-10-11 09:40:00,1945050.0,0.0129361569332,0,0.0,0.0,0.0
2013-10-11 09:45:00,1419494.6,0.0129361569332,0,0.0,0.0,0.0
2013-10-11 09:50:00,2052665.4,0.0127123465213,0,0.0,0.0,0.0
2013-10-11 09:55:00,1503766.4,0.0132607831174,0,0.0,0.0,0.0
2013-10-11 10:00:00,1425593.8,0.0139313768688,0,0.0,0.0,0.0
2013-10-11 10:05:00,1564241.2,0.0146198464528,0,0.0,0.0,0.0
2013-10-11 10:10:00,1445060.2,0.0156012164007,0,0.0,0.0,0.0
2013-10-11 10:15:00,1402325.6,0.0167158366074,0,0.0,0.0,0.0
2013-10-11 10:20:00,1630047.2,0.0167158366074,0,0.0,0.0,0.0
2013-10-11 10:25:00,1315837.2,0.0196665598564,0,0.0,0.0,0.0
2013-10-11 10:30:00,1399811.8,0.0189281771583,0,0.0,0.0,0.0
2013-10-11 10:35:00,1653111.4,0.0189281771583,0,0.0,0.0,0.0
2013-10-11 10:40:00,1317575.4,0.0190340911652,0,0.0,0.0,0.0
2013-10-11 10:45:00,1333332.8,0.021234135714,0,0.0,0.0,0.0
2013-10-11 10:50:00,1646857.6,0.0202202426252,0,0.0,0.0,0.0
2013-10-11 10:55:00,1436422.6,0.0284868812034,0,0.0,0.0,0.0
2013-10-11 11:00:00,1447339.2,0.0281274020244,0,0.0,0.0,0.0
2013-10-11 11:05:00,1613220.4,0.0265015414516,0,0.0,0.0,0.0
2013-10-11 11:10:00,1662310.2,0.0265015414516,0,0.0,0.0,0.0
2013-10-11 11:15:00,1545840.2,0.0220896515039,0,0.0,0.0,0.0
2013-10-11 11:20:00,2411798.8,0.024577709873,0,0.0,0.0,0.0
2013-10-11 11:25:00,2392206.4,0.027603985024,0,0.0,0.0,0.0
2013-10-11 11:30:00,2101047.4,0.0268260512878,0,0.0,0.0,0.0
2013-10-11 11:35:00,1488686.2,0.0252393400759,0,0.0,0.0,0.0
2013-10-11 11:40:00,2004115.6,0.0255451407335,0,0.0,0.0,0.0
2013-10-11 11:45:00,1691222.6,0.0206373952653,0,0.0,0.0,0.0
2013-10-11 11:50:00,2059449.4,0.0211485733323,0,0.0,0.0,0.0
2013-10-11 11:55:00,2161052.6,0.0208754201866,0,0.0,0.0,0.0
2013-10-11 12:00:00,2587023.0,0.0208754201866,0,0.0,0.0,0.0
2013-10-11 12:05:00,3038556.8,0.0208754201866,0,0.0,0.0,0.0
2013-10-11 12:10:00,3019801.6,0.0186650826388,0,0.0,0.0,0.0
2013-10-11 12:15:00,3016383.4,0.0163877018785,0,0.0,0.0,0.0
2013-10-11 12:20:00,3488911.0,0.0163899051795,0,0.0,0.0,0.0
2013-10-11 12:25:00,3639406.4,0.015061718024,0,0.0,0.0,0.0
2013-10-11 12:30:00,4288769.2,0.0153153049312,0,0.0,0.0,0.0
2013-10-11 12:35:00,4508238.6,0.0129969932416,0,0.0,0.0,0.0
2013-10-11 12:40:00,3876246.2,0.011992722525,0,0.0,0.0,0.0
2013-10-11 12:45:00,3620962.8,0.011992722525,0,0.0,0.0,0.0
2013-10-11 12:50:00,4616707.2,0.011992722525,0,0.0,0.0,0.0
2013-10-11 12:55:00,4108598.8,0.011992722525,0,0.0,0.0,0.0
2013-10-11 13:00:00,4354785.6,0.012196158122,0,0.0,0.0,0.0
2013-10-11 13:05:00,4086370.4,0.012196158122,0,0.0,0.0,0.0
2013-10-11 13:10:00,4152349.6,0.012194386873,0,0.0,0.0,0.0
2013-10-11 13:15:00,4059468.6,0.0121046423469,0,0.0,0.0,0.0
2013-10-11 13:20:00,4503811.6,0.0117164333415,0,0.0,0.0,0.0
2013-10-11 13:25:00,4255971.6,0.0117164333415,0,0.0,0.0,0.0
2013-10-11 13:30:00,4555081.6,0.0117164333415,0,0.0,0.0,0.0
2013-10-11 13:35:00,3962572.6,0.0117164333415,0,0.0,0.0,0.0
2013-10-11 13:40:00,4546405.8,0.0117164333415,0,0.0,0.0,0.0
2013-10-11 13:45:00,4112242.4,0.0117164333415,0,0.0,0.0,0.0
2013-10-11 13:50:00,3963009.4,0.011519030873,0,0.0,0.0,0.0
2013-10-11 13:55:00,4264964.2,0.011519030873,0,0.0,0.0,0.0
2013-10-11 14:00:00,4711787.0,0.011519030873,0,0.0,0.0,0.0
2013-10-11 14:05:00,4008551.6,0.011519030873,0,0.0,0.0,0.0
2013-10-11 14:10:00,3886748.4,0.011519030873,0,0.0,0.0,0.0
2013-10-11 14:15:00,4360407.8,0.011519030873,0,0.0,0.0,0.0
2013-10-11 14:20:00,3777113.6,0.011519030873,0,0.0,0.0,0.0
2013-10-11 14:25:00,4448038.4,0.011519030873,0,0.0,0.0,0.0
2013-10-11 14:30:00,4350720.0,0.011519030873,0,0.0,0.0,0.0
2013-10-11 14:35:00,4000456.4,0.011519030873,0,0.0,0.0,0.0
2013-10-11 14:40:00,3757759.0,0.011519030873,0,0.0,0.0,0.0
2013-10-11 14:45:00,3714593.2,0.011519030873,0,0.0,0.0,0.0
2013-10-11 14:50:00,3802077.8,0.011519030873,0,0.0,0.0,0.0
2013-10-11 14:55:00,4170299.8,0.011519030873,0,0.0,0.0,0.0
2013-10-11 15:00:00,5127343.2,0.011519030873,0,0.0,0.0,0.0
2013-10-11 15:05:00,5878506.0,0.011519030873,0,0.0,0.0,0.0
2013-10-11 15:10:00,7135374.6,0.011519030873,0,0.0,0.0,0.0
2013-10-11 15:15:00,5958465.2,0.0117475455702,0,0.0,0.0,0.0
2013-10-11 15:20:00,5198396.6,0.0117475455702,0,0.0,0.0,0.0
2013-10-11 15:25:00,4433295.4,0.0394878839726,0,0.0,0.0,0.0
2013-10-11 15:30:00,4855605.8,0.0400324509288,0,0.0,0.0,0.0
2013-10-11 15:35:00,4924891.2,0.0400324509288,0,0.0,0.0,0.0
2013-10-11 15:40:00,4788996.0,0.0400324509288,0,0.0,0.0,0.0
2013-10-11 15:45:00,4697164.6,0.0400324509288,0,0.0,0.0,0.0
2013-10-11 15:50:00,4682754.0,0.0400324509288,0,0.0,0.0,0.0
2013-10-11 15:55:00,4119163.4,0.0400324509288,0,0.0,0.0,0.0
2013-10-11 16:00:00,5152299.2,0.0400324509288,0,0.0,0.0,0.0
2013-10-11 16:05:00,5840876.0,0.0394833167848,0,0.0,0.0,0.0
2013-10-11 16:10:00,4851767.2,0.0394833167848,0,0.0,0.0,0.0
2013-10-11 16:15:00,5146560.4,0.0117456222019,0,0.0,0.0,0.0
2013-10-11 16:20:00,4523770.8,0.011519030873,0,0.0,0.0,0.0
2013-10-11 16:25:00,5435023.6,0.011519030873,0,0.0,0.0,0.0
2013-10-11 16:30:00,4971937.8,0.011519030873,0,0.0,0.0,0.0
2013-10-11 16:35:00,5635966.8,0.0116081124003,0,0.0,0.0,0.0
2013-10-11 16:40:00,5122805.8,0.0116081124003,0,0.0,0.0,0.0
2013-10-11 16:45:00,5066339.0,0.0116081124003,0,0.0,0.0,0.0
2013-10-11 16:50:00,5091821.0,0.0116081124003,0,0.0,0.0,0.0
2013-10-11 16:55:00,5286978.0,0.0118874809279,0,0.0,0.0,0.0
2013-10-11 17:00:00,4617354.2,0.0118874809279,0,0.0,0.0,0.0
2013-10-11 17:05:00,5074936.2,0.0118874809279,0,0.0,0.0,0.0
2013-10-11 17:10:00,4946120.0,0.0118874809279,0,0.0,0.0,0.0
2013-10-11 17:15:00,6072816.0,0.0118874809279,0,0.0,0.0,0.0
2013-10-11 17:20:00,5499821.0,0.0118874809279,0,0.0,0.0,0.0
2013-10-11 17:25:00,5616319.6,0.0117967961259,0,0.0,0.0,0.0
2013-10-11 17:30:00,6105407.6,0.0117967961259,0,0.0,0.0,0.0
2013-10-11 17:35:00,5154501.0,0.0117967961259,0,0.0,0.0,0.0
2013-10-11 17:40:00,4878282.2,0.0117967961259,0,0.0,0.0,0.0
2013-10-11 17:45:00,5460952.2,0.011519030873,0,0.0,0.0,0.0
2013-10-11 17:50:00,5431154.6,0.011519030873,0,0.0,0.0,0.0
2013-10-11 17:55:00,6670608.0,0.011519030873,0,0.0,0.0,0.0
2013-10-11 18:00:00,6095858.6,0.011519030873,0,0.0,0.0,0.0
2013-10-11 18:05:00,6956541.4,0.011519030873,0,0.0,0.0,0.0
2013-10-11 18:10:00,6199730.6,0.011519030873,0,0.0,0.0,0.0
2013-10-11 18:15:00,5714497.8,0.011519030873,0,0.0,0.0,0.0
2013-10-11 18:20:00,6457977.6,0.011519030873,0,0.0,0.0,0.0
2013-10-11 18:25:00,5753349.2,0.0124060377836,0,0.0,0.0,0.0
2013-10-11 18:30:00,6047827.2,0.0124155240883,0,0.0,0.0,0.0
2013-10-11 18:35:00,6658760.6,0.0124155240883,0,0.0,0.0,0.0
2013-10-11 18:40:00,5845224.0,0.0124155240883,0,0.0,0.0,0.0
2013-10-11 18:45:00,6342895.4,0.0124155240883,0,0.0,0.0,0.0
2013-10-11 18:50:00,6092819.0,0.0140193803064,0,0.0,0.0,0.0
2013-10-11 18:55:00,6495620.4,0.0140193803064,0,0.0,0.0,0.0
2013-10-11 19:00:00,6848253.4,0.0140193803064,0,0.0,0.0,0.0
2013-10-11 19:05:00,7022389.4,0.0140193803064,0,0.0,0.0,0.0
2013-10-11 19:10:00,6095139.6,0.0140193803064,0,0.0,0.0,0.0
2013-10-11 19:15:00,5196470.0,0.0140193803064,0,0.0,0.0,0.0
2013-10-11 19:20:00,6245523.6,0.0140089983151,0,0.0,0.0,0.0
2013-10-11 19:25:00,6063450.0,0.0140089983151,0,0.0,0.0,0.0
2013-10-11 19:30:00,5752171.4,0.0141844655353,0,0.0,0.0,0.0
2013-10-11 19:35:00,6961971.2,0.0141844655353,0,0.0,0.0,0.0
2013-10-11 19:40:00,5756761.6,0.0125663957344,0,0.0,0.0,0.0
2013-10-11 19:45:00,6439968.0,0.0125663957344,0,0.0,0.0,0.0
2013-10-11 19:50:00,6029420.4,0.0125663957344,0,0.0,0.0,0.0
2013-10-11 19:55:00,5526105.2,0.0126603310631,0,0.0,0.0,0.0
2013-10-11 20:00:00,5683547.4,0.0126603310631,0,0.0,0.0,0.0
2013-10-11 20:05:00,5640075.6,0.0126603310631,0,0.0,0.0,0.0
2013-10-11 20:10:00,5640589.8,0.0126603310631,0,0.0,0.0,0.0
2013-10-11 20:15:00,5567824.0,0.0126603310631,0,0.0,0.0,0.0
2013-10-11 20:20:00,5077413.0,0.012499078913,0,0.0,0.0,0.0
2013-10-11 20:25:00,5764415.0,0.012499078913,0,0.0,0.0,0.0
2013-10-11 20:30:00,6909404.8,0.012499078913,0,0.0,0.0,0.0
2013-10-11 20:35:00,7339086.6,0.012499078913,0,0.0,0.0,0.0
2013-10-11 20:40:00,10412561.6,0.012499078913,0,0.0,0.0,0.0
2013-10-11 20:45:00,7364122.0,0.0124060377836,0,0.0,0.0,0.0
2013-10-11 20:50:00,5189782.4,0.0124060377836,0,0.0,0.0,0.0
2013-10-11 20:55:00,3723893.6,0.0124060377836,0,0.0,0.0,0.0
2013-10-11 21:00:00,6623585.8,0.0124060377836,0,0.0,0.0,0.0
2013-10-11 21:05:00,4414673.2,0.0131478597976,0,0.0,0.0,0.0
2013-10-11 21:10:00,9307313.4,0.0131478597976,0,0.0,0.0,0.0
2013-10-11 21:15:00,3958717.2,0.013224179605,0,0.0,0.0,0.0
2013-10-11 21:20:00,4500197.4,0.0138170992598,0,0.0,0.0,0.0
2013-10-11 21:25:00,4809785.2,0.0144443759155,0,0.0,0.0,0.0
2013-10-11 21:30:00,4220875.4,0.0146318129327,0,0.0,0.0,0.0
2013-10-11 21:35:00,4678269.8,0.0166458044068,0,0.0,0.0,0.0
2013-10-11 21:40:00,4023287.8,0.0166458044068,0,0.0,0.0,0.0
2013-10-11 21:45:00,4025726.2,0.0166458044068,0,0.0,0.0,0.0
2013-10-11 21:50:00,4899668.2,0.0231925908367,0,0.0,0.0,0.0
2013-10-11 21:55:00,4500448.2,0.0221827229152,0,0.0,0.0,0.0
2013-10-11 22:00:00,5425124.2,0.0221827229152,0,0.0,0.0,0.0
2013-10-11 22:05:00,4736342.6,0.0220715067989,0,0.0,0.0,0.0
2013-10-11 22:10:00,3897116.4,0.0212363379581,0,0.0,0.0,0.0
2013-10-11 22:15:00,4175719.2,0.020404809125,0,0.0,0.0,0.0
2013-10-11 22:20:00,3768877.4,0.0201659974511,0,0.0,0.0,0.0
2013-10-11 22:25:00,3633691.4,0.0178450846968,0,0.0,0.0,0.0
2013-10-11 22:30:00,3136307.2,0.0178450846968,0,0.0,0.0,0.0
2013-10-11 22:35:00,3600642.0,0.0178450846968,0,0.0,0.0,0.0
2013-10-11 22:40:00,3480859.4,0.0124814166152,0,0.0,0.0,0.0
2013-10-11 22:45:00,3182200.6,0.0124060377836,0,0.0,0.0,0.0
2013-10-11 22:50:00,3398359.6,0.0124060377836,0,0.0,0.0,0.0
2013-10-11 22:55:00,3428305.6,0.0124060377836,0,0.0,0.0,0.0
2013-10-11 23:00:00,3942081.2,0.0124077401463,0,0.0,0.0,0.0
2013-10-11 23:05:00,3610477.8,0.0124382130497,0,0.0,0.0,0.0
2013-10-11 23:10:00,2606589.8,0.0151064645518,0,0.0,0.0,0.0
2013-10-11 23:15:00,2532067.6,0.0151528953068,0,0.0,0.0,0.0
2013-10-11 23:20:00,3795175.8,0.0155519797072,0,0.0,0.0,0.0
2013-10-11 23:25:00,4031016.2,0.0155519797072,0,0.0,0.0,0.0
2013-10-11 23:30:00,3087124.6,0.0155519797072,0,0.0,0.0,0.0
2013-10-11 23:35:00,2645886.2,0.0155660101304,0,0.0,0.0,0.0
2013-10-11 23:40:00,2921061.8,0.0155660101304,0,0.0,0.0,0.0
2013-10-11 23:45:00,2868193.8,0.0331850412885,0,0.0,0.0,0.0
2013-10-11 23:50:00,3678312.0,0.0349162483722,0,0.0,0.0,0.0
2013-10-11 23:55:00,3993569.2,0.0353804915404,0,0.0,0.0,0.0
2013-10-12 00:00:00,3155317.8,0.0339403262562,0,0.0,0.0,0.0
2013-10-12 00:05:00,2577275.4,0.0338579660097,0,0.0,0.0,0.0
2013-10-12 00:10:00,2030924.2,0.0633057984402,0,0.0,0.0,0.0
2013-10-12 00:15:00,2691552.8,0.0633057984402,0,0.0,0.0,0.0
2013-10-12 00:20:00,2108746.2,0.0728809244808,0,0.0,0.0,0.0
2013-10-12 00:25:00,2602548.4,0.0812741531188,0,0.0,0.0,0.0
2013-10-12 00:30:00,2468735.6,0.0915592314219,0,0.0,0.0,0.0
2013-10-12 00:35:00,2507354.4,0.0713593388897,0,0.0,0.0,0.0
2013-10-12 00:40:00,2261713.8,0.0924844068263,0,0.0,0.0,0.0
2013-10-12 00:45:00,2457518.2,0.10130897126,0,0.0,0.0,0.0
2013-10-12 00:50:00,2418719.6,0.125752386307,0,0.0,0.0,0.0
2013-10-12 00:55:00,3111028.0,0.131726878293,0,0.0,0.0,0.0
2013-10-12 01:00:00,3591372.8,0.0872665844041,0,0.0,0.0,0.0
2013-10-12 01:05:00,3041616.4,0.0891982455223,0,0.0,0.0,0.0
2013-10-12 01:10:00,2416064.8,0.0879306278993,0,0.0,0.0,0.0
2013-10-12 01:15:00,2395888.0,0.0981960441957,0,0.0,0.0,0.0
2013-10-12 01:20:00,2708144.6,0.0889473631937,0,0.0,0.0,0.0
2013-10-12 01:25:00,2907673.0,0.0739079496159,0,0.0,0.0,0.0
2013-10-12 01:30:00,2969344.6,0.0553844701077,0,0.0,0.0,0.0
2013-10-12 01:35:00,2668099.4,0.0550177352002,0,0.0,0.0,0.0
2013-10-12 01:40:00,3015050.0,0.0433429593452,0,0.0,0.0,0.0
2013-10-12 01:45:00,2737246.2,0.0424702601294,0,0.0,0.0,0.0
2013-10-12 01:50:00,3323086.0,0.0438584740761,0,0.0,0.0,0.0
2013-10-12 01:55:00,3542606.4,0.0426426054095,0,0.0,0.0,0.0
2013-10-12 02:00:00,3537503.4,0.0378877078763,0,0.0,0.0,0.0
2013-10-12 02:05:00,3174286.2,0.0352417873647,0,0.0,0.0,0.0
2013-10-12 02:10:00,3053158.4,0.0363548601491,0,0.0,0.0,0.0
2013-10-12 02:15:00,2712443.2,0.0335279335511,0,0.0,0.0,0.0
2013-10-12 02:20:00,3243322.6,0.0379220563678,0,0.0,0.0,0.0
2013-10-12 02:25:00,2970901.6,0.0335300700765,0,0.0,0.0,0.0
2013-10-12 02:30:00,3602252.0,0.0283719498936,0,0.0,0.0,0.0
2013-10-12 02:35:00,3767764.6,0.0268276097224,0,0.0,0.0,0.0
2013-10-12 02:40:00,3217024.8,0.0251999098874,0,0.0,0.0,0.0
2013-10-12 02:45:00,3623309.2,0.0262248449934,0,0.0,0.0,0.0
2013-10-12 02:50:00,3463932.6,0.0257702484053,0,0.0,0.0,0.0
2013-10-12 02:55:00,3473942.8,0.0202137453958,0,0.0,0.0,0.0
2013-10-12 03:00:00,4327528.2,0.0201393317102,0,0.0,0.0,0.0
2013-10-12 03:05:00,4953168.0,0.0199707430386,0,0.0,0.0,0.0
2013-10-12 03:10:00,6010022.0,0.0161291378942,0,0.0,0.0,0.0
2013-10-12 03:15:00,3792235.2,0.0158500515586,0,0.0,0.0,0.0
2013-10-12 03:20:00,5067495.2,0.0166226737688,0,0.0,0.0,0.0
2013-10-12 03:25:00,4178473.4,0.0166226737688,0,0.0,0.0,0.0
2013-10-12 03:30:00,3722183.4,0.0156392849117,0,0.0,0.0,0.0
2013-10-12 03:35:00,6000974.2,0.0153372102484,0,0.0,0.0,0.0
2013-10-12 03:40:00,3656226.2,0.0151096252179,0,0.0,0.0,0.0
2013-10-12 03:45:00,3946900.8,0.0153034877287,0,0.0,0.0,0.0
2013-10-12 03:50:00,3872716.2,0.0142708005946,0,0.0,0.0,0.0
2013-10-12 03:55:00,3954127.4,0.0142708005946,0,0.0,0.0,0.0
2013-10-12 04:00:00,3870564.8,0.0142708005946,0,0.0,0.0,0.0
2013-10-12 04:05:00,3812299.2,0.0142708005946,0,0.0,0.0,0.0
2013-10-12 04:10:00,3793134.4,0.0134547358635,0,0.0,0.0,0.0
2013-10-12 04:15:00,3610520.8,0.0134547358635,0,0.0,0.0,0.0
2013-10-12 04:20:00,4167550.6,0.0129331827201,0,0.0,0.0,0.0
2013-10-12 04:25:00,3844542.6,0.0129331827201,0,0.0,0.0,0.0
2013-10-12 04:30:00,4094993.0,0.104631617373,0,0.0,0.0,0.0
2013-10-12 04:35:00,4207063.8,0.102720476265,0,0.0,0.0,0.0
2013-10-12 04:40:00,4017962.2,0.102720476265,0,0.0,0.0,0.0
2013-10-12 04:45:00,4211817.8,0.104638937499,0,0.0,0.0,0.0
2013-10-12 04:50:00,4397386.8,0.105777873088,0,0.0,0.0,0.0
2013-10-12 04:55:00,3821873.6,0.105777873088,0,0.0,0.0,0.0
2013-10-12 05:00:00,3433559.8,0.105777873088,0,0.0,0.0,0.0
2013-10-12 05:05:00,3552335.0,0.106115548634,0,0.0,0.0,0.0
2013-10-12 05:10:00,2997523.4,0.106766822739,0,0.0,0.0,0.0
2013-10-12 05:15:00,4158629.4,0.106766822739,0,0.0,0.0,0.0
2013-10-12 05:20:00,3505453.6,0.0133335697426,0,0.0,0.0,0.0
2013-10-12 05:25:00,3596603.0,0.013238491481,0,0.0,0.0,0.0
2013-10-12 05:30:00,3458603.8,0.013238491481,0,0.0,0.0,0.0
2013-10-12 05:35:00,4103340.4,0.0127718836344,0,0.0,0.0,0.0
2013-10-12 05:40:00,3722259.6,0.0128055451857,0,0.0,0.0,0.0
2013-10-12 05:45:00,3310317.8,0.0128338509888,0,0.0,0.0,0.0
2013-10-12 05:50:00,3180112.2,0.0128338509888,0,0.0,0.0,0.0
2013-10-12 05:55:00,2763020.2,0.0127537903491,0,0.0,0.0,0.0
2013-10-12 06:00:00,3481835.8,0.0126008669111,0,0.0,0.0,0.0
2013-10-12 06:05:00,3115962.0,0.0127681237731,0,0.0,0.0,0.0
2013-10-12 06:10:00,3758110.6,0.0127681237731,0,0.0,0.0,0.0
2013-10-12 06:15:00,3146130.6,0.0127681237731,0,0.0,0.0,0.0
2013-10-12 06:20:00,3678237.8,0.0127681237731,0,0.0,0.0,0.0
2013-10-12 06:25:00,3332586.2,0.0127681237731,0,0.0,0.0,0.0
2013-10-12 06:30:00,3376556.8,0.0132734225107,0,0.0,0.0,0.0
2013-10-12 06:35:00,2932539.4,0.0145437361903,0,0.0,0.0,0.0
2013-10-12 06:40:00,3868952.0,0.0145437361903,0,0.0,0.0,0.0
2013-10-12 06:45:00,4180022.4,0.0149359190206,0,0.0,0.0,0.0
2013-10-12 06:50:00,2911885.2,0.0157037054632,0,0.0,0.0,0.0
2013-10-12 06:55:00,3045753.4,0.0178833441958,0,0.0,0.0,0.0
2013-10-12 07:00:00,3893686.2,0.0193501934815,0,0.0,0.0,0.0
2013-10-12 07:05:00,3498895.4,0.0278289656609,0,0.0,0.0,0.0
2013-10-12 07:10:00,2484609.8,0.0368737645767,0,0.0,0.0,0.0
2013-10-12 07:15:00,3153370.4,0.0387948908918,0,0.0,0.0,0.0
2013-10-12 07:20:00,2963782.0,0.0391694604014,0,0.0,0.0,0.0
2013-10-12 07:25:00,3208165.8,0.041662638546,0,0.0,0.0,0.0
2013-10-12 07:30:00,3842270.6,0.041662638546,0,0.0,0.0,0.0
2013-10-12 07:35:00,2712457.0,0.0447460644595,0,0.0,0.0,0.0
2013-10-12 07:40:00,2525058.4,0.0515609229267,0,0.0,0.0,0.0
2013-10-12 07:45:00,2654476.6,0.0821674527944,0,0.0,0.0,0.0
2013-10-12 07:50:00,2774432.8,0.0822226561048,0,0.0,0.0,0.0
2013-10-12 07:55:00,3125988.4,0.0957584297138,0,0.0,0.0,0.0
2013-10-12 08:00:00,2628484.4,1.0,0,-0.22,-0.11,-0.11
2013-10-12 08:05:00,2750668.8,0.299999996735,0,0.0,0.0,0.0
2013-10-12 08:10:00,2121267.8,0.299999996735,0,0.0,0.0,0.0
2013-10-12 08:15:00,2423121.0,0.299999996735,0,0.0,0.0,0.0
2013-10-12 08:20:00,2492465.2,0.299999996735,0,0.0,0.0,0.0
2013-10-12 08:25:00,2205542.4,0.299999996735,0,0.0,0.0,0.0
2013-10-12 08:30:00,2244046.4,0.299999996735,0,0.0,0.0,0.0
2013-10-12 08:35:00,2289428.2,0.299999996735,0,0.0,0.0,0.0
2013-10-12 08:40:00,2335671.2,0.299999996735,0,0.0,0.0,0.0
2013-10-12 08:45:00,1986150.4,0.299999996735,0,0.0,0.0,0.0
2013-10-12 08:50:00,1974910.2,0.299999996735,0,0.0,0.0,0.0
2013-10-12 08:55:00,1931628.8,0.299999996735,0,0.0,0.0,0.0
2013-10-12 09:00:00,2256923.0,0.299999996735,0,0.0,0.0,0.0
2013-10-12 09:05:00,1563206.2,0.0791169289464,0,0.0,0.0,0.0
2013-10-12 09:10:00,1680554.4,0.0598638887287,0,0.0,0.0,0.0
2013-10-12 09:15:00,1435048.2,0.0768555784808,0,0.0,0.0,0.0
2013-10-12 09:20:00,1445570.2,0.100710176056,0,0.0,0.0,0.0
2013-10-12 09:25:00,1230529.0,0.0605756488427,0,0.0,0.0,0.0
2013-10-12 09:30:00,1292470.8,0.0570207996145,0,0.0,0.0,0.0
2013-10-12 09:35:00,1377636.6,0.0557318383254,0,0.0,0.0,0.0
2013-10-12 09:40:00,1814704.4,0.0659807325367,0,0.0,0.0,0.0
2013-10-12 09:45:00,1646375.8,0.0661635772237,0,0.0,0.0,0.0
2013-10-12 09:50:00,1589812.0,0.063640905463,0,0.0,0.0,0.0
2013-10-12 09:55:00,2908752.2,0.0828758876967,0,0.0,0.0,0.0
2013-10-12 10:00:00,2209294.8,0.0762917341336,0,0.0,0.0,0.0
2013-10-12 10:05:00,2293599.8,0.0565213124164,0,0.0,0.0,0.0
2013-10-12 10:10:00,2518515.2,0.0304760605724,0,0.0,0.0,0.0
2013-10-12 10:15:00,2368925.2,0.0313860046061,0,0.0,0.0,0.0
2013-10-12 10:20:00,2418048.6,0.0313860046061,0,0.0,0.0,0.0
2013-10-12 10:25:00,2574732.0,0.0269341956843,0,0.0,0.0,0.0
2013-10-12 10:30:00,2560719.6,0.0202698850318,0,0.0,0.0,0.0
2013-10-12 10:35:00,2998595.0,0.0207498923912,0,0.0,0.0,0.0
2013-10-12 10:40:00,2464394.8,0.0207498923912,0,0.0,0.0,0.0
2013-10-12 10:45:00,2695531.6,0.0142565790925,0,0.0,0.0,0.0
2013-10-12 10:50:00,2881381.6,0.014069475965,0,0.0,0.0,0.0
2013-10-12 10:55:00,2912230.4,0.0139165874796,0,0.0,0.0,0.0
2013-10-12 11:00:00,3149090.6,0.0138336474726,0,0.0,0.0,0.0
2013-10-12 11:05:00,3296592.0,0.0242885187701,0,0.0,0.0,0.0
2013-10-12 11:10:00,3696286.2,0.0242885187701,0,0.0,0.0,0.0
2013-10-12 11:15:00,2925279.8,0.0242885187701,0,0.0,0.0,0.0
2013-10-12 11:20:00,3628548.8,0.0242885187701,0,0.0,0.0,0.0
2013-10-12 11:25:00,3048131.8,0.0242231133112,0,0.0,0.0,0.0
2013-10-12 11:30:00,2474744.6,0.0245188292917,0,0.0,0.0,0.0
2013-10-12 11:35:00,2733783.8,0.0250476965729,0,0.0,0.0,0.0
2013-10-12 11:40:00,2876619.2,0.0252200739454,0,0.0,0.0,0.0
2013-10-12 11:45:00,2426435.2,0.025910318871,0,0.0,0.0,0.0
2013-10-12 11:50:00,2877881.2,0.0259492251602,0,0.0,0.0,0.0
2013-10-12 11:55:00,2236777.4,0.0263285042803,0,0.0,0.0,0.0
2013-10-12 12:00:00,2424895.6,0.0263715062273,0,0.0,0.0,0.0
2013-10-12 12:05:00,2036357.0,0.0264119803501,0,0.0,0.0,0.0
2013-10-12 12:10:00,3273247.8,0.0264119803501,0,0.0,0.0,0.0
2013-10-12 12:15:00,2225564.4,0.0264239121145,0,0.0,0.0,0.0
2013-10-12 12:20:00,2773553.4,0.0261437012088,0,0.0,0.0,0.0
2013-10-12 12:25:00,3272074.8,0.0255982826461,0,0.0,0.0,0.0
2013-10-12 12:30:00,2563503.8,0.0254890127694,0,0.0,0.0,0.0
2013-10-12 12:35:00,3315340.6,0.0248991473288,0,0.0,0.0,0.0
2013-10-12 12:40:00,2490231.6,0.0250901647956,0,0.0,0.0,0.0
2013-10-12 12:45:00,2685661.4,0.0248901070955,0,0.0,0.0,0.0
2013-10-12 12:50:00,2783047.8,0.0248488184717,0,0.0,0.0,0.0
2013-10-12 12:55:00,2494818.8,0.0249380564727,0,0.0,0.0,0.0
2013-10-12 13:00:00,2915377.0,0.0250046888845,0,0.0,0.0,0.0
2013-10-12 13:05:00,2100844.8,0.024993211258,0,0.0,0.0,0.0
2013-10-12 13:10:00,2932784.4,0.0249626681378,0,0.0,0.0,0.0
2013-10-12 13:15:00,3113921.8,0.0248838114188,0,0.0,0.0,0.0
2013-10-12 13:20:00,2679085.2,0.0248199766188,0,0.0,0.0,0.0
2013-10-12 13:25:00,2981291.6,0.0247277530039,0,0.0,0.0,0.0
2013-10-12 13:30:00,3528916.2,0.0245933157537,0,0.0,0.0,0.0
2013-10-12 13:35:00,3714299.6,0.0244281615474,0,0.0,0.0,0.0
2013-10-12 13:40:00,2506308.4,0.0244344706658,0,0.0,0.0,0.0
2013-10-12 13:45:00,2977082.8,0.024308288824,0,0.0,0.0,0.0
2013-10-12 13:50:00,2654474.0,0.0243381160025,0,0.0,0.0,0.0
2013-10-12 13:55:00,2747757.6,0.0243381160025,0,0.0,0.0,0.0
2013-10-12 14:00:00,3425450.2,0.0243584262404,0,0.0,0.0,0.0
2013-10-12 14:05:00,2860588.4,0.0243584262404,0,0.0,0.0,0.0
2013-10-12 14:10:00,2602600.6,0.0244151366574,0,0.0,0.0,0.0
2013-10-12 14:15:00,3064562.4,0.0244151366574,0,0.0,0.0,0.0
2013-10-12 14:20:00,2678636.4,0.0243235746199,0,0.0,0.0,0.0
2013-10-12 14:25:00,2811047.4,0.0243235746199,0,0.0,0.0,0.0
2013-10-12 14:30:00,2986170.0,0.0244072033043,0,0.0,0.0,0.0
2013-10-12 14:35:00,3030498.2,0.0244514729653,0,0.0,0.0,0.0
2013-10-12 14:40:00,1992914.2,0.024356015622,0,0.0,0.0,0.0
2013-10-12 14:45:00,2307638.6,0.0243659410992,0,0.0,0.0,0.0
2013-10-12 14:50:00,2916463.0,0.0243456264363,0,0.0,0.0,0.0
2013-10-12 14:55:00,3218693.2,0.0243456264363,0,0.0,0.0,0.0
2013-10-12 15:00:00,4232165.4,0.0242890301168,0,0.0,0.0,0.0
2013-10-12 15:05:00,4293438.2,0.0242890301168,0,0.0,0.0,0.0
2013-10-12 15:10:00,5731243.0,0.0242890301168,0,0.0,0.0,0.0
2013-10-12 15:15:00,3331719.8,0.0242890301168,0,0.0,0.0,0.0
2013-10-12 15:20:00,3883587.8,0.0241994204103,0,0.0,0.0,0.0
2013-10-12 15:25:00,3271342.2,0.0241554736259,0,0.0,0.0,0.0
2013-10-12 15:30:00,2942843.2,0.0241554736259,0,0.0,0.0,0.0
2013-10-12 15:35:00,3694746.0,0.0241456087907,0,0.0,0.0,0.0
2013-10-12 15:40:00,3642126.4,0.0241456087907,0,0.0,0.0,0.0
2013-10-12 15:45:00,3734729.0,0.0241456087907,0,0.0,0.0,0.0
2013-10-12 15:50:00,3394430.6,0.0241456087907,0,0.0,0.0,0.0
2013-10-12 15:55:00,3529268.4,0.0241456087907,0,0.0,0.0,0.0
2013-10-12 16:00:00,3715568.8,0.0241456087907,0,0.0,0.0,0.0
2013-10-12 16:05:00,3746838.6,0.0241456087907,0,0.0,0.0,0.0
2013-10-12 16:10:00,4208361.2,0.0241456087907,0,0.0,0.0,0.0
2013-10-12 16:15:00,4003901.8,0.0241456087907,0,0.0,0.0,0.0
2013-10-12 16:20:00,3824163.8,0.0241456087907,0,0.0,0.0,0.0
2013-10-12 16:25:00,3375125.8,0.0241456087907,0,0.0,0.0,0.0
2013-10-12 16:30:00,3540937.0,0.0241456087907,0,0.0,0.0,0.0
2013-10-12 16:35:00,3146923.2,0.0241456087907,0,0.0,0.0,0.0
2013-10-12 16:40:00,4168467.0,0.0242063868362,0,0.0,0.0,0.0
2013-10-12 16:45:00,3349810.2,0.0267974660996,0,0.0,0.0,0.0
2013-10-12 16:50:00,3187740.8,0.0267974660996,0,0.0,0.0,0.0
2013-10-12 16:55:00,3217855.6,0.0267974660996,0,0.0,0.0,0.0
2013-10-12 17:00:00,3205658.2,0.026845129091,0,0.0,0.0,0.0
2013-10-12 17:05:00,2214341.8,0.026845129091,0,0.0,0.0,0.0
2013-10-12 17:10:00,2062268.8,0.026845129091,0,0.0,0.0,0.0
2013-10-12 17:15:00,2550043.2,0.026845129091,0,0.0,0.0,0.0
2013-10-12 17:20:00,2092985.2,0.0271485597517,0,0.0,0.0,0.0
2013-10-12 17:25:00,3150399.8,0.0271485597517,0,0.0,0.0,0.0
2013-10-12 17:30:00,2122509.2,0.0270826750069,0,0.0,0.0,0.0
2013-10-12 17:35:00,2788856.2,0.02469638821,0,0.0,0.0,0.0
2013-10-12 17:40:00,2321360.2,0.02469638821,0,0.0,0.0,0.0
2013-10-12 17:45:00,2890855.4,0.02469638821,0,0.0,0.0,0.0
2013-10-12 17:50:00,4035097.6,0.0247860481099,0,0.0,0.0,0.0
2013-10-12 17:55:00,3497103.6,0.0247860481099,0,0.0,0.0,0.0
2013-10-12 18:00:00,3170049.2,0.0251633362804,0,0.0,0.0,0.0
2013-10-12 18:05:00,3004455.6,0.0251633362804,0,0.0,0.0,0.0
2013-10-12 18:10:00,3466245.8,0.0258731834101,0,0.0,0.0,0.0
2013-10-12 18:15:00,3331877.8,0.026845913656,0,0.0,0.0,0.0
2013-10-12 18:20:00,2944188.8,0.028344400636,0,0.0,0.0,0.0
2013-10-12 18:25:00,3491523.4,0.0285880281482,0,0.0,0.0,0.0
2013-10-12 18:30:00,4161306.2,0.0291055140735,0,0.0,0.0,0.0
2013-10-12 18:35:00,2824246.4,0.0303526621489,0,0.0,0.0,0.0
2013-10-12 18:40:00,3238769.0,0.0303450331106,0,0.0,0.0,0.0
2013-10-12 18:45:00,3347327.8,0.0307883737527,0,0.0,0.0,0.0
2013-10-12 18:50:00,3104582.8,0.0304468314326,0,0.0,0.0,0.0
2013-10-12 18:55:00,3044250.2,0.0305769509683,0,0.0,0.0,0.0
2013-10-12 19:00:00,3441568.0,0.029576764707,0,0.0,0.0,0.0
2013-10-12 19:05:00,3898819.6,0.0285355663283,0,0.0,0.0,0.0
2013-10-12 19:10:00,3327445.8,0.027261753466,0,0.0,0.0,0.0
2013-10-12 19:15:00,3769617.8,0.0278226380343,0,0.0,0.0,0.0
2013-10-12 19:20:00,4145610.0,0.0274250192732,0,0.0,0.0,0.0
2013-10-12 19:25:00,4461434.6,0.026993963152,0,0.0,0.0,0.0
2013-10-12 19:30:00,3386405.4,0.0269199056774,0,0.0,0.0,0.0
2013-10-12 19:35:00,7170114.6,0.0267342180623,0,0.0,0.0,0.0
2013-10-12 19:40:00,3835937.6,0.0266436325016,0,0.0,0.0,0.0
2013-10-12 19:45:00,3849577.0,0.02655496446,0,0.0,0.0,0.0
2013-10-12 19:50:00,4728437.0,0.0264347379578,0,0.0,0.0,0.0
2013-10-12 19:55:00,3653101.4,0.0264347379578,0,0.0,0.0,0.0
2013-10-12 20:00:00,3423475.4,0.0261927947845,0,0.0,0.0,0.0
2013-10-12 20:05:00,3319426.2,0.0251348548094,0,0.0,0.0,0.0
2013-10-12 20:10:00,3426644.4,0.0250306867749,0,0.0,0.0,0.0
2013-10-12 20:15:00,3285794.4,0.0246989838159,0,0.0,0.0,0.0
2013-10-12 20:20:00,3850047.6,0.0247066502887,0,0.0,0.0,0.0
2013-10-12 20:25:00,3685854.4,0.0244750457383,0,0.0,0.0,0.0
2013-10-12 20:30:00,3379478.6,0.0244750457383,0,0.0,0.0,0.0
2013-10-12 20:35:00,3566683.4,0.0244396999033,0,0.0,0.0,0.0
2013-10-12 20:40:00,3590507.8,0.0244396999033,0,0.0,0.0,0.0
2013-10-12 20:45:00,3402758.4,0.0244396999033,0,0.0,0.0,0.0
2013-10-12 20:50:00,3548430.0,0.024526291136,0,0.0,0.0,0.0
2013-10-12 20:55:00,3619610.4,0.024526291136,0,0.0,0.0,0.0
2013-10-12 21:00:00,3748961.4,0.0245489658122,0,0.0,0.0,0.0
2013-10-12 21:05:00,3559610.4,0.0245142131785,0,0.0,0.0,0.0
2013-10-12 21:10:00,5178590.8,0.0244710075238,0,0.0,0.0,0.0
2013-10-12 21:15:00,6822890.4,0.0244710075238,0,0.0,0.0,0.0
2013-10-12 21:20:00,3652706.2,0.0244710075238,0,0.0,0.0,0.0
2013-10-12 21:25:00,3923214.0,0.0245398484653,0,0.0,0.0,0.0
2013-10-12 21:30:00,3458745.6,0.0245398484653,0,0.0,0.0,0.0
2013-10-12 21:35:00,4955067.8,0.0246538239359,0,0.0,0.0,0.0
2013-10-12 21:40:00,4262822.6,0.0246696266303,0,0.0,0.0,0.0
2013-10-12 21:45:00,3248786.2,0.0248607526728,0,0.0,0.0,0.0
2013-10-12 21:50:00,2712873.6,0.0248378752343,0,0.0,0.0,0.0
2013-10-12 21:55:00,4488676.8,0.0248378752343,0,0.0,0.0,0.0
2013-10-12 22:00:00,3780386.6,0.0248193768218,0,0.0,0.0,0.0
2013-10-12 22:05:00,3801917.8,0.0248193768218,0,0.0,0.0,0.0
2013-10-12 22:10:00,3410020.4,0.0248193768218,0,0.0,0.0,0.0
2013-10-12 22:15:00,4013800.2,0.024749983421,0,0.0,0.0,0.0
2013-10-12 22:20:00,3837695.0,0.0247634124656,0,0.0,0.0,0.0
2013-10-12 22:25:00,3715738.8,0.0275640888468,0,0.0,0.0,0.0
2013-10-12 22:30:00,3156862.4,0.0274530519329,0,0.0,0.0,0.0
2013-10-12 22:35:00,3447375.0,0.0273694251695,0,0.0,0.0,0.0
2013-10-12 22:40:00,3909523.0,0.0273694251695,0,0.0,0.0,0.0
2013-10-12 22:45:00,4083487.2,0.027512991579,0,0.0,0.0,0.0
2013-10-12 22:50:00,3410969.8,0.0286976949231,0,0.0,0.0,0.0
2013-10-12 22:55:00,3630547.6,0.0288090390641,0,0.0,0.0,0.0
2013-10-12 23:00:00,3579646.0,0.0288533765531,0,0.0,0.0,0.0
2013-10-12 23:05:00,3518559.0,0.0289856016637,0,0.0,0.0,0.0
2013-10-12 23:10:00,3615376.2,0.0294395052062,0,0.0,0.0,0.0
2013-10-12 23:15:00,3579870.0,0.0274878271761,0,0.0,0.0,0.0
2013-10-12 23:20:00,3914775.4,0.219863676738,0,0.0,0.0,0.0
2013-10-12 23:25:00,3026430.0,0.220838152411,0,0.0,0.0,0.0
2013-10-12 23:30:00,3681278.0,0.221621955181,0,0.0,0.0,0.0
2013-10-12 23:35:00,3655270.0,0.221280538004,0,0.0,0.0,0.0
2013-10-12 23:40:00,3117778.6,0.217261630804,0,0.0,0.0,0.0
2013-10-12 23:45:00,3464887.8,0.217419743341,0,0.0,0.0,0.0
2013-10-12 23:50:00,3490145.6,0.217583954223,0,0.0,0.0,0.0
2013-10-12 23:55:00,3530907.4,0.217850304353,0,0.0,0.0,0.0
2013-10-13 00:00:00,3536547.4,0.216172678167,0,0.0,0.0,0.0
2013-10-13 00:05:00,3438769.8,0.212638707615,0,0.0,0.0,0.0
2013-10-13 00:10:00,2592687.8,0.0259898217225,0,0.0,0.0,0.0
2013-10-13 00:15:00,1960360.2,0.0257464908648,0,0.0,0.0,0.0
2013-10-13 00:20:00,2025196.8,0.0259797562026,0,0.0,0.0,0.0
2013-10-13 00:25:00,1716619.8,0.0265165177816,0,0.0,0.0,0.0
2013-10-13 00:30:00,1789308.0,0.0265134348412,0,0.0,0.0,0.0
2013-10-13 00:35:00,1892481.0,0.026553212,0,0.0,0.0,0.0
2013-10-13 00:40:00,1726840.4,0.0264685548165,0,0.0,0.0,0.0
2013-10-13 00:45:00,1878791.8,0.0262860043404,0,0.0,0.0,0.0
2013-10-13 00:50:00,1792245.2,0.0267032886042,0,0.0,0.0,0.0
2013-10-13 00:55:00,1458174.2,0.027028881277,0,0.0,0.0,0.0
2013-10-13 01:00:00,1740755.8,0.0269170714977,0,0.0,0.0,0.0
2013-10-13 01:05:00,1807006.8,0.0271670651068,0,0.0,0.0,0.0
2013-10-13 01:10:00,2307076.8,0.0269815231483,0,0.0,0.0,0.0
2013-10-13 01:15:00,3108940.6,0.0265060094091,0,0.0,0.0,0.0
2013-10-13 01:20:00,3450633.2,0.0266613323359,0,0.0,0.0,0.0
2013-10-13 01:25:00,3664786.4,0.0266803565018,0,0.0,0.0,0.0
2013-10-13 01:30:00,4118068.8,0.0267337290449,0,0.0,0.0,0.0
2013-10-13 01:35:00,4053222.6,0.0267464002666,0,0.0,0.0,0.0
2013-10-13 01:40:00,4201796.4,0.0263286427862,0,0.0,0.0,0.0
2013-10-13 01:45:00,4304214.2,0.0258502875649,0,0.0,0.0,0.0
2013-10-13 01:50:00,4524176.6,0.0255648412528,0,0.0,0.0,0.0
2013-10-13 01:55:00,4352175.4,0.0253003006278,0,0.0,0.0,0.0
2013-10-13 02:00:00,4193209.2,0.025132581782,0,0.0,0.0,0.0
2013-10-13 02:05:00,4482098.2,0.0250172714025,0,0.0,0.0,0.0
2013-10-13 02:10:00,4644432.8,0.024821859265,0,0.0,0.0,0.0
2013-10-13 02:15:00,4435991.6,0.0250243331227,0,0.0,0.0,0.0
2013-10-13 02:20:00,4417648.0,0.0251296824222,0,0.0,0.0,0.0
2013-10-13 02:25:00,4486779.6,0.0251072655907,0,0.0,0.0,0.0
2013-10-13 02:30:00,4538636.0,0.0252364554766,0,0.0,0.0,0.0
2013-10-13 02:35:00,4461462.4,0.0255551120854,0,0.0,0.0,0.0
2013-10-13 02:40:00,4468985.0,0.0257289195612,0,0.0,0.0,0.0
2013-10-13 02:45:00,4612245.8,0.0257215196604,0,0.0,0.0,0.0
2013-10-13 02:50:00,4484731.4,0.0262981408659,0,0.0,0.0,0.0
2013-10-13 02:55:00,4642155.2,0.0269917410923,0,0.0,0.0,0.0
2013-10-13 03:00:00,4893176.2,0.0271776632607,0,0.0,0.0,0.0
2013-10-13 03:05:00,5549813.8,0.0274087499839,0,0.0,0.0,0.0
2013-10-13 03:10:00,6179932.6,0.0272752494906,0,0.0,0.0,0.0
2013-10-13 03:15:00,5105403.4,0.0273097794434,0,0.0,0.0,0.0
2013-10-13 03:20:00,4451766.6,0.0274574226109,0,0.0,0.0,0.0
2013-10-13 03:25:00,4481147.0,0.027122276725,0,0.0,0.0,0.0
2013-10-13 03:30:00,4694028.6,0.0269419129535,0,0.0,0.0,0.0
2013-10-13 03:35:00,4430812.4,0.0279846864834,0,0.0,0.0,0.0
2013-10-13 03:40:00,4501812.4,0.027297228507,0,0.0,0.0,0.0
2013-10-13 03:45:00,4637840.2,0.0260404744111,0,0.0,0.0,0.0
2013-10-13 03:50:00,4893904.4,0.0258012245818,0,0.0,0.0,0.0
2013-10-13 03:55:00,4580558.0,0.0251625831919,0,0.0,0.0,0.0
2013-10-13 04:00:00,4631284.0,0.0251310991079,0,0.0,0.0,0.0
2013-10-13 04:05:00,4510029.8,0.0250978376014,0,0.0,0.0,0.0
2013-10-13 04:10:00,4531931.8,0.0248254132453,0,0.0,0.0,0.0
2013-10-13 04:15:00,4951073.2,0.0248254132453,0,0.0,0.0,0.0
2013-10-13 04:20:00,4744324.6,0.0248254132453,0,0.0,0.0,0.0
2013-10-13 04:25:00,4864875.0,0.0237619032,0,0.0,0.0,0.0
2013-10-13 04:30:00,4681125.8,0.0237619032,0,0.0,0.0,0.0
2013-10-13 04:35:00,4368098.8,0.0237619032,0,0.0,0.0,0.0
2013-10-13 04:40:00,4687881.2,0.0237619032,0,0.0,0.0,0.0
2013-10-13 04:45:00,5001344.0,0.0237619032,0,0.0,0.0,0.0
2013-10-13 04:50:00,4618461.8,0.0237619032,0,0.0,0.0,0.0
2013-10-13 04:55:00,4584497.4,0.0237619032,0,0.0,0.0,0.0
2013-10-13 05:00:00,4755072.8,0.0237619032,0,0.0,0.0,0.0
2013-10-13 05:05:00,4852368.4,0.0237619032,0,0.0,0.0,0.0
2013-10-13 05:10:00,4795987.8,0.0237658157072,0,0.0,0.0,0.0
2013-10-13 05:15:00,4832927.0,0.0237658157072,0,0.0,0.0,0.0
2013-10-13 05:20:00,4690033.4,0.0237658157072,0,0.0,0.0,0.0
2013-10-13 05:25:00,4729095.2,0.0237658157072,0,0.0,0.0,0.0
2013-10-13 05:30:00,4726369.6,0.0237658157072,0,0.0,0.0,0.0
2013-10-13 05:35:00,4429855.8,0.0237658157072,0,0.0,0.0,0.0
2013-10-13 05:40:00,4617503.6,0.0237658157072,0,0.0,0.0,0.0
2013-10-13 05:45:00,4952628.8,0.0238625056897,0,0.0,0.0,0.0
2013-10-13 05:50:00,4256910.4,0.0238625056897,0,0.0,0.0,0.0
2013-10-13 05:55:00,4674205.4,0.0238625056897,0,0.0,0.0,0.0
2013-10-13 06:00:00,4440490.8,0.0238585819268,0,0.0,0.0,0.0
2013-10-13 06:05:00,4634800.4,0.0238585819268,0,0.0,0.0,0.0
2013-10-13 06:10:00,4207472.8,0.023888029865,0,0.0,0.0,0.0
2013-10-13 06:15:00,4063905.4,0.023888029865,0,0.0,0.0,0.0
2013-10-13 06:20:00,4231708.6,0.023888029865,0,0.0,0.0,0.0
2013-10-13 06:25:00,4443433.0,0.023912614387,0,0.0,0.0,0.0
2013-10-13 06:30:00,4569577.8,0.023912614387,0,0.0,0.0,0.0
2013-10-13 06:35:00,4232463.6,0.0238157807253,0,0.0,0.0,0.0
2013-10-13 06:40:00,4530729.6,0.0238157807253,0,0.0,0.0,0.0
2013-10-13 06:45:00,5188727.4,0.0238157807253,0,0.0,0.0,0.0
2013-10-13 06:50:00,3816894.8,0.0238157807253,0,0.0,0.0,0.0
2013-10-13 06:55:00,4050048.6,0.0238157807253,0,0.0,0.0,0.0
2013-10-13 07:00:00,4632655.0,0.0237863958352,0,0.0,0.0,0.0
2013-10-13 07:05:00,4331165.4,0.0237863958352,0,0.0,0.0,0.0
2013-10-13 07:10:00,4256816.4,0.0237863958352,0,0.0,0.0,0.0
2013-10-13 07:15:00,4514565.0,0.023772692618,0,0.0,0.0,0.0
2013-10-13 07:20:00,4231642.8,0.023772692618,0,0.0,0.0,0.0
2013-10-13 07:25:00,3996057.0,0.023772692618,0,0.0,0.0,0.0
2013-10-13 07:30:00,3821746.8,0.0238139083553,0,0.0,0.0,0.0
2013-10-13 07:35:00,3693434.8,0.0238139083553,0,0.0,0.0,0.0
2013-10-13 07:40:00,4069099.2,0.0238850293309,0,0.0,0.0,0.0
2013-10-13 07:45:00,4101726.8,0.0238850293309,0,0.0,0.0,0.0
2013-10-13 07:50:00,4205671.8,0.0239930542096,0,0.0,0.0,0.0
2013-10-13 07:55:00,3989263.6,0.024201802367,0,0.0,0.0,0.0
2013-10-13 08:00:00,3828862.0,0.0242029284724,0,0.0,0.0,0.0
2013-10-13 08:05:00,3641686.6,0.0241920013399,0,0.0,0.0,0.0
2013-10-13 08:10:00,3324261.6,0.0241958891136,0,0.0,0.0,0.0
2013-10-13 08:15:00,3584599.2,0.0241958891136,0,0.0,0.0,0.0
2013-10-13 08:20:00,3401789.8,0.0241542068942,0,0.0,0.0,0.0
2013-10-13 08:25:00,3171775.2,0.0241542068942,0,0.0,0.0,0.0
2013-10-13 08:30:00,2938971.8,0.0241056660821,0,0.0,0.0,0.0
2013-10-13 08:35:00,2675676.2,0.0241056660821,0,0.0,0.0,0.0
2013-10-13 08:40:00,2022947.8,0.023997282729,0,0.0,0.0,0.0
2013-10-13 08:45:00,2613405.8,0.0237897849616,0,0.0,0.0,0.0
2013-10-13 08:50:00,3074915.6,0.0238588666064,0,0.0,0.0,0.0
2013-10-13 08:55:00,3454406.6,0.0238588666064,0,0.0,0.0,0.0
2013-10-13 09:00:00,3953057.8,0.0238706977858,0,0.0,0.0,0.0
2013-10-13 09:05:00,4346876.8,0.0238706977858,0,0.0,0.0,0.0
2013-10-13 09:10:00,4690494.2,0.0238706977858,0,0.0,0.0,0.0
2013-10-13 09:15:00,4601621.2,0.0238706977858,0,0.0,0.0,0.0
2013-10-13 09:20:00,1482509.2,0.0238477113588,0,0.0,0.0,0.0
2013-10-13 09:25:00,4149789.2,0.0238477113588,0,0.0,0.0,0.0
2013-10-13 09:30:00,5092226.4,0.0238477113588,0,0.0,0.0,0.0
2013-10-13 09:35:00,4921400.8,0.0238586342446,0,0.0,0.0,0.0
2013-10-13 09:40:00,4510003.6,0.0237884406038,0,0.0,0.0,0.0
2013-10-13 09:45:00,4857760.2,0.023946553966,0,0.0,0.0,0.0
2013-10-13 09:50:00,4635341.4,0.0239923035689,0,0.0,0.0,0.0
2013-10-13 09:55:00,4752849.6,0.0239923035689,0,0.0,0.0,0.0
2013-10-13 10:00:00,4600516.4,0.024116172772,0,0.0,0.0,0.0
2013-10-13 10:05:00,4467507.0,0.024116172772,0,0.0,0.0,0.0
2013-10-13 10:10:00,4600820.2,0.0249313612821,0,0.0,0.0,0.0
2013-10-13 10:15:00,4466740.6,0.0249313612821,0,0.0,0.0,0.0
2013-10-13 10:20:00,4816356.0,0.0249313612821,0,0.0,0.0,0.0
2013-10-13 10:25:00,4412821.2,0.0249200938635,0,0.0,0.0,0.0
2013-10-13 10:30:00,4289461.2,0.0250076702514,0,0.0,0.0,0.0
2013-10-13 10:35:00,4806912.6,0.0248880641717,0,0.0,0.0,0.0
2013-10-13 10:40:00,4540884.6,0.0248276730231,0,0.0,0.0,0.0
2013-10-13 10:45:00,3973230.6,0.0248276730231,0,0.0,0.0,0.0
2013-10-13 10:50:00,4151312.0,0.0247657560522,0,0.0,0.0,0.0
2013-10-13 10:55:00,4408599.0,0.0247657560522,0,0.0,0.0,0.0
2013-10-13 11:00:00,4412467.0,0.0241821835111,0,0.0,0.0,0.0
2013-10-13 11:05:00,4014711.6,0.024448670341,0,0.0,0.0,0.0
2013-10-13 11:10:00,4455661.4,0.024448670341,0,0.0,0.0,0.0
2013-10-13 11:15:00,4518165.4,0.024448670341,0,0.0,0.0,0.0
2013-10-13 11:20:00,5219553.4,0.0243819727082,0,0.0,0.0,0.0
2013-10-13 11:25:00,4529007.2,0.0243554427122,0,0.0,0.0,0.0
2013-10-13 11:30:00,5014467.6,0.0243527925506,0,0.0,0.0,0.0
2013-10-13 11:35:00,5091716.8,0.0243680075689,0,0.0,0.0,0.0
2013-10-13 11:40:00,4955261.0,0.0243042176206,0,0.0,0.0,0.0
2013-10-13 11:45:00,5129745.6,0.0243463643583,0,0.0,0.0,0.0
2013-10-13 11:50:00,5522536.0,0.024117500051,0,0.0,0.0,0.0
2013-10-13 11:55:00,5466070.0,0.0238535732243,0,0.0,0.0,0.0
2013-10-13 12:00:00,5181228.2,0.0238535732243,0,0.0,0.0,0.0
2013-10-13 12:05:00,4971070.0,0.024127446011,0,0.0,0.0,0.0
2013-10-13 12:10:00,5417314.4,0.0241070939097,0,0.0,0.0,0.0
2013-10-13 12:15:00,5381120.2,0.0241457854969,0,0.0,0.0,0.0
2013-10-13 12:20:00,5648711.4,0.0241457854969,0,0.0,0.0,0.0
2013-10-13 12:25:00,5237271.0,0.0241555143895,0,0.0,0.0,0.0
2013-10-13 12:30:00,4567196.6,0.0241555143895,0,0.0,0.0,0.0
2013-10-13 12:35:00,5010997.6,0.0242677269624,0,0.0,0.0,0.0
2013-10-13 12:40:00,4802090.8,0.0256531165253,0,0.0,0.0,0.0
2013-10-13 12:45:00,5512044.2,0.0310241512476,0,0.0,0.0,0.0
2013-10-13 12:50:00,5365367.0,0.0327915841876,0,0.0,0.0,0.0
2013-10-13 12:55:00,5359112.8,0.0333929552247,0,0.0,0.0,0.0
2013-10-13 13:00:00,5206969.0,0.033879285608,0,0.0,0.0,0.0
2013-10-13 13:05:00,5441836.6,0.0338087847606,0,0.0,0.0,0.0
2013-10-13 13:10:00,5013968.8,0.0342938856317,0,0.0,0.0,0.0
2013-10-13 13:15:00,5087288.8,0.0346341891409,0,0.0,0.0,0.0
2013-10-13 13:20:00,4889297.0,0.0347866877692,0,0.0,0.0,0.0
2013-10-13 13:25:00,5113966.2,0.0345858610951,0,0.0,0.0,0.0
2013-10-13 13:30:00,5380729.2,0.0328776746147,0,0.0,0.0,0.0
2013-10-13 13:35:00,5135762.4,0.0272791093567,0,0.0,0.0,0.0
2013-10-13 13:40:00,5726463.8,0.0257257013962,0,0.0,0.0,0.0
2013-10-13 13:45:00,5152678.4,0.0252243533043,0,0.0,0.0,0.0
2013-10-13 13:50:00,5179141.4,0.0248929496897,0,0.0,0.0,0.0
2013-10-13 13:55:00,5313273.6,0.0249840284756,0,0.0,0.0,0.0
2013-10-13 14:00:00,4990068.0,0.0247376397204,0,0.0,0.0,0.0
2013-10-13 14:05:00,5135694.0,0.0244490773188,0,0.0,0.0,0.0
2013-10-13 14:10:00,4809917.0,0.0244432739773,0,0.0,0.0,0.0
2013-10-13 14:15:00,4837499.4,0.0244432739773,0,0.0,0.0,0.0
2013-10-13 14:20:00,5081224.0,0.0248581595737,0,0.0,0.0,0.0
2013-10-13 14:25:00,4846339.2,0.0248591314104,0,0.0,0.0,0.0
2013-10-13 14:30:00,4988007.0,0.0249075153971,0,0.0,0.0,0.0
2013-10-13 14:35:00,4598591.4,0.0253230986388,0,0.0,0.0,0.0
2013-10-13 14:40:00,4467228.2,0.0253833094006,0,0.0,0.0,0.0
2013-10-13 14:45:00,4261252.8,0.0253467513788,0,0.0,0.0,0.0
2013-10-13 14:50:00,5263430.8,0.025378320231,0,0.0,0.0,0.0
2013-10-13 14:55:00,4741242.8,0.0256158269676,0,0.0,0.0,0.0
2013-10-13 15:00:00,5268673.4,0.0255733126564,0,0.0,0.0,0.0
2013-10-13 15:05:00,6355621.0,0.0256616273613,0,0.0,0.0,0.0
2013-10-13 15:10:00,6548625.4,0.0301514279372,0,0.0,0.0,0.0
2013-10-13 15:15:00,5110530.8,0.0301503157365,0,0.0,0.0,0.0
2013-10-13 15:20:00,5345068.8,0.030384948143,0,0.0,0.0,0.0
2013-10-13 15:25:00,4738408.8,0.0300300072089,0,0.0,0.0,0.0
2013-10-13 15:30:00,5107021.4,0.0298900186984,0,0.0,0.0,0.0
2013-10-13 15:35:00,5235458.4,0.0298276906748,0,0.0,0.0,0.0
2013-10-13 15:40:00,5233619.6,0.0297339692913,0,0.0,0.0,0.0
2013-10-13 15:45:00,5029582.0,0.0295239588736,0,0.0,0.0,0.0
2013-10-13 15:50:00,4514236.8,0.0294412384745,0,0.0,0.0,0.0
2013-10-13 15:55:00,4910708.8,0.0293440185762,0,0.0,0.0,0.0
2013-10-13 16:00:00,4712074.4,0.024524740322,0,0.0,0.0,0.0
2013-10-13 16:05:00,5420857.4,0.024524740322,0,0.0,0.0,0.0
2013-10-13 16:10:00,5476916.2,0.024275218218,0,0.0,0.0,0.0
2013-10-13 16:15:00,5125320.0,0.0241742291256,0,0.0,0.0,0.0
2013-10-13 16:20:00,5001679.4,0.0241809947643,0,0.0,0.0,0.0
2013-10-13 16:25:00,4980771.6,0.0242278860199,0,0.0,0.0,0.0
2013-10-13 16:30:00,5543129.2,0.0241377164566,0,0.0,0.0,0.0
2013-10-13 16:35:00,5178798.4,0.0241130176433,0,0.0,0.0,0.0
2013-10-13 16:40:00,5374906.8,0.0241130176433,0,0.0,0.0,0.0
2013-10-13 16:45:00,4965761.2,0.0241130176433,0,0.0,0.0,0.0
2013-10-13 16:50:00,4625607.6,0.0242290621181,0,0.0,0.0,0.0
2013-10-13 16:55:00,5155595.2,0.0242921188012,0,0.0,0.0,0.0
2013-10-13 17:00:00,4758968.4,0.024392347669,0,0.0,0.0,0.0
2013-10-13 17:05:00,4846633.6,0.024392347669,0,0.0,0.0,0.0
2013-10-13 17:10:00,4966854.2,0.0244426747988,0,0.0,0.0,0.0
2013-10-13 17:15:00,4799362.0,0.0243954902487,0,0.0,0.0,0.0
2013-10-13 17:20:00,5217818.2,0.0243954902487,0,0.0,0.0,0.0
2013-10-13 17:25:00,4846504.6,0.0243669491803,0,0.0,0.0,0.0
2013-10-13 17:30:00,4857580.0,0.0243669491803,0,0.0,0.0,0.0
2013-10-13 17:35:00,5305944.2,0.0243669491803,0,0.0,0.0,0.0
2013-10-13 17:40:00,5216126.8,0.024339733997,0,0.0,0.0,0.0
2013-10-13 17:45:00,5126791.6,0.0242765900067,0,0.0,0.0,0.0
2013-10-13 17:50:00,4716540.8,0.0241766975361,0,0.0,0.0,0.0
2013-10-13 17:55:00,5194275.2,0.0242709687779,0,0.0,0.0,0.0
2013-10-13 18:00:00,4594784.4,0.0242485838958,0,0.0,0.0,0.0
2013-10-13 18:05:00,5313192.6,0.0242485838958,0,0.0,0.0,0.0
2013-10-13 18:10:00,5349453.4,0.0242485838958,0,0.0,0.0,0.0
2013-10-13 18:15:00,5664016.0,0.0242485838958,0,0.0,0.0,0.0
2013-10-13 18:20:00,5165652.4,0.0242485838958,0,0.0,0.0,0.0
2013-10-13 18:25:00,5806009.2,0.0242485838958,0,0.0,0.0,0.0
2013-10-13 18:30:00,5725820.2,0.024159524617,0,0.0,0.0,0.0
2013-10-13 18:35:00,5818352.0,0.024159524617,0,0.0,0.0,0.0
2013-10-13 18:40:00,6039204.0,0.024159524617,0,0.0,0.0,0.0
2013-10-13 18:45:00,6146104.8,0.0240655596194,0,0.0,0.0,0.0
2013-10-13 18:50:00,6520842.0,0.0240302455917,0,0.0,0.0,0.0
2013-10-13 18:55:00,6414160.0,0.0240302455917,0,0.0,0.0,0.0
2013-10-13 19:00:00,7121288.0,0.0240302455917,0,0.0,0.0,0.0
2013-10-13 19:05:00,7733993.2,0.0240302455917,0,0.0,0.0,0.0
2013-10-13 19:10:00,7171976.0,0.0240302455917,0,0.0,0.0,0.0
2013-10-13 19:15:00,6572442.0,0.0240302455917,0,0.0,0.0,0.0
2013-10-13 19:20:00,6669027.2,0.0240302455917,0,0.0,0.0,0.0
2013-10-13 19:25:00,6541002.6,0.0246217113009,0,0.0,0.0,0.0
2013-10-13 19:30:00,8036983.2,0.0246217113009,0,0.0,0.0,0.0
2013-10-13 19:35:00,6780480.0,0.0246217113009,0,0.0,0.0,0.0
2013-10-13 19:40:00,7105309.2,0.0246217113009,0,0.0,0.0,0.0
2013-10-13 19:45:00,6645670.6,0.0246217113009,0,0.0,0.0,0.0
2013-10-13 19:50:00,7129069.2,0.0246217113009,0,0.0,0.0,0.0
2013-10-13 19:55:00,6886046.6,0.0246217113009,0,0.0,0.0,0.0
2013-10-13 20:00:00,7070269.8,0.0246217113009,0,0.0,0.0,0.0
2013-10-13 20:05:00,7112211.8,0.0246217113009,0,0.0,0.0,0.0
2013-10-13 20:10:00,6736356.8,0.0246217113009,0,0.0,0.0,0.0
2013-10-13 20:15:00,6885695.2,0.0240302455917,0,0.0,0.0,0.0
2013-10-13 20:20:00,6829566.2,0.0240302455917,0,0.0,0.0,0.0
2013-10-13 20:25:00,6670142.6,0.0300477590467,0,0.0,0.0,0.0
2013-10-13 20:30:00,6989347.8,0.0303019111827,0,0.0,0.0,0.0
2013-10-13 20:35:00,7089460.2,0.0303019111827,0,0.0,0.0,0.0
2013-10-13 20:40:00,7126232.4,0.0303019111827,0,0.0,0.0,0.0
2013-10-13 20:45:00,7180348.2,0.0303019111827,0,0.0,0.0,0.0
2013-10-13 20:50:00,7251597.4,0.0303019111827,0,0.0,0.0,0.0
2013-10-13 20:55:00,7138828.0,0.0303019111827,0,0.0,0.0,0.0
2013-10-13 21:00:00,7358757.6,0.0304400802018,0,0.0,0.0,0.0
2013-10-13 21:05:00,6691074.8,0.0304400802018,0,0.0,0.0,0.0
2013-10-13 21:10:00,7419464.2,0.0304400802018,0,0.0,0.0,0.0
2013-10-13 21:15:00,7345692.4,0.0244648013946,0,0.0,0.0,0.0
2013-10-13 21:20:00,7106381.2,0.0242460261517,0,0.0,0.0,0.0
2013-10-13 21:25:00,7439340.8,0.0242460261517,0,0.0,0.0,0.0
2013-10-13 21:30:00,7148265.0,0.0242460261517,0,0.0,0.0,0.0
2013-10-13 21:35:00,7079349.4,0.0242460261517,0,0.0,0.0,0.0
2013-10-13 21:40:00,7313239.2,0.0242460261517,0,0.0,0.0,0.0
2013-10-13 21:45:00,7370054.2,0.0242460261517,0,0.0,0.0,0.0
2013-10-13 21:50:00,7146604.0,0.024128200868,0,0.0,0.0,0.0
2013-10-13 21:55:00,7380294.8,0.024128200868,0,0.0,0.0,0.0
2013-10-13 22:00:00,7444886.2,0.024128200868,0,0.0,0.0,0.0
2013-10-13 22:05:00,6960113.0,0.024128200868,0,0.0,0.0,0.0
2013-10-13 22:10:00,7776972.4,0.024128200868,0,0.0,0.0,0.0
2013-10-13 22:15:00,7458856.0,0.024128200868,0,0.0,0.0,0.0
2013-10-13 22:20:00,7193220.0,0.024128200868,0,0.0,0.0,0.0
2013-10-13 22:25:00,7221732.4,0.024128200868,0,0.0,0.0,0.0
2013-10-13 22:30:00,7683360.0,0.0241574100662,0,0.0,0.0,0.0
2013-10-13 22:35:00,7346899.6,0.0241574100662,0,0.0,0.0,0.0
2013-10-13 22:40:00,7728333.2,0.0241574100662,0,0.0,0.0,0.0
2013-10-13 22:45:00,6895594.8,0.0241574100662,0,0.0,0.0,0.0
2013-10-13 22:50:00,6637198.0,0.0241574100662,0,0.0,0.0,0.0
2013-10-13 22:55:00,7011225.4,0.0241857719891,0,0.0,0.0,0.0
2013-10-13 23:00:00,6560515.6,0.0241857719891,0,0.0,0.0,0.0
2013-10-13 23:05:00,6638822.6,0.0247057402589,0,0.0,0.0,0.0
2013-10-13 23:10:00,7921025.0,0.0251632354894,0,0.0,0.0,0.0
2013-10-13 23:15:00,8124689.4,0.0261700545413,0,0.0,0.0,0.0
2013-10-13 23:20:00,7346551.8,0.0265866279029,0,0.0,0.0,0.0
2013-10-13 23:25:00,8111561.6,0.0268094866959,0,0.0,0.0,0.0
2013-10-13 23:30:00,7575658.4,0.0275546489188,0,0.0,0.0,0.0
2013-10-13 23:35:00,7198625.2,0.0285511895122,0,0.0,0.0,0.0
2013-10-13 23:40:00,7964260.4,0.0285665709859,0,0.0,0.0,0.0
2013-10-13 23:45:00,7547664.0,0.0294157238091,0,0.0,0.0,0.0
2013-10-13 23:50:00,7988676.2,0.0294157238091,0,0.0,0.0,0.0
2013-10-13 23:55:00,7788122.6,0.0296241579816,0,0.0,0.0,0.0
