timestamp,value,anomaly_score,predValueFirst,predValueLast,label,S(t)_reward_low_FP_rate,S(t)_reward_low_FN_rate,S(t)_standard
2015-09-08 11:39:00,73,0.0,0.0,0.0,0,0.0,0.0,0.0
2015-09-08 11:44:00,62,0.0,36.5,0.0,0,0.0,0.0,0.0
2015-09-08 11:59:00,66,0.0,45.0,0.0,0,0.0,0.0,0.0
2015-09-08 12:19:00,69,0.0,50.25,0.0,0,0.0,0.0,0.0
2015-09-08 12:24:00,65,0.0,54.0,0.0,0,0.0,0.0,0.0
2015-09-08 12:27:00,76,0.0,55.8333333333,0.0,0,0.0,0.0,0.0
2015-09-08 12:32:00,65,0.0,58.7142857143,0.0,0,0.0,0.0,0.0
2015-09-08 12:46:00,62,0.0,59.5,0.0,0,0.0,0.0,0.0
2015-09-08 12:51:00,61,0.0,59.7777777778,0.0,0,0.0,0.0,0.0
2015-09-08 13:01:00,65,0.0,59.9,0.0,0,0.0,0.0,0.0
2015-09-08 13:21:00,68,0.0,60.3636363636,0.0,0,0.0,0.0,0.0
2015-09-08 13:26:00,66,0.0,61.0,0.0,0,0.0,0.0,0.0
2015-09-08 13:31:00,67,0.0,61.3846153846,0.0,0,0.0,0.0,0.0
2015-09-08 13:36:00,65,0.0,61.7857142857,0.0,0,0.0,0.0,0.0
2015-09-08 13:41:00,67,0.0,62.0,0.0,0,0.0,0.0,0.0
2015-09-08 13:46:00,67,0.0,62.3125,0.0,0,0.0,0.0,0.0
2015-09-08 13:56:00,69,0.0,62.5882352941,0.0,0,0.0,0.0,0.0
2015-09-08 14:11:00,68,0.0,62.9444444444,0.0,0,0.0,0.0,0.0
2015-09-08 14:16:00,68,0.0,63.2105263158,0.0,0,0.0,0.0,0.0
2015-09-08 14:21:00,67,0.0,63.45,0.0,0,0.0,0.0,0.0
2015-09-08 14:46:00,66,0.0,63.619047619,0.0,0,0.0,0.0,0.0
2015-09-08 14:51:00,68,0.0,63.7272727273,0.0,0,0.0,0.0,0.0
2015-09-08 15:16:00,69,0.0,63.9130434783,0.0,0,0.0,0.0,0.0
2015-09-08 15:21:00,65,0.0,64.125,0.0,0,0.0,0.0,0.0
2015-09-08 15:26:00,70,0.0,64.16,0.0,0,0.0,0.0,0.0
2015-09-08 15:29:00,66,0.0,64.3846153846,0.0,0,0.0,0.0,0.0
2015-09-08 15:41:00,65,0.0,64.4444444444,0.0,0,0.0,0.0,0.0
2015-09-08 16:15:00,64,0.0,64.4642857143,0.0,0,0.0,0.0,0.0
2015-09-08 16:31:00,66,0.0,64.4482758621,0.0,0,0.0,0.0,0.0
2015-09-08 16:36:00,69,0.0,64.5,0.0,0,0.0,0.0,0.0
2015-09-08 16:41:00,64,0.0,64.6451612903,0.0,0,0.0,0.0,0.0
2015-09-08 16:56:00,69,0.0,64.625,0.0,0,0.0,0.0,0.0
2015-09-08 17:11:00,65,0.0,64.7575757576,0.0,0,0.0,0.0,0.0
2015-09-08 17:16:00,68,0.0,64.7647058824,0.0,0,0.0,0.0,0.0
2015-09-08 17:21:00,67,0.0,64.8571428571,0.0,0,0.0,0.0,0.0
2015-09-08 17:26:00,69,0.0,64.9166666667,0.0,0,0.0,0.0,0.0
2015-09-08 17:31:00,66,0.0,65.027027027,0.0,0,0.0,0.0,0.0
2015-09-08 17:36:00,69,0.0,65.0526315789,0.0,0,0.0,0.0,0.0
2015-09-08 17:41:00,66,0.0,65.1538461538,0.0,0,0.0,0.0,0.0
2015-09-08 17:46:00,65,0.0,65.175,0.0,0,0.0,0.0,0.0
2015-09-08 17:51:00,66,0.0,65.1707317073,0.0,0,0.0,0.0,0.0
2015-09-08 17:56:00,65,0.0,65.1904761905,0.0,0,0.0,0.0,0.0
2015-09-08 17:57:00,64,0.0,65.1860465116,0.0,0,0.0,0.0,0.0
2015-09-08 18:36:00,70,0.0,65.1590909091,0.0,0,0.0,0.0,0.0
2015-09-08 18:46:00,69,0.0,65.2666666667,0.0,0,0.0,0.0,0.0
2015-09-08 18:51:00,66,0.0,65.347826087,0.0,0,0.0,0.0,0.0
2015-09-08 18:56:00,68,0.0,65.3617021277,0.0,0,0.0,0.0,0.0
2015-09-08 19:06:00,71,0.0,65.4166666667,0.0,0,0.0,0.0,0.0
2015-09-08 20:11:00,63,0.0,65.5306122449,0.0,0,0.0,0.0,0.0
2015-09-08 20:31:00,67,0.0,65.48,0.0,0,0.0,0.0,0.0
2015-09-08 20:41:00,62,0.0,65.5098039216,0.0,0,0.0,0.0,0.0
2015-09-08 20:51:00,64,0.0,65.4423076923,0.0,0,0.0,0.0,0.0
2015-09-08 21:01:00,59,0.0,65.4150943396,0.0,0,0.0,0.0,0.0
2015-09-08 21:06:00,65,0.0,65.2962962963,0.0,0,0.0,0.0,0.0
2015-09-08 21:31:00,58,0.0,65.2909090909,0.0,0,0.0,0.0,0.0
2015-09-08 21:41:00,64,0.0,65.1607142857,0.0,0,0.0,0.0,0.0
2015-09-08 22:31:00,63,0.0,65.1403508772,0.0,0,0.0,0.0,0.0
2015-09-08 22:41:00,66,0.0,65.1034482759,0.0,0,0.0,0.0,0.0
2015-09-08 23:16:00,66,0.0,65.1186440678,0.0,0,0.0,0.0,0.0
2015-09-08 23:31:00,60,0.0,65.1333333333,0.0,0,0.0,0.0,0.0
2015-09-09 00:06:00,57,0.0,65.0491803279,0.0,0,0.0,0.0,0.0
2015-09-09 01:16:00,58,0.0,64.9193548387,0.0,0,0.0,0.0,0.0
2015-09-09 07:34:00,69,0.0,64.8095238095,0.0,0,0.0,0.0,0.0
2015-09-09 09:20:00,70,0.0,64.875,0.0,0,0.0,0.0,0.0
2015-09-09 09:58:00,66,0.0,64.9538461538,0.0,0,0.0,0.0,0.0
2015-09-09 10:23:00,68,0.0,64.9696969697,0.0,0,0.0,0.0,0.0
2015-09-09 10:33:00,65,0.0,65.0149253731,0.0,0,0.0,0.0,0.0
2015-09-09 10:38:00,68,0.0,65.0147058824,0.0,0,0.0,0.0,0.0
2015-09-09 10:43:00,68,0.0,65.0579710145,0.0,0,0.0,0.0,0.0
2015-09-09 10:48:00,70,0.0,65.1,0.0,0,0.0,0.0,0.0
2015-09-09 10:53:00,67,0.0,65.1690140845,0.0,0,0.0,0.0,0.0
2015-09-09 11:03:00,73,0.0,65.1944444444,0.0,0,0.0,0.0,0.0
2015-09-09 11:08:00,77,0.0,65.301369863,0.0,0,0.0,0.0,0.0
2015-09-09 11:13:00,75,0.0,65.4594594595,0.0,0,0.0,0.0,0.0
2015-09-09 11:18:00,71,0.0,65.5866666667,0.0,0,0.0,0.0,0.0
2015-09-09 11:23:00,73,0.0,65.6578947368,0.0,0,0.0,0.0,0.0
2015-09-09 11:43:00,68,0.0,65.7532467532,0.0,0,0.0,0.0,0.0
2015-09-09 11:48:00,58,0.0,65.7820512821,0.0,0,0.0,0.0,0.0
2015-09-09 12:03:00,65,0.0,65.6835443038,0.0,0,0.0,0.0,0.0
2015-09-09 12:13:00,65,0.0,65.675,0.0,0,0.0,0.0,0.0
2015-09-09 12:33:00,65,0.0,65.6666666667,0.0,0,0.0,0.0,0.0
2015-09-09 12:48:00,66,0.0,65.6585365854,0.0,0,0.0,0.0,0.0
2015-09-09 13:08:00,74,0.0,65.6626506024,0.0,0,0.0,0.0,0.0
2015-09-09 13:33:00,64,0.0,65.7619047619,0.0,0,0.0,0.0,0.0
2015-09-09 13:38:00,68,0.0,65.7411764706,0.0,0,0.0,0.0,0.0
2015-09-09 13:43:00,65,0.0,65.7674418605,0.0,0,0.0,0.0,0.0
2015-09-09 13:48:00,69,0.0,65.7586206897,0.0,0,0.0,0.0,0.0
2015-09-09 13:53:00,70,0.0,65.7954545455,0.0,0,0.0,0.0,0.0
2015-09-09 13:58:00,64,0.0,65.8426966292,0.0,0,0.0,0.0,0.0
2015-09-09 14:08:00,65,0.0,65.8222222222,0.0,0,0.0,0.0,0.0
2015-09-09 14:13:00,67,0.0,65.8131868132,0.0,0,0.0,0.0,0.0
2015-09-09 14:38:00,68,0.0,65.8260869565,0.0,0,0.0,0.0,0.0
2015-09-09 14:48:00,66,0.0,65.8494623656,0.0,0,0.0,0.0,0.0
2015-09-09 14:53:00,63,0.0,65.8510638298,0.0,0,0.0,0.0,0.0
2015-09-09 15:03:00,68,0.0,65.8210526316,0.0,0,0.0,0.0,0.0
2015-09-09 15:08:00,68,0.0,65.84375,0.0,0,0.0,0.0,0.0
2015-09-09 15:13:00,73,0.0,65.8659793814,0.0,0,0.0,0.0,0.0
2015-09-09 15:18:00,79,0.0,65.9387755102,0.0,0,0.0,0.0,0.0
2015-09-09 15:23:00,64,0.0,66.0707070707,0.0,0,0.0,0.0,0.0
2015-09-09 15:28:00,67,0.0,66.05,0.0,0,0.0,0.0,0.0
2015-09-09 15:38:00,62,0.0,66.0594059406,0.0,0,0.0,0.0,0.0
2015-09-09 15:43:00,68,0.0,66.0196078431,0.0,0,0.0,0.0,0.0
2015-09-09 15:48:00,70,0.0,66.0388349515,0.0,0,0.0,0.0,0.0
2015-09-09 16:08:00,67,0.0,66.0769230769,0.0,0,0.0,0.0,0.0
2015-09-09 16:13:00,70,0.0,66.0857142857,0.0,0,0.0,0.0,0.0
2015-09-09 16:23:00,65,0.0,66.1226415094,0.0,0,0.0,0.0,0.0
2015-09-09 16:33:00,67,0.0,66.1121495327,0.0,0,0.0,0.0,0.0
2015-09-09 16:43:00,71,0.0,66.1203703704,0.0,0,0.0,0.0,0.0
2015-09-09 16:48:00,69,0.0,66.1651376147,0.0,0,0.0,0.0,0.0
2015-09-09 16:53:00,64,0.0,66.1909090909,0.0,0,0.0,0.0,0.0
2015-09-09 16:58:00,63,0.0,66.1711711712,0.0,0,0.0,0.0,0.0
2015-09-09 17:03:00,62,0.0,66.1428571429,0.0,0,0.0,0.0,0.0
2015-09-09 17:08:00,55,0.0,66.1061946903,0.0,0,0.0,0.0,0.0
2015-09-09 17:13:00,48,0.0,66.0087719298,0.0,0,0.0,0.0,0.0
2015-09-09 17:18:00,56,0.0,65.852173913,0.0,0,0.0,0.0,0.0
2015-09-09 17:23:00,51,0.0,65.7672413793,0.0,0,0.0,0.0,0.0
2015-09-09 17:28:00,60,0.0,65.641025641,0.0,0,0.0,0.0,0.0
2015-09-09 17:33:00,43,0.0,65.593220339,0.0,0,0.0,0.0,0.0
2015-09-09 17:38:00,62,0.0,65.4033613445,0.0,0,0.0,0.0,0.0
2015-09-09 17:43:00,70,0.0,65.375,0.0,0,0.0,0.0,0.0
2015-09-09 17:48:00,65,0.0,65.4132231405,0.0,0,0.0,0.0,0.0
2015-09-09 17:58:00,70,0.0,65.4098360656,0.0,0,0.0,0.0,0.0
2015-09-09 18:03:00,67,0.0,65.4471544715,0.0,0,0.0,0.0,0.0
2015-09-09 18:13:00,70,0.0,65.4596774194,0.0,0,0.0,0.0,0.0
2015-09-09 18:18:00,67,0.0,65.496,0.0,0,0.0,0.0,0.0
2015-09-09 18:23:00,69,0.0,65.5079365079,0.0,0,0.0,0.0,0.0
2015-09-09 18:28:00,69,0.0,65.5354330709,0.0,0,0.0,0.0,0.0
2015-09-09 18:38:00,68,0.0,65.5625,0.0,0,0.0,0.0,0.0
2015-09-09 18:43:00,67,0.0,65.5813953488,0.0,0,0.0,0.0,0.0
2015-09-09 19:03:00,66,0.0,65.5923076923,0.0,0,0.0,0.0,0.0
2015-09-09 19:38:00,63,0.0,65.5954198473,0.0,0,0.0,0.0,0.0
2015-09-09 19:48:00,68,0.0,65.5757575758,0.0,0,0.0,0.0,0.0
2015-09-09 20:03:00,68,0.0,65.5939849624,0.0,0,0.0,0.0,0.0
2015-09-09 20:13:00,65,0.0,65.6119402985,0.0,0,0.0,0.0,0.0
2015-09-09 20:18:00,60,0.0,65.6074074074,0.0,0,0.0,0.0,0.0
2015-09-09 20:23:00,65,0.0,65.5661764706,0.0,0,0.0,0.0,0.0
2015-09-09 20:38:00,64,0.0,65.5620437956,0.0,0,0.0,0.0,0.0
2015-09-09 20:58:00,57,0.0,65.5507246377,0.0,0,0.0,0.0,0.0
2015-09-09 21:13:00,57,0.0,65.4892086331,0.0,0,0.0,0.0,0.0
2015-09-09 21:28:00,62,0.0,65.4285714286,0.0,0,0.0,0.0,0.0
2015-09-09 21:33:00,55,0.0,65.4042553191,0.0,0,0.0,0.0,0.0
2015-09-09 21:48:00,61,0.0,65.3309859155,0.0,0,0.0,0.0,0.0
2015-09-09 21:53:00,61,0.0,65.3006993007,0.0,0,0.0,0.0,0.0
2015-09-09 22:33:00,58,0.0,65.2708333333,0.0,0,0.0,0.0,0.0
2015-09-09 22:41:00,65,0.0,65.2206896552,0.0,0,0.0,0.0,0.0
2015-09-09 23:38:00,65,0.0,65.2191780822,0.0,0,0.0,0.0,0.0
2015-09-09 23:53:00,62,0.0,65.2176870748,0.0,0,0.0,0.0,0.0
2015-09-10 05:33:00,68,0.0,65.1959459459,0.0,0,0.0,0.0,0.0
2015-09-10 05:45:00,61,0.0,65.2147651007,0.0,0,0.0,0.0,0.0
2015-09-10 08:00:00,62,0.0,65.1866666667,0.0,0,0.0,0.0,0.0
2015-09-10 08:18:00,73,0.0,65.1655629139,0.0,0,0.0,0.0,0.0
2015-09-10 08:33:00,70,0.0,65.2171052632,0.0,0,0.0,0.0,0.0
2015-09-10 08:43:00,65,0.0,65.2483660131,0.0,0,0.0,0.0,0.0
2015-09-10 08:53:00,65,0.0,65.2467532468,0.0,0,0.0,0.0,0.0
2015-09-10 09:13:00,61,0.0,65.2451612903,0.0,0,0.0,0.0,0.0
2015-09-10 09:23:00,64,0.0,65.2179487179,0.0,0,0.0,0.0,0.0
2015-09-10 09:28:00,62,0.0,65.2101910828,0.0,0,0.0,0.0,0.0
2015-09-10 09:48:00,75,0.0,65.1898734177,0.0,0,0.0,0.0,0.0
2015-09-10 09:52:00,66,0.0,65.251572327,0.0,0,0.0,0.0,0.0
2015-09-10 10:02:00,71,0.0,65.25625,0.0,0,0.0,0.0,0.0
2015-09-10 10:07:00,66,0.0,65.2919254658,0.0,0,0.0,0.0,0.0
2015-09-10 10:22:00,67,0.0,65.2962962963,0.0,0,0.0,0.0,0.0
2015-09-10 10:27:00,65,0.0,65.3067484663,0.0,0,0.0,0.0,0.0
2015-09-10 10:32:00,67,0.0,65.3048780488,0.0,0,0.0,0.0,0.0
2015-09-10 10:42:00,67,0.0,65.3151515152,0.0,0,0.0,0.0,0.0
2015-09-10 10:47:00,65,0.0,65.3253012048,0.0,0,0.0,0.0,0.0
2015-09-10 10:52:00,68,0.0,65.3233532934,0.0,0,0.0,0.0,0.0
2015-09-10 11:27:00,64,0.0,65.3392857143,0.0,0,0.0,0.0,0.0
2015-09-10 11:37:00,72,0.0,65.3313609467,0.0,0,0.0,0.0,0.0
2015-09-10 11:42:00,62,0.0,65.3705882353,0.0,0,0.0,0.0,0.0
2015-09-10 11:47:00,72,0.0,65.350877193,0.0,0,0.0,0.0,0.0
2015-09-10 11:52:00,72,0.0,65.3895348837,0.0,0,0.0,0.0,0.0
2015-09-10 11:57:00,68,0.0,65.4277456647,0.0,0,0.0,0.0,0.0
2015-09-10 12:07:00,64,0.0,65.4425287356,0.0,0,0.0,0.0,0.0
2015-09-10 12:12:00,63,0.0,65.4342857143,0.0,0,0.0,0.0,0.0
2015-09-10 12:37:00,65,0.0,65.4204545455,0.0,0,0.0,0.0,0.0
2015-09-10 12:42:00,72,0.0,65.418079096,0.0,0,0.0,0.0,0.0
2015-09-10 12:57:00,67,0.0,65.4550561798,0.0,0,0.0,0.0,0.0
2015-09-10 13:07:00,66,0.0,65.4636871508,0.0,0,0.0,0.0,0.0
2015-09-10 13:17:00,71,0.0,65.4666666667,0.0,0,0.0,0.0,0.0
2015-09-10 13:32:00,71,0.0,65.4972375691,0.0,0,0.0,0.0,0.0
2015-09-10 13:42:00,67,0.0,65.5274725275,0.0,0,0.0,0.0,0.0
2015-09-10 13:47:00,68,0.0,65.5355191257,0.0,0,0.0,0.0,0.0
2015-09-10 14:02:00,65,0.0,65.5489130435,0.0,0,0.0,0.0,0.0
2015-09-10 14:07:00,70,0.0,65.5459459459,0.0,0,0.0,0.0,0.0
2015-09-10 14:17:00,71,0.0,65.5698924731,0.0,0,0.0,0.0,0.0
2015-09-10 14:32:00,65,0.0,65.5989304813,0.0,0,0.0,0.0,0.0
2015-09-10 14:37:00,69,0.0,65.5957446809,0.0,0,0.0,0.0,0.0
2015-09-10 14:42:00,69,0.0,65.6137566138,0.0,0,0.0,0.0,0.0
2015-09-10 14:47:00,69,0.0,65.6315789474,0.0,0,0.0,0.0,0.0
2015-09-10 14:57:00,69,0.0,65.6492146597,0.0,0,0.0,0.0,0.0
2015-09-10 15:02:00,71,0.0,65.6666666667,0.0,0,0.0,0.0,0.0
2015-09-10 15:07:00,64,0.0,65.6943005181,0.0,0,0.0,0.0,0.0
2015-09-10 15:12:00,64,0.0,65.6855670103,0.0,0,0.0,0.0,0.0
2015-09-10 15:17:00,66,0.0,65.6769230769,0.0,0,0.0,0.0,0.0
2015-09-10 15:22:00,76,0.0,65.6785714286,0.0,0,0.0,0.0,0.0
2015-09-10 15:27:00,64,0.0,65.730964467,0.0,0,0.0,0.0,0.0
2015-09-10 15:32:00,67,0.0,65.7222222222,0.0,0,0.0,0.0,0.0
2015-09-10 15:37:00,64,0.0,65.7286432161,0.0,0,0.0,0.0,0.0
2015-09-10 15:42:00,70,0.0,65.72,0.0,0,0.0,0.0,0.0
2015-09-10 15:47:00,70,0.0,68.1900186243,0.0,0,0.0,0.0,0.0
2015-09-10 15:52:00,68,0.0,69.5320781785,0.0,0,0.0,0.0,0.0
2015-09-10 15:57:00,69,0.0,69.3946879566,0.0,0,0.0,0.0,0.0
2015-09-10 16:02:00,68,0.0,68.4289343179,0.0,0,0.0,0.0,0.0
2015-09-10 16:12:00,68,0.0,68.2050194756,0.0,0,0.0,0.0,0.0
2015-09-10 16:17:00,69,0.0,67.2962180924,0.0,0,0.0,0.0,0.0
2015-09-10 16:22:00,63,1.0,67.0176674997,0.0,0,-0.22,-0.11,-0.11
2015-09-10 16:27:00,67,0.0,66.2080227242,0.0,0,0.0,0.0,0.0
2015-09-10 16:32:00,66,0.0,68.3155413432,0.0,0,0.0,0.0,0.0
2015-09-10 16:37:00,68,0.0,68.60523684,0.0,0,0.0,0.0,0.0
2015-09-10 16:42:00,66,0.0,68.6375237591,0.0,0,0.0,0.0,0.0
2015-09-10 16:47:00,67,0.0,67.6326258061,0.0,0,0.0,0.0,0.0
2015-09-10 16:52:00,67,0.0,66.6175822682,0.0,0,0.0,0.0,0.0
2015-09-10 16:57:00,68,0.0,69.3746119168,0.0,0,0.0,0.0,0.0
2015-09-10 17:02:00,64,0.0,69.6715553306,0.0,0,0.0,0.0,0.0
2015-09-10 17:07:00,67,0.0,67.0755263382,0.0,0,0.0,0.0,0.0
2015-09-10 17:12:00,62,1.0,72.0394461764,0.0,0,-0.22,-0.11,-0.11
2015-09-10 17:17:00,67,0.0,66.39615853,0.0,0,0.0,0.0,0.0
2015-09-10 17:22:00,66,0.0,68.0338983787,0.0,0,0.0,0.0,0.0
2015-09-10 17:32:00,66,0.0,68.7730281101,0.0,0,0.0,0.0,0.0
2015-09-10 17:37:00,67,0.0,70.817501984,0.0,0,0.0,0.0,0.0
2015-09-10 17:42:00,62,0.0,68.2777363034,0.0,0,0.0,0.0,0.0
2015-09-10 17:47:00,63,0.0,66.3921993113,0.0,0,0.0,0.0,0.0
2015-09-10 17:52:00,66,0.0,71.8401542128,0.0,0,0.0,0.0,0.0
2015-09-10 18:07:00,69,0.0,71.3472581943,0.0,0,0.0,0.0,0.0
2015-09-10 18:12:00,70,0.0,66.0132565637,0.0,0,0.0,0.0,0.0
2015-09-10 18:17:00,70,0.0,66.8523713227,0.0,0,0.0,0.0,0.0
2015-09-10 18:22:00,67,0.0,65.6993982234,0.0,0,0.0,0.0,0.0
2015-09-10 18:37:00,66,0.0,69.6018547526,0.0,0,0.0,0.0,0.0
2015-09-10 18:42:00,68,0.0,67.5774083217,0.0,0,0.0,0.0,0.0
2015-09-10 18:47:00,71,1.0,64.3715793835,0.0,0,-0.22,-0.11,-0.11
2015-09-10 18:52:00,62,0.0,65.6229111485,0.0,0,0.0,0.0,0.0
2015-09-10 18:57:00,68,0.0,71.9841369899,0.0,0,0.0,0.0,0.0
2015-09-10 19:32:00,62,0.0,70.7398732691,0.0,0,0.0,0.0,0.0
2015-09-10 19:37:00,64,0.0,71.5981415242,0.0,0,0.0,0.0,0.0
2015-09-10 19:47:00,69,0.0,65.8587048735,0.0,0,0.0,0.0,0.0
2015-09-10 19:57:00,63,0.0,68.1423211531,0.0,0,0.0,0.0,0.0
2015-09-10 20:02:00,64,0.0,73.0941819468,0.0,0,0.0,0.0,0.0
2015-09-10 21:02:00,62,0.0,73.9573943909,0.0,0,0.0,0.0,0.0
2015-09-10 21:12:00,69,0.0,74.0372630804,0.0,0,0.0,0.0,0.0
2015-09-10 21:27:00,65,0.0,65.0956449202,0.0,0,0.0,0.0,0.0
2015-09-10 21:57:00,56,1.0,66.9013924146,0.0,0,-0.22,-0.11,-0.11
2015-09-10 22:12:00,64,0.0,67.7197895163,0.0,0,0.0,0.0,0.0
2015-09-10 23:42:00,70,0.0,67.2532107975,0.0,0,0.0,0.0,0.0
2015-09-10 23:47:00,61,0.0,69.2708858808,0.0,0,0.0,0.0,0.0
2015-09-11 05:27:00,64,0.0,65.5846278149,0.0,0,0.0,0.0,0.0
2015-09-11 05:47:00,68,0.0,64.4208263381,0.0,0,0.0,0.0,0.0
2015-09-11 06:17:00,65,0.0,64.7080260284,0.0,0,0.0,0.0,0.0
2015-09-11 06:37:00,70,0.0,69.1536378783,0.0,0,0.0,0.0,0.0
2015-09-11 06:42:00,65,0.0,62.4203535545,0.0,0,0.0,0.0,0.0
2015-09-11 06:57:00,65,0.0,59.8680239298,0.0,0,0.0,0.0,0.0
2015-09-11 07:07:00,70,0.0,63.2511719679,0.0,0,0.0,0.0,0.0
2015-09-11 07:12:00,73,1.0,63.5467211146,0.0,0,-0.22,-0.11,-0.11
2015-09-11 07:32:00,69,0.0,59.9661008971,0.0,0,0.0,0.0,0.0
2015-09-11 07:42:00,68,0.0,67.7395830307,0.0,0,0.0,0.0,0.0
2015-09-11 08:12:00,65,0.0,67.0311737661,0.0,0,0.0,0.0,0.0
2015-09-11 08:42:00,68,0.0,61.5500326439,0.0,0,0.0,0.0,0.0
2015-09-11 08:47:00,69,0.0,62.877405781,0.0,0,0.0,0.0,0.0
2015-09-11 09:12:00,71,0.0,71.8716616409,0.0,0,0.0,0.0,0.0
2015-09-11 09:17:00,70,0.0,74.0926510714,0.0,0,0.0,0.0,0.0
2015-09-11 09:27:00,64,0.0,68.9439552848,0.0,0,0.0,0.0,0.0
2015-09-11 09:32:00,68,0.0,68.9914044966,0.0,0,0.0,0.0,0.0
2015-09-11 09:37:00,70,0.0,71.4445136062,0.0,0,0.0,0.0,0.0
2015-09-11 09:52:00,66,0.0,69.8037321298,0.0,0,0.0,0.0,0.0
2015-09-11 09:57:00,71,0.0,68.1417989264,0.0,0,0.0,0.0,0.0
2015-09-11 10:07:00,68,0.0,68.7052157817,0.0,0,0.0,0.0,0.0
2015-09-11 10:27:00,63,0.0,68.5089172592,0.0,0,0.0,0.0,0.0
2015-09-11 10:39:00,66,0.0,70.4689982982,0.0,0,0.0,0.0,0.0
2015-09-11 10:49:00,65,0.0,65.9187549832,0.0,0,0.0,0.0,0.0
2015-09-11 11:19:00,69,0.0,72.7485735226,0.0,0,0.0,0.0,0.0
2015-09-11 11:29:00,70,0.0,75.9729210075,0.0,0,0.0,0.0,0.0
2015-09-11 11:34:00,67,0.0,68.1514812965,0.0,0,0.0,0.0,0.0
2015-09-11 11:39:00,63,0.0,65.6625301731,0.0,0,0.0,0.0,0.0
2015-09-11 11:44:00,68,0.0,65.0229099087,0.0,0,0.0,0.0,0.0
2015-09-11 11:54:00,71,0.0,68.774569955,0.0,0,0.0,0.0,0.0
2015-09-11 12:04:00,60,0.0,67.7381670217,0.0,0,0.0,0.0,0.0
2015-09-11 12:14:00,81,1.0,67.0278647194,0.0,0,-0.22,-0.11,-0.11
2015-09-11 12:39:00,69,0.0,65.2388505691,0.0,0,0.0,0.0,0.0
2015-09-11 12:44:00,71,0.0,66.2838212798,0.0,0,0.0,0.0,0.0
2015-09-11 12:49:00,64,0.0,66.8602036774,0.0,0,0.0,0.0,0.0
2015-09-11 12:54:00,65,0.0,69.1227219312,0.0,0,0.0,0.0,0.0
2015-09-11 12:59:00,69,0.0,71.2868051525,0.0,0,0.0,0.0,0.0
2015-09-11 13:09:00,66,0.0,72.5324844583,0.0,0,0.0,0.0,0.0
2015-09-11 13:24:00,65,0.0,66.719620067,0.0,0,0.0,0.0,0.0
2015-09-11 13:29:00,67,0.0,65.5953136264,0.0,0,0.0,0.0,0.0
2015-09-11 13:39:00,67,0.0,70.9470811302,0.0,0,0.0,0.0,0.0
2015-09-11 13:44:00,66,0.0,64.8157373818,0.0,0,0.0,0.0,0.0
2015-09-11 13:49:00,69,0.0,68.0022673408,0.0,0,0.0,0.0,0.0
2015-09-11 13:54:00,70,0.0,61.2871473386,0.0,0,0.0,0.0,0.0
2015-09-11 14:04:00,65,0.0,68.8682598481,0.0,0,0.0,0.0,0.0
2015-09-11 14:14:00,68,0.0,67.4414467922,0.0,0,0.0,0.0,0.0
2015-09-11 14:19:00,68,0.0,63.7732203389,0.0,0,0.0,0.0,0.0
2015-09-11 14:24:00,66,0.0,61.7373681456,0.0,0,0.0,0.0,0.0
2015-09-11 14:29:00,67,0.0,67.8868693992,0.0,0,0.0,0.0,0.0
2015-09-11 14:39:00,66,0.0,67.190154546,0.0,0,0.0,0.0,0.0
2015-09-11 14:44:00,67,0.0,63.6920000973,0.0,0,0.0,0.0,0.0
2015-09-11 14:54:00,66,0.0,69.5812851806,0.0,0,0.0,0.0,0.0
2015-09-11 14:59:00,65,0.0,66.8706012474,0.0,0,0.0,0.0,0.0
2015-09-11 15:09:00,69,0.0,64.1351761353,0.0,0,0.0,0.0,0.0
2015-09-11 15:14:00,69,0.0301029996659,73.8681502811,0.0,0,0.0,0.0,0.0
2015-09-11 15:19:00,70,0.0301029996659,68.6837714691,0.0,0,0.0,0.0,0.0
2015-09-11 15:24:00,67,0.0301029996659,69.3244505521,0.0,0,0.0,0.0,0.0
2015-09-11 15:29:00,68,0.0301029996659,61.6407748758,0.0,0,0.0,0.0,0.0
2015-09-11 15:34:00,64,0.0301029996659,75.9269391005,0.0,1,0.871604206333,0.871604206333,0.871604206333
2015-09-11 15:39:00,66,0.0301029996659,65.3982611083,0.0,1,0.0,0.0,0.0
2015-09-11 15:44:00,66,0.0301029996659,71.0932668433,0.0,1,0.0,0.0,0.0
2015-09-11 15:49:00,62,0.0301029996659,65.05850819,0.0,1,0.0,0.0,0.0
2015-09-11 15:54:00,66,0.0301029996659,64.8434928488,0.0,1,0.0,0.0,0.0
2015-09-11 15:59:00,60,0.0301029996659,68.7088367379,0.0,1,0.0,0.0,0.0
2015-09-11 16:04:00,66,0.0301029996659,60.359184347,0.0,1,0.0,0.0,0.0
2015-09-11 16:09:00,68,0.0301029996659,66.8578311533,0.0,1,0.0,0.0,0.0
2015-09-11 16:14:00,64,0.0301029996659,71.3947153896,0.0,1,0.0,0.0,0.0
2015-09-11 16:19:00,66,0.0301029996659,64.6161761292,0.0,1,0.0,0.0,0.0
2015-09-11 16:24:00,60,0.0301029996659,67.6895300311,0.0,1,0.0,0.0,0.0
2015-09-11 16:29:00,70,0.0301029996659,65.3430096606,0.0,1,0.0,0.0,0.0
2015-09-11 16:34:00,65,0.0301029996659,68.9636169474,0.0,1,0.0,0.0,0.0
2015-09-11 16:39:00,59,0.0301029996659,62.8990150637,0.0,1,0.0,0.0,0.0
2015-09-11 16:44:00,23,1.0,65.2041281667,0.0,1,0.0,0.0,0.0
2015-09-11 16:49:00,52,0.0301029996659,71.5435987381,0.0,1,0.0,0.0,0.0
2015-09-11 16:54:00,56,0.0301029996659,75.1364794462,0.0,1,0.0,0.0,0.0
2015-09-11 16:59:00,67,0.0301029996659,64.1527878643,0.0,1,0.0,0.0,0.0
2015-09-11 17:04:00,63,0.0301029996659,72.2674604349,0.0,1,0.0,0.0,0.0
2015-09-11 17:09:00,61,0.0301029996659,73.248625919,0.0,1,0.0,0.0,0.0
2015-09-11 17:14:00,65,0.0301029996659,65.6899111718,0.0,1,0.0,0.0,0.0
2015-09-11 17:19:00,63,0.0301029996659,66.3499895577,0.0,1,0.0,0.0,0.0
2015-09-11 17:24:00,62,0.0301029996659,68.5263782744,0.0,1,0.0,0.0,0.0
2015-09-11 17:29:00,66,0.0301029996659,82.4118718262,0.0,1,0.0,0.0,0.0
2015-09-11 17:34:00,62,0.0301029996659,78.1119102448,0.0,1,0.0,0.0,0.0
2015-09-11 17:39:00,70,0.0301029996659,66.5792293301,0.0,1,0.0,0.0,0.0
2015-09-11 17:44:00,68,0.0301029996659,70.015156598,0.0,1,0.0,0.0,0.0
2015-09-11 17:49:00,69,0.0301029996659,72.9591899057,0.0,1,0.0,0.0,0.0
2015-09-11 17:54:00,69,0.0301029996659,72.3636187192,0.0,1,0.0,0.0,0.0
2015-09-11 17:59:00,69,0.0301029996659,74.65688066,0.0,0,0.0,0.0,0.0
2015-09-11 18:04:00,64,0.0301029996659,74.3382072902,0.0,0,0.0,0.0,0.0
2015-09-11 18:09:00,68,0.0301029996659,76.7308603884,0.0,0,0.0,0.0,0.0
2015-09-11 18:11:00,70,0.0301029996659,74.5926786058,0.0,0,0.0,0.0,0.0
2015-09-11 18:16:00,65,0.0301029996659,70.5976960217,0.0,0,0.0,0.0,0.0
2015-09-11 18:21:00,70,0.0301029996659,61.2722563101,0.0,0,0.0,0.0,0.0
2015-09-11 18:26:00,67,0.0301029996659,63.9646807617,0.0,0,0.0,0.0,0.0
2015-09-11 18:31:00,64,0.0301029996659,73.4415809239,0.0,0,0.0,0.0,0.0
2015-09-11 18:36:00,67,0.0301029996659,68.6842822774,0.0,0,0.0,0.0,0.0
2015-09-11 18:41:00,67,0.0301029996659,74.3175924252,0.0,0,0.0,0.0,0.0
2015-09-11 18:51:00,68,0.0301029996659,75.047786749,0.0,0,0.0,0.0,0.0
2015-09-11 18:56:00,68,0.0301029996659,62.3919646437,0.0,0,0.0,0.0,0.0
2015-09-11 19:01:00,68,0.0301029996659,58.3740797287,0.0,0,0.0,0.0,0.0
2015-09-11 19:26:00,63,0.0301029996659,61.3302135953,0.0,0,0.0,0.0,0.0
2015-09-11 19:41:00,62,0.0301029996659,62.894507183,0.0,0,0.0,0.0,0.0
2015-09-11 19:46:00,69,0.0301029996659,59.3255006466,0.0,0,0.0,0.0,0.0
2015-09-11 20:01:00,61,0.0301029996659,72.0220368844,0.0,0,0.0,0.0,0.0
2015-09-11 20:06:00,58,0.0301029996659,56.2044201518,0.0,0,0.0,0.0,0.0
2015-09-11 20:16:00,61,0.0301029996659,70.0048273283,0.0,0,0.0,0.0,0.0
2015-09-11 20:26:00,63,0.0301029996659,79.6667860763,0.0,0,0.0,0.0,0.0
2015-09-11 20:36:00,62,0.0301029996659,61.5729493587,0.0,0,0.0,0.0,0.0
2015-09-11 20:46:00,66,0.0301029996659,66.4895252118,0.0,0,0.0,0.0,0.0
2015-09-11 20:51:00,65,0.0301029996659,81.651542071,0.0,0,0.0,0.0,0.0
2015-09-11 21:01:00,60,0.0301029996659,64.7790696063,0.0,0,0.0,0.0,0.0
2015-09-11 21:21:00,64,0.0301029996659,51.9751731219,0.0,0,0.0,0.0,0.0
2015-09-11 21:51:00,59,0.0301029996659,67.8497042956,0.0,0,0.0,0.0,0.0
2015-09-11 21:56:00,56,0.0301029996659,55.4132236252,0.0,0,0.0,0.0,0.0
2015-09-11 21:59:00,47,0.0301029996659,45.7617466025,0.0,0,0.0,0.0,0.0
2015-09-11 22:16:00,60,0.0301029996659,52.9549455725,0.0,0,0.0,0.0,0.0
2015-09-11 22:41:00,56,0.0301029996659,47.1051336938,0.0,0,0.0,0.0,0.0
2015-09-11 23:41:00,57,0.0301029996659,56.2106584893,0.0,0,0.0,0.0,0.0
2015-09-12 00:16:00,79,0.0301029996659,55.995518628,0.0,0,0.0,0.0,0.0
2015-09-12 00:46:00,62,0.0301029996659,60.2640363243,0.0,0,0.0,0.0,0.0
2015-09-12 02:56:00,64,0.0301029996659,68.7075490897,0.0,0,0.0,0.0,0.0
2015-09-12 03:41:00,58,0.0301029996659,59.5912737715,0.0,0,0.0,0.0,0.0
2015-09-12 05:06:00,78,0.0301029996659,59.6265574961,0.0,0,0.0,0.0,0.0
2015-09-12 06:51:00,75,0.0301029996659,77.7546258076,0.0,0,0.0,0.0,0.0
2015-09-12 07:11:00,71,0.092985676386,72.906700703,0.0,0,0.0,0.0,0.0
2015-09-12 07:41:00,70,0.103643296656,66.4541186949,0.0,0,0.0,0.0,0.0
2015-09-12 07:51:00,73,0.107016660183,70.2809573526,0.0,0,0.0,0.0,0.0
2015-09-12 08:01:00,70,0.0873419626586,68.61473804,0.0,0,0.0,0.0,0.0
2015-09-12 08:16:00,70,0.0492889349175,66.7322074059,0.0,0,0.0,0.0,0.0
2015-09-12 08:46:00,80,0.0825484604805,60.8381391424,0.0,0,0.0,0.0,0.0
2015-09-12 08:56:00,66,0.0823609557146,83.881245453,0.0,0,0.0,0.0,0.0
2015-09-12 09:16:00,68,0.0743202686492,55.5013672723,0.0,0,0.0,0.0,0.0
2015-09-12 09:21:00,76,0.0756035668481,54.8733741187,0.0,0,0.0,0.0,0.0
2015-09-12 09:26:00,66,0.0563986119234,44.27619866,0.0,0,0.0,0.0,0.0
2015-09-12 09:56:00,69,0.0464126367106,64.8471599759,0.0,0,0.0,0.0,0.0
2015-09-12 10:06:00,69,0.0481695668,73.8372876021,0.0,0,0.0,0.0,0.0
2015-09-12 10:16:00,70,0.0442046527764,46.8842739484,0.0,0,0.0,0.0,0.0
2015-09-12 10:46:00,72,0.044869689378,79.7889755449,0.0,0,0.0,0.0,0.0
2015-09-12 10:51:00,67,0.0654508499621,28.6377863873,0.0,0,0.0,0.0,0.0
2015-09-12 10:56:00,71,0.0381224789744,79.0181769758,0.0,0,0.0,0.0,0.0
2015-09-12 11:06:00,64,0.0387495187446,87.4909703181,0.0,0,0.0,0.0,0.0
2015-09-12 11:31:00,67,0.0329608903525,61.6237684351,0.0,0,0.0,0.0,0.0
2015-09-12 11:41:00,75,0.0333423063328,88.3055609912,0.0,0,0.0,0.0,0.0
2015-09-12 11:46:00,68,0.0344459323212,58.7719437706,0.0,0,0.0,0.0,0.0
2015-09-12 12:06:00,67,0.0361478245691,90.7521436374,0.0,0,0.0,0.0,0.0
2015-09-12 12:11:00,71,0.0349230067847,53.8921741816,0.0,0,0.0,0.0,0.0
2015-09-12 12:16:00,65,0.0297319590611,81.0582779194,0.0,0,0.0,0.0,0.0
2015-09-12 12:26:00,67,0.0303499799714,66.0734663109,0.0,0,0.0,0.0,0.0
2015-09-12 12:31:00,77,0.0336702365605,67.2693769378,0.0,0,0.0,0.0,0.0
2015-09-12 12:36:00,67,0.0320468928911,57.9583762361,0.0,0,0.0,0.0,0.0
2015-09-12 12:46:00,67,0.0314185481455,53.1117023053,0.0,0,0.0,0.0,0.0
2015-09-12 12:51:00,68,0.0321200485341,65.4108015466,0.0,0,0.0,0.0,0.0
2015-09-12 13:06:00,70,0.018086442989,75.7572732121,0.0,0,0.0,0.0,0.0
2015-09-12 13:11:00,67,0.0217937852849,49.9569025123,0.0,0,0.0,0.0,0.0
2015-09-12 13:16:00,62,0.0226152176692,56.2234531864,0.0,0,0.0,0.0,0.0
2015-09-12 13:21:00,67,0.0132023100043,82.1617494135,0.0,0,0.0,0.0,0.0
2015-09-12 13:36:00,67,0.0107353681663,69.1757834126,0.0,0,0.0,0.0,0.0
2015-09-12 13:41:00,65,0.00866314496314,67.1330949267,0.0,0,0.0,0.0,0.0
2015-09-12 14:16:00,73,0.00991357471734,45.2192155987,0.0,0,0.0,0.0,0.0
2015-09-12 14:21:00,69,0.0194778929412,70.6304316796,0.0,0,0.0,0.0,0.0
2015-09-12 14:31:00,70,0.0192524461215,80.8246307812,0.0,0,0.0,0.0,0.0
2015-09-12 14:41:00,70,0.0244858245502,50.4364605002,0.0,0,0.0,0.0,0.0
2015-09-12 14:56:00,69,0.024049798572,96.8449460949,0.0,0,0.0,0.0,0.0
2015-09-12 15:01:00,72,0.0254446184068,71.3791190023,0.0,0,0.0,0.0,0.0
2015-09-12 15:11:00,70,0.0248811155636,66.0218848527,0.0,0,0.0,0.0,0.0
2015-09-12 15:16:00,64,0.0335588935658,95.2428991629,0.0,0,0.0,0.0,0.0
2015-09-12 15:21:00,68,0.0357529217576,41.2735198213,0.0,0,0.0,0.0,0.0
2015-09-12 15:31:00,66,0.0422989422663,52.7388568649,0.0,0,0.0,0.0,0.0
2015-09-12 15:36:00,72,0.0232951344119,68.2016319655,0.0,0,0.0,0.0,0.0
2015-09-12 15:41:00,71,0.0122037995944,59.6425794591,0.0,0,0.0,0.0,0.0
2015-09-12 15:46:00,68,0.0117255415829,61.4386823346,0.0,0,0.0,0.0,0.0
2015-09-12 15:51:00,66,0.0106345183969,61.7088508989,0.0,0,0.0,0.0,0.0
2015-09-12 15:56:00,70,0.0138993968775,70.234306308,0.0,0,0.0,0.0,0.0
2015-09-12 16:01:00,68,0.0129538786406,73.1495665534,0.0,0,0.0,0.0,0.0
2015-09-12 16:11:00,65,0.0154640564775,62.1707855153,0.0,0,0.0,0.0,0.0
2015-09-12 16:16:00,72,0.0114268926862,70.6491266159,0.0,0,0.0,0.0,0.0
2015-09-12 16:21:00,65,0.0149704609985,83.3865733894,0.0,0,0.0,0.0,0.0
2015-09-12 16:31:00,71,0.0164930977744,69.7038771727,0.0,0,0.0,0.0,0.0
2015-09-12 16:36:00,65,0.0146492865565,72.4169925217,0.0,0,0.0,0.0,0.0
2015-09-12 16:41:00,64,0.0193466945232,65.7010447188,0.0,0,0.0,0.0,0.0
2015-09-12 16:46:00,69,0.025309716471,50.7607561204,0.0,0,0.0,0.0,0.0
2015-09-12 16:51:00,68,0.0247667906185,60.2694240168,0.0,0,0.0,0.0,0.0
2015-09-12 16:56:00,72,0.0191721854513,74.1537037662,0.0,0,0.0,0.0,0.0
2015-09-12 17:01:00,71,0.0159894412966,73.4841877819,0.0,0,0.0,0.0,0.0
2015-09-12 17:06:00,69,0.0124948760031,62.5639225891,0.0,0,0.0,0.0,0.0
2015-09-12 17:21:00,71,0.0131643081575,69.422647944,0.0,0,0.0,0.0,0.0
2015-09-12 17:46:00,69,0.0117739618243,85.835639358,0.0,0,0.0,0.0,0.0
2015-09-12 18:21:00,73,0.0107680901687,65.7003418976,0.0,0,0.0,0.0,0.0
2015-09-12 18:41:00,70,0.016416020214,72.5675062835,0.0,0,0.0,0.0,0.0
2015-09-12 19:01:00,68,0.0128303565124,55.2483534606,0.0,0,0.0,0.0,0.0
2015-09-12 19:21:00,62,0.0129482378952,71.1345313462,0.0,0,0.0,0.0,0.0
2015-09-12 19:26:00,69,0.0126982480701,74.9221754505,0.0,0,0.0,0.0,0.0
2015-09-12 19:46:00,72,0.0128841915656,63.482331529,0.0,0,0.0,0.0,0.0
2015-09-12 19:51:00,65,0.0129854668482,73.3363110526,0.0,0,0.0,0.0,0.0
2015-09-12 20:06:00,60,0.0244959434521,63.8923136892,0.0,0,0.0,0.0,0.0
2015-09-12 20:31:00,62,0.0340891243335,61.8859785631,0.0,0,0.0,0.0,0.0
2015-09-12 20:51:00,66,0.0301420369501,71.7091900734,0.0,0,0.0,0.0,0.0
2015-09-12 21:21:00,68,0.0266118473785,75.2317549924,0.0,0,0.0,0.0,0.0
2015-09-12 21:36:00,63,0.0208641465232,63.5296318956,0.0,0,0.0,0.0,0.0
2015-09-12 21:51:00,70,0.0280994795985,85.3328384049,0.0,0,0.0,0.0,0.0
2015-09-12 22:46:00,74,0.0287829789152,57.8096176323,0.0,0,0.0,0.0,0.0
2015-09-12 23:01:00,62,0.0289499733218,67.1807927424,0.0,0,0.0,0.0,0.0
2015-09-12 23:06:00,59,0.0383968763545,66.1828723403,0.0,0,0.0,0.0,0.0
2015-09-12 23:31:00,59,0.0601131195953,74.6804496393,0.0,0,0.0,0.0,0.0
2015-09-13 06:31:00,62,0.0402446241861,60.6442938249,0.0,0,0.0,0.0,0.0
2015-09-13 07:51:00,70,0.0290228863026,69.2816006222,0.0,0,0.0,0.0,0.0
2015-09-13 08:01:00,62,0.0357922404849,73.7166225985,0.0,0,0.0,0.0,0.0
2015-09-13 08:26:00,67,0.0334584573864,62.1531042489,0.0,0,0.0,0.0,0.0
2015-09-13 09:21:00,69,0.0296518753059,76.1081281612,0.0,0,0.0,0.0,0.0
2015-09-13 09:26:00,72,0.0229638164371,66.9553972788,0.0,0,0.0,0.0,0.0
2015-09-13 09:41:00,67,0.0204728009994,67.0900323145,0.0,0,0.0,0.0,0.0
2015-09-13 10:06:00,69,0.0187441415661,71.9243777492,0.0,0,0.0,0.0,0.0
2015-09-13 10:11:00,72,0.0168674010389,68.9760846347,0.0,0,0.0,0.0,0.0
2015-09-13 10:16:00,65,0.0101390601661,83.7166504723,0.0,0,0.0,0.0,0.0
2015-09-13 10:46:00,76,0.0159500434202,67.8934334981,0.0,0,0.0,0.0,0.0
2015-09-13 10:51:00,67,0.0167534097977,63.3775297332,0.0,0,0.0,0.0,0.0
2015-09-13 10:56:00,72,0.0188149859681,70.0210497943,0.0,0,0.0,0.0,0.0
2015-09-13 11:06:00,70,0.0259713789827,63.799398152,0.0,0,0.0,0.0,0.0
2015-09-13 11:11:00,65,0.0260494868351,74.8582414439,0.0,0,0.0,0.0,0.0
2015-09-13 11:26:00,71,0.0304348303729,81.9754089316,0.0,0,0.0,0.0,0.0
2015-09-13 11:31:00,69,0.0266160095461,53.6061112451,0.0,0,0.0,0.0,0.0
2015-09-13 11:46:00,64,0.0310819515347,67.1738330846,0.0,0,0.0,0.0,0.0
2015-09-13 11:51:00,67,0.0243232947464,72.3405183319,0.0,0,0.0,0.0,0.0
2015-09-13 11:56:00,69,0.0236414426657,69.272771207,0.0,0,0.0,0.0,0.0
2015-09-13 12:06:00,66,0.0143913084452,74.0479665766,0.0,0,0.0,0.0,0.0
2015-09-13 12:21:00,73,0.0227689946949,50.9429405995,0.0,0,0.0,0.0,0.0
2015-09-13 12:26:00,70,0.0189341290957,62.2766750433,0.0,0,0.0,0.0,0.0
2015-09-13 12:31:00,66,0.0151064763175,69.8620708883,0.0,0,0.0,0.0,0.0
2015-09-13 12:41:00,66,0.0162794669996,61.9200192497,0.0,0,0.0,0.0,0.0
2015-09-13 12:53:00,66,0.0134114397274,69.1264743311,0.0,0,0.0,0.0,0.0
2015-09-13 12:58:00,70,0.0142327999114,85.552235403,0.0,0,0.0,0.0,0.0
2015-09-13 13:03:00,67,0.0102736047906,60.1497215274,0.0,0,0.0,0.0,0.0
2015-09-13 13:08:00,72,0.0164427483678,79.8397658872,0.0,0,0.0,0.0,0.0
2015-09-13 13:13:00,69,0.0150239586624,77.1797040024,0.0,0,0.0,0.0,0.0
2015-09-13 13:18:00,66,0.0145321731446,69.0268503333,0.0,0,0.0,0.0,0.0
2015-09-13 13:23:00,68,0.00829055099146,73.6725797578,0.0,0,0.0,0.0,0.0
2015-09-13 13:28:00,65,0.00629340391467,62.7387775725,0.0,0,0.0,0.0,0.0
2015-09-13 13:38:00,67,0.00549741139299,65.526112063,0.0,0,0.0,0.0,0.0
2015-09-13 13:43:00,64,0.0057616933827,68.0746956619,0.0,0,0.0,0.0,0.0
2015-09-13 13:53:00,66,0.00540830221354,70.5767124863,0.0,0,0.0,0.0,0.0
2015-09-13 13:58:00,68,0.00454024709752,66.259550065,0.0,0,0.0,0.0,0.0
2015-09-13 14:13:00,68,0.00709900791055,54.4868282579,0.0,0,0.0,0.0,0.0
2015-09-13 14:23:00,67,0.00561607499966,60.119442746,0.0,0,0.0,0.0,0.0
2015-09-13 14:28:00,59,0.00804683051896,67.7382215566,0.0,0,0.0,0.0,0.0
2015-09-13 14:38:00,64,0.00947714667247,47.94839183,0.0,0,0.0,0.0,0.0
2015-09-13 14:48:00,67,0.00988689775498,64.6600149529,0.0,0,0.0,0.0,0.0
2015-09-13 14:53:00,65,0.010124111069,65.8127430115,0.0,0,0.0,0.0,0.0
2015-09-13 15:13:00,67,0.0129561830142,68.8444548881,0.0,0,0.0,0.0,0.0
2015-09-13 15:23:00,66,0.0129478684861,59.3461949101,0.0,0,0.0,0.0,0.0
2015-09-13 15:28:00,68,0.0142151300847,68.7326854788,0.0,0,0.0,0.0,0.0
2015-09-13 15:33:00,66,0.0144984174334,55.3681758502,0.0,0,0.0,0.0,0.0
2015-09-13 15:38:00,72,0.01830799001,59.607288261,0.0,0,0.0,0.0,0.0
2015-09-13 15:43:00,71,0.0201562246111,62.8122561835,0.0,0,0.0,0.0,0.0
2015-09-13 15:48:00,69,0.0155119802184,68.5788309099,0.0,0,0.0,0.0,0.0
2015-09-13 16:03:00,61,0.0172233822142,58.8604637461,0.0,0,0.0,0.0,0.0
2015-09-13 16:08:00,67,0.0232563094295,66.4502151092,0.0,0,0.0,0.0,0.0
2015-09-13 16:18:00,66,0.0249241254263,71.4204720296,0.0,0,0.0,0.0,0.0
2015-09-13 16:28:00,74,0.0371171328036,79.5635664739,0.0,0,0.0,0.0,0.0
2015-09-13 16:48:00,65,0.040943329667,69.1398480819,0.0,0,0.0,0.0,0.0
2015-09-13 16:53:00,69,0.0400241829088,63.0586431201,0.0,0,0.0,0.0,0.0
2015-09-13 16:58:00,64,0.0424119056971,58.997505422,0.0,0,0.0,0.0,0.0
2015-09-13 17:03:00,67,0.0231525582075,62.3451672445,0.0,0,0.0,0.0,0.0
2015-09-13 17:13:00,69,0.0172083575554,75.0428215581,0.0,0,0.0,0.0,0.0
2015-09-13 17:18:00,62,0.02149873539,68.7379398832,0.0,0,0.0,0.0,0.0
2015-09-13 17:23:00,63,0.02714607672,66.3708950823,0.0,0,0.0,0.0,0.0
2015-09-13 17:43:00,73,0.027992586489,59.108464651,0.0,0,0.0,0.0,0.0
2015-09-13 17:48:00,64,0.0249098636292,54.260957614,0.0,0,0.0,0.0,0.0
2015-09-13 17:53:00,67,0.0131154255582,69.2398135743,0.0,0,0.0,0.0,0.0
2015-09-13 17:58:00,65,0.0106364265252,63.4587700038,0.0,0,0.0,0.0,0.0
2015-09-13 18:08:00,67,0.0101698834432,77.2597666867,0.0,0,0.0,0.0,0.0
2015-09-13 18:18:00,65,0.0109136953532,65.829874649,0.0,0,0.0,0.0,0.0
2015-09-13 18:23:00,74,0.0215835866886,76.5569383189,0.0,0,0.0,0.0,0.0
2015-09-13 18:33:00,65,0.0252134853275,65.1896177794,0.0,0,0.0,0.0,0.0
2015-09-13 18:38:00,70,0.0246241188661,60.5972477922,0.0,0,0.0,0.0,0.0
2015-09-13 18:43:00,70,0.0187097347324,61.5073879799,0.0,0,0.0,0.0,0.0
2015-09-13 18:48:00,69,0.0145350215753,63.668788121,0.0,0,0.0,0.0,0.0
2015-09-13 18:58:00,69,0.0158775644085,80.5782279827,0.0,0,0.0,0.0,0.0
2015-09-13 19:08:00,63,0.0173107343561,66.1863575524,0.0,0,0.0,0.0,0.0
2015-09-13 19:13:00,63,0.0248396490941,63.254832282,0.0,0,0.0,0.0,0.0
2015-09-13 19:33:00,65,0.0274913411579,64.0571398442,0.0,0,0.0,0.0,0.0
2015-09-13 19:43:00,56,0.0526487208478,68.289470191,0.0,0,0.0,0.0,0.0
2015-09-13 19:48:00,69,0.0319016477711,70.6732478522,0.0,0,0.0,0.0,0.0
2015-09-13 20:13:00,63,0.0323443928034,76.0211372885,0.0,0,0.0,0.0,0.0
2015-09-13 20:33:00,66,0.0250111086717,68.9378540117,0.0,0,0.0,0.0,0.0
2015-09-13 20:43:00,66,0.0210169668076,59.6002074162,0.0,0,0.0,0.0,0.0
2015-09-13 20:48:00,64,0.0254844084342,70.0502417386,0.0,0,0.0,0.0,0.0
2015-09-13 21:08:00,68,0.0311213421205,55.2584759735,0.0,0,0.0,0.0,0.0
2015-09-13 21:28:00,55,0.0484847594246,66.2270704495,0.0,0,0.0,0.0,0.0
2015-09-13 22:48:00,75,0.067502403741,66.558368315,0.0,0,0.0,0.0,0.0
2015-09-13 22:53:00,69,0.0654397137265,62.3018010292,0.0,0,0.0,0.0,0.0
2015-09-13 23:33:00,62,0.0421618044227,60.7615151194,0.0,0,0.0,0.0,0.0
2015-09-14 00:33:00,68,0.0499195662965,52.8801015638,0.0,0,0.0,0.0,0.0
2015-09-14 05:53:00,66,0.0459924588766,70.0238727697,0.0,0,0.0,0.0,0.0
2015-09-14 06:18:00,66,0.0474606812615,70.8187375207,0.0,0,0.0,0.0,0.0
2015-09-14 06:28:00,75,0.0774773808338,64.7107080829,0.0,0,0.0,0.0,0.0
2015-09-14 06:48:00,65,0.0832423903581,83.2273317371,0.0,0,0.0,0.0,0.0
2015-09-14 06:53:00,68,0.0746202231042,72.3342297574,0.0,0,0.0,0.0,0.0
2015-09-14 06:58:00,71,0.0530219179792,76.2556235471,0.0,0,0.0,0.0,0.0
2015-09-14 07:08:00,69,0.0290207017997,67.3746441976,0.0,0,0.0,0.0,0.0
2015-09-14 07:28:00,67,0.0257002485584,73.1640430703,0.0,0,0.0,0.0,0.0
2015-09-14 07:33:00,68,0.0203571397119,62.5464159683,0.0,0,0.0,0.0,0.0
2015-09-14 07:38:00,67,0.0161377730003,60.9266710202,0.0,0,0.0,0.0,0.0
2015-09-14 07:48:00,71,0.0177756546066,60.6525312983,0.0,0,0.0,0.0,0.0
2015-09-14 07:58:00,67,0.0173452464569,70.1875628373,0.0,0,0.0,0.0,0.0
2015-09-14 08:13:00,65,0.0116398194841,64.9465940792,0.0,0,0.0,0.0,0.0
2015-09-14 08:28:00,66,0.0108281794934,76.7509285642,0.0,0,0.0,0.0,0.0
2015-09-14 08:33:00,64,0.0116969946786,57.526551268,0.0,0,0.0,0.0,0.0
2015-09-14 08:48:00,60,0.0166364445754,66.5006509891,0.0,0,0.0,0.0,0.0
2015-09-14 08:53:00,69,0.0161692178188,66.7074777525,0.0,0,0.0,0.0,0.0
2015-09-14 09:03:00,66,0.0162936332669,65.023889887,0.0,0,0.0,0.0,0.0
2015-09-14 09:08:00,73,0.020194169977,71.5849938024,0.0,0,0.0,0.0,0.0
2015-09-14 09:13:00,70,0.0249595907118,62.0733315713,0.0,0,0.0,0.0,0.0
2015-09-14 09:23:00,72,0.0381828987991,70.2445619479,0.0,0,0.0,0.0,0.0
2015-09-14 09:28:00,62,0.0505466435867,65.5289779965,0.0,0,0.0,0.0,0.0
2015-09-14 09:33:00,70,0.0469703374837,72.9104244932,0.0,0,0.0,0.0,0.0
2015-09-14 09:38:00,69,0.0446629521113,70.3258356677,0.0,0,0.0,0.0,0.0
2015-09-14 09:43:00,69,0.0432667996612,71.4554375929,0.0,0,0.0,0.0,0.0
2015-09-14 09:48:00,69,0.0344331913073,67.8604980514,0.0,0,0.0,0.0,0.0
2015-09-14 09:53:00,71,0.0391330050447,59.9330544757,0.0,0,0.0,0.0,0.0
2015-09-14 09:58:00,68,0.0452559514478,72.0124857568,0.0,0,0.0,0.0,0.0
2015-09-14 10:13:00,63,0.0429439761769,70.5639667532,0.0,0,0.0,0.0,0.0
2015-09-14 10:18:00,68,0.0395098383386,73.4848586938,0.0,0,0.0,0.0,0.0
2015-09-14 10:23:00,68,0.0214554831207,66.2405780941,0.0,0,0.0,0.0,0.0
2015-09-14 10:28:00,66,0.0142338951822,63.9077708851,0.0,0,0.0,0.0,0.0
2015-09-14 10:33:00,70,0.0139099418791,57.1395933291,0.0,0,0.0,0.0,0.0
2015-09-14 10:43:00,70,0.0128058484196,60.5812846069,0.0,0,0.0,0.0,0.0
2015-09-14 10:48:00,65,0.01387711328,58.9186995066,0.0,0,0.0,0.0,0.0
2015-09-14 11:03:00,74,0.0257589524163,70.622351461,0.0,0,0.0,0.0,0.0
2015-09-14 11:13:00,67,0.0210073831325,64.3334959352,0.0,0,0.0,0.0,0.0
2015-09-14 11:18:00,64,0.0201867059523,69.1296807047,0.0,0,0.0,0.0,0.0
2015-09-14 11:23:00,70,0.0214264416624,70.7161797038,0.0,0,0.0,0.0,0.0
2015-09-14 11:28:00,70,0.0251790898038,64.9425095108,0.0,0,0.0,0.0,0.0
2015-09-14 11:33:00,66,0.0231294624772,72.172165357,0.0,0,0.0,0.0,0.0
2015-09-14 11:43:00,67,0.0229020938021,68.3148318833,0.0,0,0.0,0.0,0.0
2015-09-14 12:03:00,63,0.0255364216106,74.0154536899,0.0,0,0.0,0.0,0.0
2015-09-14 12:08:00,70,0.0254363482051,69.9382391259,0.0,0,0.0,0.0,0.0
2015-09-14 12:13:00,63,0.0281635047545,67.6404120931,0.0,0,0.0,0.0,0.0
2015-09-14 12:23:00,71,0.0147152310765,70.4199341443,0.0,0,0.0,0.0,0.0
2015-09-14 12:28:00,62,0.0179428270179,58.6665192632,0.0,0,0.0,0.0,0.0
2015-09-14 12:38:00,67,0.0155573819719,70.4338863184,0.0,0,0.0,0.0,0.0
2015-09-14 12:43:00,68,0.0125351187831,63.2803559336,0.0,0,0.0,0.0,0.0
2015-09-14 12:48:00,73,0.0147092410598,64.0428762695,0.0,0,0.0,0.0,0.0
2015-09-14 12:53:00,67,0.0153232111851,72.0383156591,0.0,0,0.0,0.0,0.0
2015-09-14 13:15:00,65,0.0168186885718,64.8920772493,0.0,0,0.0,0.0,0.0
2015-09-14 13:20:00,63,0.0155877980524,67.9526545136,0.0,0,0.0,0.0,0.0
2015-09-14 13:25:00,72,0.0220378737435,68.8717131049,0.0,0,0.0,0.0,0.0
2015-09-14 13:35:00,65,0.0164999167517,70.6459649936,0.0,0,0.0,0.0,0.0
2015-09-14 13:40:00,64,0.0191339570774,74.4579913672,0.0,0,0.0,0.0,0.0
2015-09-14 13:45:00,71,0.0241889481371,66.9408239761,0.0,0,0.0,0.0,0.0
2015-09-14 13:50:00,66,0.0242647958314,65.2758926699,0.0,0,0.0,0.0,0.0
2015-09-14 13:55:00,59,0.0475438129134,70.4729031296,0.0,0,0.0,0.0,0.0
2015-09-14 14:15:00,57,0.0705536356608,72.8668187144,0.0,0,0.0,0.0,0.0
2015-09-14 14:20:00,66,0.0719984228243,63.3456666521,0.0,0,0.0,0.0,0.0
2015-09-14 14:25:00,71,0.0790052622655,70.8026858104,0.0,0,0.0,0.0,0.0
2015-09-14 14:35:00,69,0.0645485243483,66.7207187976,0.0,0,0.0,0.0,0.0
2015-09-14 14:40:00,67,0.0513498540517,65.1789680096,0.0,0,0.0,0.0,0.0
2015-09-14 14:45:00,66,0.0531627357243,58.0433291167,0.0,0,0.0,0.0,0.0
2015-09-14 14:50:00,67,0.0378146386161,65.1325544489,0.0,0,0.0,0.0,0.0
2015-09-14 14:55:00,65,0.0235962138066,65.1326458904,0.0,0,0.0,0.0,0.0
2015-09-14 15:00:00,70,0.0311251419351,65.6302566638,0.0,0,0.0,0.0,0.0
2015-09-14 15:10:00,66,0.0119786136735,66.6298368623,0.0,0,0.0,0.0,0.0
2015-09-14 15:15:00,66,0.0031136152403,71.3222699313,0.0,0,0.0,0.0,0.0
2015-09-14 15:20:00,61,0.00677987597687,69.835607503,0.0,0,0.0,0.0,0.0
2015-09-14 15:30:00,68,0.0053157042363,63.5824612792,0.0,0,0.0,0.0,0.0
2015-09-14 15:35:00,69,0.00548059017196,67.8430663145,0.0,0,0.0,0.0,0.0
2015-09-14 15:40:00,63,0.00838369117184,69.3190423966,0.0,0,0.0,0.0,0.0
2015-09-14 15:50:00,67,0.0069855688467,61.7101830283,0.0,0,0.0,0.0,0.0
2015-09-14 15:55:00,66,0.00691045728328,63.7709298143,0.0,0,0.0,0.0,0.0
2015-09-14 16:00:00,65,0.00929790457544,74.9501894989,0.0,0,0.0,0.0,0.0
2015-09-14 16:05:00,67,0.00611671654477,68.0522113626,0.0,0,0.0,0.0,0.0
2015-09-14 16:20:00,65,0.00600045635619,59.0093902386,0.0,0,0.0,0.0,0.0
2015-09-14 16:25:00,66,0.00761990498977,65.0125147321,0.0,0,0.0,0.0,0.0
2015-09-14 16:30:00,65,0.00378852331644,75.1199679136,0.0,0,0.0,0.0,0.0
2015-09-14 16:35:00,64,0.00332106876861,59.8327865694,0.0,0,0.0,0.0,0.0
2015-09-14 16:40:00,66,0.00379525694082,69.3374963809,0.0,0,0.0,0.0,0.0
2015-09-14 16:45:00,62,0.00316477649466,59.6098531535,0.0,0,0.0,0.0,0.0
2015-09-14 16:50:00,65,0.00330852466304,63.6299018074,0.0,0,0.0,0.0,0.0
2015-09-14 16:55:00,67,0.00459284762906,67.2084631635,0.0,0,0.0,0.0,0.0
2015-09-14 17:00:00,59,0.00747685650753,64.602335552,0.0,0,0.0,0.0,0.0
2015-09-14 17:05:00,36,0.092923805948,58.4655317141,0.0,0,0.0,0.0,0.0
2015-09-14 17:10:00,21,0.527987708858,68.0392038682,0.0,0,0.0,-0.11,0.0
2015-09-14 17:15:00,52,0.299999996735,62.9251786216,0.0,0,0.0,0.0,0.0
2015-09-14 17:20:00,60,0.299999996735,63.2437161814,0.0,0,0.0,0.0,0.0
2015-09-14 17:25:00,51,0.299999996735,63.5479178683,0.0,0,0.0,0.0,0.0
2015-09-14 17:30:00,68,0.299999996735,57.1410256618,0.0,0,0.0,0.0,0.0
2015-09-14 17:35:00,60,0.299999996735,65.135553524,0.0,0,0.0,0.0,0.0
2015-09-14 17:40:00,42,0.299999996735,58.5456658788,0.0,0,0.0,0.0,0.0
2015-09-14 17:45:00,65,0.299999996735,56.8103924456,0.0,0,0.0,0.0,0.0
2015-09-14 17:50:00,59,0.299999996735,62.7955496259,0.0,0,0.0,0.0,0.0
2015-09-14 17:55:00,69,0.299999996735,60.8587928554,0.0,0,0.0,0.0,0.0
2015-09-14 18:00:00,68,0.23462676333,72.2429609076,0.0,0,0.0,0.0,0.0
2015-09-14 18:05:00,66,0.164183360246,70.4700818971,0.0,0,0.0,0.0,0.0
2015-09-14 18:10:00,66,0.15368483504,65.6985962542,0.0,0,0.0,0.0,0.0
2015-09-14 18:20:00,66,0.0733462403745,66.6502181843,0.0,0,0.0,0.0,0.0
2015-09-14 18:25:00,68,0.0698012602176,66.9291049979,0.0,0,0.0,0.0,0.0
2015-09-14 18:30:00,67,0.0644216674079,64.3357346212,0.0,0,0.0,0.0,0.0
2015-09-14 18:35:00,67,0.0132598920825,68.5931966223,0.0,0,0.0,0.0,0.0
2015-09-14 18:45:00,65,0.0172914626439,70.7002578596,0.0,0,0.0,0.0,0.0
2015-09-14 18:50:00,66,0.0154344098326,71.6116081147,0.0,0,0.0,0.0,0.0
2015-09-14 19:01:00,68,0.00844429912877,59.8797890073,0.0,0,0.0,0.0,0.0
2015-09-14 19:05:00,68,0.0079469853548,66.2839911623,0.0,0,0.0,0.0,0.0
2015-09-14 19:15:00,66,0.00928648161872,71.0800879116,0.0,0,0.0,0.0,0.0
2015-09-14 19:20:00,69,0.00745399317383,69.3872170514,0.0,0,0.0,0.0,0.0
2015-09-14 19:30:00,64,0.0151185649876,74.982616468,0.0,0,0.0,0.0,0.0
2015-09-14 19:35:00,68,0.0141635577608,67.6661905766,0.0,0,0.0,0.0,0.0
2015-09-14 19:45:00,65,0.015127242999,72.2765808821,0.0,0,0.0,0.0,0.0
2015-09-14 20:00:00,65,0.0140608638075,61.418495952,0.0,0,0.0,0.0,0.0
2015-09-14 20:10:00,66,0.00833381063794,60.0126465396,0.0,0,0.0,0.0,0.0
2015-09-14 20:15:00,58,0.0168452516805,68.3397999971,0.0,0,0.0,0.0,0.0
2015-09-14 20:20:00,71,0.029006395198,65.4900319024,0.0,0,0.0,0.0,0.0
2015-09-14 20:25:00,61,0.0335608723902,59.9652994149,0.0,0,0.0,0.0,0.0
2015-09-14 20:30:00,72,0.0467168961201,69.5056135596,0.0,0,0.0,0.0,0.0
2015-09-14 20:35:00,64,0.0482869786956,64.6385470683,0.0,0,0.0,0.0,0.0
2015-09-14 20:40:00,64,0.0293490421489,65.413004598,0.0,0,0.0,0.0,0.0
2015-09-14 20:45:00,67,0.0314717772316,59.4521063999,0.0,0,0.0,0.0,0.0
2015-09-14 20:50:00,65,0.0254428958629,58.0305847722,0.0,0,0.0,0.0,0.0
2015-09-14 21:30:00,65,0.034546262381,61.8258210199,0.0,0,0.0,0.0,0.0
2015-09-14 21:35:00,65,0.0387522083654,64.1598760676,0.0,0,0.0,0.0,0.0
2015-09-14 21:45:00,74,0.0316933597463,73.9456364542,0.0,0,0.0,0.0,0.0
2015-09-14 22:06:00,61,0.0186613525031,67.3794665912,0.0,0,0.0,0.0,0.0
2015-09-14 22:21:00,60,0.0176881408938,59.7601942499,0.0,0,0.0,0.0,0.0
2015-09-14 22:30:00,64,0.0117045832421,54.8165078939,0.0,0,0.0,0.0,0.0
2015-09-14 22:40:00,66,0.0210773999111,65.2898955328,0.0,0,0.0,0.0,0.0
2015-09-14 22:45:00,66,0.0288415580945,72.8573481469,0.0,0,0.0,0.0,0.0
2015-09-14 22:50:00,70,0.0423597541828,65.5202552338,0.0,0,0.0,0.0,0.0
2015-09-15 03:45:00,62,0.0565715220644,69.0725546674,0.0,0,0.0,0.0,0.0
2015-09-15 04:10:00,64,0.0465848751184,58.2801798184,0.0,0,0.0,0.0,0.0
2015-09-15 04:31:00,61,0.0452977728962,68.4255015444,0.0,0,0.0,0.0,0.0
2015-09-15 04:55:00,90,1.0,70.336484732,0.0,0,-0.22,-0.11,-0.11
2015-09-15 05:26:00,60,0.171041576939,67.5619886529,0.0,0,0.0,0.0,0.0
2015-09-15 05:31:00,66,0.160216951559,71.1507137826,0.0,0,0.0,0.0,0.0
2015-09-15 05:41:00,63,0.147696676663,62.7543104781,0.0,0,0.0,0.0,0.0
2015-09-15 05:46:00,76,0.153342605396,76.8063450979,0.0,0,0.0,0.0,0.0
2015-09-15 05:51:00,56,0.196715096382,68.4847771435,0.0,0,0.0,0.0,0.0
2015-09-15 06:05:00,72,0.178228086127,60.7129942875,0.0,0,0.0,0.0,0.0
2015-09-15 06:45:00,66,0.140236845265,60.2695175432,0.0,0,0.0,0.0,0.0
2015-09-15 07:06:00,67,0.129386850018,63.7649685484,0.0,0,0.0,0.0,0.0
2015-09-15 07:11:00,63,0.138220384529,61.8987600909,0.0,0,0.0,0.0,0.0
2015-09-15 07:16:00,67,0.027497263877,69.6210942586,0.0,0,0.0,0.0,0.0
2015-09-15 07:21:00,70,0.02552024796,61.6690591946,0.0,0,0.0,0.0,0.0
2015-09-15 07:26:00,70,0.0315260066551,63.3931372819,0.0,0,0.0,0.0,0.0
2015-09-15 07:31:00,71,0.0298110448095,69.5579174172,0.0,0,0.0,0.0,0.0
2015-09-15 07:46:00,62,0.0348617231893,80.8590436246,0.0,0,0.0,0.0,0.0
2015-09-15 07:51:00,69,0.0213071086005,62.925574649,0.0,0,0.0,0.0,0.0
2015-09-15 07:56:00,67,0.0146940255947,74.1516466392,0.0,0,0.0,0.0,0.0
2015-09-15 08:11:00,66,0.0154226147775,67.0673041019,0.0,0,0.0,0.0,0.0
2015-09-15 08:21:00,65,0.0215892215642,66.1870129423,0.0,0,0.0,0.0,0.0
2015-09-15 08:26:00,61,0.0227531610107,69.4544262655,0.0,0,0.0,0.0,0.0
2015-09-15 08:31:00,68,0.0231516358984,65.9550954435,0.0,0,0.0,0.0,0.0
2015-09-15 08:41:00,66,0.0194903855395,69.0935429288,0.0,0,0.0,0.0,0.0
2015-09-15 08:46:00,67,0.017345428457,74.5507605778,0.0,0,0.0,0.0,0.0
2015-09-15 08:51:00,66,0.013995621608,70.1384589169,0.0,0,0.0,0.0,0.0
2015-09-15 08:56:00,66,0.00478708198939,66.3231087303,0.0,0,0.0,0.0,0.0
2015-09-15 09:01:00,70,0.00517496975144,68.8068398265,0.0,0,0.0,0.0,0.0
2015-09-15 09:06:00,71,0.00805706043606,68.1933522204,0.0,0,0.0,0.0,0.0
2015-09-15 09:16:00,65,0.0104868498894,81.4609929643,0.0,0,0.0,0.0,0.0
2015-09-15 09:21:00,63,0.00992123574271,66.2583303659,0.0,0,0.0,0.0,0.0
2015-09-15 09:31:00,63,0.00957397022408,68.8700475427,0.0,0,0.0,0.0,0.0
2015-09-15 09:36:00,63,0.0142164405309,63.3181331045,0.0,0,0.0,0.0,0.0
2015-09-15 09:41:00,62,0.0156928051966,60.6485715764,0.0,0,0.0,0.0,0.0
2015-09-15 09:46:00,65,0.0138327777491,64.2624287537,0.0,0,0.0,0.0,0.0
2015-09-15 09:51:00,61,0.0205485154604,54.4494519503,0.0,0,0.0,0.0,0.0
2015-09-15 10:01:00,72,0.0286773110244,64.0534620746,0.0,0,0.0,0.0,0.0
2015-09-15 10:16:00,67,0.0229419092572,60.0573452554,0.0,0,0.0,0.0,0.0
2015-09-15 10:26:00,66,0.0170936769574,70.0494751734,0.0,0,0.0,0.0,0.0
2015-09-15 10:31:00,74,0.0245051108887,67.834657563,0.0,0,0.0,0.0,0.0
2015-09-15 10:36:00,66,0.0277956369625,74.1175211146,0.0,0,0.0,0.0,0.0
2015-09-15 10:41:00,70,0.033571220673,63.1706290125,0.0,0,0.0,0.0,0.0
2015-09-15 10:46:00,67,0.0258411778999,77.0915022579,0.0,0,0.0,0.0,0.0
2015-09-15 11:06:00,68,0.0248335190284,66.8071871231,0.0,0,0.0,0.0,0.0
2015-09-15 11:11:00,66,0.0367000250115,67.2584562078,0.0,0,0.0,0.0,0.0
2015-09-15 11:16:00,65,0.0292755208582,67.7597256037,0.0,0,0.0,0.0,0.0
2015-09-15 11:21:00,60,0.0266414632899,65.2046668069,0.0,0,0.0,0.0,0.0
2015-09-15 11:31:00,66,0.0288029716627,68.1581431516,0.0,0,0.0,0.0,0.0
2015-09-15 11:36:00,67,0.0389176311409,65.6835532513,0.0,0,0.0,0.0,0.0
2015-09-15 11:41:00,66,0.0338986544237,66.4644637795,0.0,0,0.0,0.0,0.0
2015-09-15 11:46:00,67,0.0324221631558,63.7608326316,0.0,0,0.0,0.0,0.0
2015-09-15 11:51:00,66,0.025517603972,56.6710325837,0.0,0,0.0,0.0,0.0
2015-09-15 11:56:00,67,0.0279445402593,64.3214465659,0.0,0,0.0,0.0,0.0
2015-09-15 12:06:00,69,0.0230972914569,72.1907795603,0.0,0,0.0,0.0,0.0
2015-09-15 12:11:00,69,0.0194238908807,68.7394499113,0.0,0,0.0,0.0,0.0
2015-09-15 12:16:00,71,0.0273535527635,61.6810740118,0.0,0,0.0,0.0,0.0
2015-09-15 12:21:00,64,0.021293070418,66.2596301066,0.0,0,0.0,0.0,0.0
2015-09-15 12:26:00,69,0.0226744175155,71.4703310365,0.0,0,0.0,0.0,0.0
2015-09-15 12:31:00,68,0.021766599725,64.9251233496,0.0,0,0.0,0.0,0.0
2015-09-15 12:36:00,67,0.0181120164485,70.4862873633,0.0,0,0.0,0.0,0.0
2015-09-15 12:41:00,66,0.0138640219685,65.959353167,0.0,0,0.0,0.0,0.0
2015-09-15 12:46:00,68,0.0116858240152,68.6916831244,0.0,0,0.0,0.0,0.0
2015-09-15 12:51:00,72,0.0168522088429,64.963455997,0.0,0,0.0,0.0,0.0
2015-09-15 12:56:00,66,0.016284965098,72.5529792527,0.0,0,0.0,0.0,0.0
2015-09-15 13:01:00,62,0.015547042126,63.1011595327,0.0,0,0.0,0.0,0.0
2015-09-15 13:06:00,71,0.0120131537438,58.5559345937,0.0,0,0.0,0.0,0.0
2015-09-15 13:11:00,74,0.0166219616848,74.1407190249,0.0,0,0.0,0.0,0.0
2015-09-15 13:16:00,65,0.0169037761653,64.6239393996,0.0,0,0.0,0.0,0.0
2015-09-15 13:21:00,61,0.0148019175341,66.7805559277,0.0,0,0.0,0.0,0.0
2015-09-15 13:26:00,63,0.016944242856,64.6321797433,0.0,1,0.910912061448,0.910912061448,0.910912061448
2015-09-15 13:31:00,66,0.0183862037144,65.2377784955,0.0,1,0.0,0.0,0.0
2015-09-15 13:36:00,63,0.0235749318134,68.3618906151,0.0,1,0.0,0.0,0.0
2015-09-15 13:41:00,60,0.0224690711395,72.8332886547,0.0,1,0.0,0.0,0.0
2015-09-15 13:46:00,59,0.0342753112259,63.1053500793,0.0,1,0.0,0.0,0.0
2015-09-15 13:51:00,60,0.0332353632041,62.5125541216,0.0,1,0.0,0.0,0.0
2015-09-15 13:54:00,56,0.0445530668268,60.2904971718,0.0,1,0.0,0.0,0.0
2015-09-15 13:59:00,49,0.084578705379,66.3727577806,0.0,1,0.0,0.0,0.0
2015-09-15 14:04:00,43,0.165893706621,60.0717999307,0.0,1,0.0,0.0,0.0
2015-09-15 14:09:00,59,0.186778581418,57.1082117862,0.0,1,0.0,0.0,0.0
2015-09-15 14:14:00,51,0.258751885924,63.2102207464,0.0,1,0.0,0.0,0.0
2015-09-15 14:19:00,42,0.423829916132,56.8355128711,0.0,1,0.0,0.0,0.0
2015-09-15 14:24:00,25,0.784500305496,57.6898961586,0.0,1,0.0,0.0,0.0
2015-09-15 14:29:00,10,1.0,52.6621640937,0.0,1,0.0,0.0,0.0
2015-09-15 14:34:00,8,0.299999996735,53.4169379936,0.0,1,0.0,0.0,0.0
2015-09-15 14:39:00,46,0.299999996735,54.3142594718,0.0,1,0.0,0.0,0.0
2015-09-15 14:44:00,65,0.299999996735,58.8621193841,0.0,1,0.0,0.0,0.0
2015-09-15 14:49:00,68,0.299999996735,58.7128650926,0.0,1,0.0,0.0,0.0
2015-09-15 14:54:00,67,0.299999996735,61.3997559609,0.0,1,0.0,0.0,0.0
2015-09-15 14:59:00,64,0.299999996735,60.0337716738,0.0,1,0.0,0.0,0.0
2015-09-15 15:04:00,67,0.299999996735,63.2818713613,0.0,1,0.0,0.0,0.0
2015-09-15 15:09:00,62,0.299999996735,66.5232111489,0.0,1,0.0,0.0,0.0
2015-09-15 15:14:00,66,0.299999996735,66.3532875372,0.0,1,0.0,0.0,0.0
2015-09-15 15:24:00,68,0.177032346085,72.0354249088,0.0,1,0.0,0.0,0.0
2015-09-15 15:34:00,65,0.0220859125706,73.7436334799,0.0,1,0.0,0.0,0.0
2015-09-15 15:39:00,65,0.00959138220517,69.6996736207,0.0,1,0.0,0.0,0.0
2015-09-15 15:44:00,68,0.00953849476772,65.9171106123,0.0,1,0.0,0.0,0.0
2015-09-15 15:49:00,66,0.0106960072547,69.5148730176,0.0,1,0.0,0.0,0.0
2015-09-15 15:54:00,64,0.0145350483592,71.6689668151,0.0,1,0.0,0.0,0.0
2015-09-15 15:59:00,64,0.0175573507606,63.5307405618,0.0,0,0.0,0.0,0.0
2015-09-15 16:04:00,63,0.0239152760596,66.4381884983,0.0,0,0.0,0.0,0.0
2015-09-15 16:09:00,63,0.0208768465289,64.1664799505,0.0,0,0.0,0.0,0.0
2015-09-15 16:14:00,67,0.0203347051723,65.4108256614,0.0,0,0.0,0.0,0.0
2015-09-15 16:19:00,63,0.0277766172973,68.0906760101,0.0,0,0.0,0.0,0.0
2015-09-15 16:24:00,66,0.0265811045252,69.8168201384,0.0,0,0.0,0.0,0.0
2015-09-15 16:29:00,67,0.0209122273744,67.8111892511,0.0,0,0.0,0.0,0.0
2015-09-15 16:34:00,65,0.0230370332584,66.3145710579,0.0,0,0.0,0.0,0.0
2015-09-15 16:39:00,65,0.0217722017221,68.4549259584,0.0,0,0.0,0.0,0.0
2015-09-15 16:44:00,64,0.0189675861261,64.8315337539,0.0,0,0.0,0.0,0.0
2015-09-15 16:49:00,69,0.0152750021431,65.121986477,0.0,0,0.0,0.0,0.0
2015-09-15 16:54:00,65,0.0116237557749,67.4160296659,0.0,0,0.0,0.0,0.0
2015-09-15 16:59:00,65,0.00853621428569,63.0244142523,0.0,0,0.0,0.0,0.0
2015-09-15 17:04:00,62,0.00811455032175,63.71738491,0.0,0,0.0,0.0,0.0
2015-09-15 17:09:00,57,0.00792843355383,58.9578290612,0.0,0,0.0,0.0,0.0
2015-09-15 17:14:00,52,0.0162966362093,61.3836957804,0.0,0,0.0,0.0,0.0
2015-09-15 17:19:00,51,0.03350531375,57.6177952515,0.0,0,0.0,0.0,0.0
2015-09-15 17:24:00,62,0.0341038048127,56.9662058845,0.0,0,0.0,0.0,0.0
2015-09-15 17:29:00,59,0.0374299591738,59.2275868672,0.0,0,0.0,0.0,0.0
2015-09-15 17:39:00,68,0.0374027452051,51.3437696706,0.0,0,0.0,0.0,0.0
2015-09-15 17:44:00,64,0.0358275770213,59.8324216278,0.0,0,0.0,0.0,0.0
2015-09-15 17:49:00,65,0.034847379318,55.3011379175,0.0,0,0.0,0.0,0.0
2015-09-15 17:54:00,66,0.0388249420265,62.1738110343,0.0,0,0.0,0.0,0.0
2015-09-15 17:59:00,67,0.0447967378138,63.9016475256,0.0,0,0.0,0.0,0.0
2015-09-15 18:04:00,63,0.0369543467897,66.5186857552,0.0,0,0.0,0.0,0.0
2015-09-15 18:14:00,59,0.0194437327094,64.2143495516,0.0,0,0.0,0.0,0.0
2015-09-15 18:19:00,68,0.0128909000943,63.7840597609,0.0,0,0.0,0.0,0.0
2015-09-15 18:24:00,66,0.0131438223804,65.8947319816,0.0,0,0.0,0.0,0.0
2015-09-15 18:29:00,66,0.0112520766031,64.3097190902,0.0,0,0.0,0.0,0.0
2015-09-15 18:34:00,65,0.00970442725772,66.4409008779,0.0,0,0.0,0.0,0.0
2015-09-15 18:39:00,64,0.0103197619348,64.2588290103,0.0,0,0.0,0.0,0.0
2015-09-15 18:44:00,70,0.0160107072537,65.9036247994,0.0,0,0.0,0.0,0.0
2015-09-15 18:49:00,67,0.0168469633379,69.524148029,0.0,0,0.0,0.0,0.0
2015-09-15 18:54:00,63,0.0154035709418,64.8443410891,0.0,0,0.0,0.0,0.0
2015-09-15 19:04:00,64,0.0140229176344,65.764107622,0.0,0,0.0,0.0,0.0
2015-09-15 19:09:00,65,0.0139253873575,61.1611348707,0.0,0,0.0,0.0,0.0
2015-09-15 19:14:00,64,0.011777335802,68.2739596109,0.0,0,0.0,0.0,0.0
2015-09-15 19:19:00,60,0.0116888727929,66.0356094991,0.0,0,0.0,0.0,0.0
2015-09-15 19:24:00,65,0.0107198086271,64.8434665295,0.0,0,0.0,0.0,0.0
2015-09-15 19:29:00,69,0.0119155453417,61.2849561258,0.0,0,0.0,0.0,0.0
2015-09-15 19:34:00,63,0.0137841474416,63.2739445053,0.0,0,0.0,0.0,0.0
2015-09-15 19:39:00,59,0.0142858190866,66.9099459928,0.0,0,0.0,0.0,0.0
2015-09-15 19:44:00,69,0.0149925127844,55.2274684915,0.0,0,0.0,0.0,0.0
2015-09-15 19:49:00,60,0.0152439593457,65.9512325803,0.0,0,0.0,0.0,0.0
2015-09-15 19:54:00,60,0.015492503218,58.008672772,0.0,0,0.0,0.0,0.0
2015-09-15 19:59:00,59,0.0159053852679,51.6036543732,0.0,0,0.0,0.0,0.0
2015-09-15 20:09:00,62,0.0167882962345,54.1315176351,0.0,0,0.0,0.0,0.0
2015-09-15 20:14:00,61,0.0154141916786,57.9985664713,0.0,0,0.0,0.0,0.0
2015-09-15 20:24:00,58,0.0149811361482,48.9122435883,0.0,0,0.0,0.0,0.0
2015-09-15 20:29:00,63,0.0144870947357,52.8588288764,0.0,0,0.0,0.0,0.0
2015-09-15 20:34:00,65,0.0156102026091,52.4186190031,0.0,0,0.0,0.0,0.0
2015-09-15 20:49:00,57,0.0122241980229,63.1982573394,0.0,0,0.0,0.0,0.0
2015-09-15 20:54:00,62,0.0103287755285,54.9486754996,0.0,0,0.0,0.0,0.0
2015-09-15 20:59:00,62,0.0100515140006,54.9309135565,0.0,0,0.0,0.0,0.0
2015-09-15 21:04:00,62,0.0122614070278,60.8920596858,0.0,0,0.0,0.0,0.0
2015-09-15 21:19:00,64,0.0131331999981,63.5502747473,0.0,0,0.0,0.0,0.0
2015-09-15 21:29:00,63,0.0112186058821,58.585122774,0.0,0,0.0,0.0,0.0
2015-09-15 22:09:00,57,0.0115454098941,57.3703761505,0.0,0,0.0,0.0,0.0
2015-09-15 22:34:00,59,0.0118296100891,54.8767885691,0.0,0,0.0,0.0,0.0
2015-09-15 22:39:00,63,0.0111329915558,52.3754361419,0.0,0,0.0,0.0,0.0
2015-09-15 22:44:00,67,0.00963046595951,54.1466003134,0.0,0,0.0,0.0,0.0
2015-09-15 23:19:00,65,0.00998112213498,68.5506752067,0.0,0,0.0,0.0,0.0
2015-09-15 23:24:00,61,0.0121798926338,65.8056870974,0.0,0,0.0,0.0,0.0
2015-09-15 23:29:00,61,0.0148020549102,59.1752726284,0.0,0,0.0,0.0,0.0
2015-09-15 23:34:00,60,0.0150218893878,52.7564310514,0.0,0,0.0,0.0,0.0
2015-09-16 00:49:00,67,0.0149257987663,60.7193160238,0.0,0,0.0,0.0,0.0
2015-09-16 01:44:00,57,0.0183895588737,65.468466662,0.0,0,0.0,0.0,0.0
2015-09-16 02:19:00,59,0.0186087000595,51.7390419264,0.0,0,0.0,0.0,0.0
2015-09-16 03:04:00,60,0.0209880758014,48.9751250102,0.0,0,0.0,0.0,0.0
2015-09-16 04:44:00,58,0.0243604501217,53.4956319856,0.0,0,0.0,0.0,0.0
2015-09-16 05:09:00,66,0.0244181835068,53.1427735557,0.0,0,0.0,0.0,0.0
2015-09-16 05:19:00,69,0.0276758578269,58.1661914515,0.0,0,0.0,0.0,0.0
2015-09-16 05:29:00,62,0.0235183236933,65.453861685,0.0,0,0.0,0.0,0.0
2015-09-16 05:39:00,65,0.020148350582,56.9320843192,0.0,0,0.0,0.0,0.0
2015-09-16 05:49:00,65,0.0181034680058,56.9601395317,0.0,0,0.0,0.0,0.0
2015-09-16 06:09:00,61,0.0196031376877,62.5522655331,0.0,0,0.0,0.0,0.0
2015-09-16 06:14:00,64,0.0161220918857,59.956923825,0.0,0,0.0,0.0,0.0
2015-09-16 06:24:00,65,0.0174964089252,60.6083817829,0.0,0,0.0,0.0,0.0
2015-09-16 06:39:00,65,0.0169780605555,63.4160994583,0.0,0,0.0,0.0,0.0
2015-09-16 06:44:00,66,0.0147354304839,59.6409440871,0.0,0,0.0,0.0,0.0
2015-09-16 06:54:00,61,0.0140934343654,54.6740223237,0.0,0,0.0,0.0,0.0
2015-09-16 07:19:00,64,0.0121367152965,59.6431842437,0.0,0,0.0,0.0,0.0
2015-09-16 07:24:00,69,0.0146494987227,65.2496043909,0.0,0,0.0,0.0,0.0
2015-09-16 07:29:00,59,0.0163175920226,65.2014800692,0.0,0,0.0,0.0,0.0
2015-09-16 07:34:00,71,0.0206580392794,63.6629014179,0.0,0,0.0,0.0,0.0
2015-09-16 07:44:00,66,0.0195689496322,65.2665735142,0.0,0,0.0,0.0,0.0
2015-09-16 07:49:00,66,0.0203118319956,63.6292976727,0.0,0,0.0,0.0,0.0
2015-09-16 07:54:00,67,0.0216570409804,65.0950802121,0.0,0,0.0,0.0,0.0
2015-09-16 07:59:00,68,0.0242759968757,64.3340492326,0.0,0,0.0,0.0,0.0
2015-09-16 08:04:00,64,0.0234324073718,63.8829718746,0.0,0,0.0,0.0,0.0
2015-09-16 08:09:00,68,0.0257526965262,70.4585092691,0.0,0,0.0,0.0,0.0
2015-09-16 08:14:00,69,0.029144854936,59.3824321594,0.0,0,0.0,0.0,0.0
2015-09-16 08:19:00,71,0.0283926577321,70.0171516923,0.0,0,0.0,0.0,0.0
2015-09-16 08:24:00,66,0.0248644431231,58.4915215922,0.0,0,0.0,0.0,0.0
2015-09-16 08:29:00,70,0.0228768104672,58.0584687689,0.0,0,0.0,0.0,0.0
2015-09-16 08:39:00,71,0.0255347083774,71.1655064676,0.0,0,0.0,0.0,0.0
2015-09-16 08:49:00,68,0.0275343764037,69.1433307984,0.0,0,0.0,0.0,0.0
2015-09-16 08:54:00,62,0.0239687424197,62.40241255,0.0,0,0.0,0.0,0.0
2015-09-16 08:59:00,67,0.0219118546343,68.4117327649,0.0,0,0.0,0.0,0.0
2015-09-16 09:04:00,63,0.0216811215074,71.1941886968,0.0,0,0.0,0.0,0.0
2015-09-16 09:09:00,71,0.0239395628141,77.1810085926,0.0,0,0.0,0.0,0.0
2015-09-16 09:14:00,64,0.0200922739711,63.0321899595,0.0,0,0.0,0.0,0.0
2015-09-16 09:24:00,70,0.020541917951,60.4563880407,0.0,0,0.0,0.0,0.0
2015-09-16 09:34:00,67,0.0196463422856,74.6167851096,0.0,0,0.0,0.0,0.0
2015-09-16 09:44:00,67,0.0158695912599,68.7764648887,0.0,0,0.0,0.0,0.0
2015-09-16 09:54:00,66,0.0134607868787,67.0651161298,0.0,0,0.0,0.0,0.0
2015-09-16 09:59:00,61,0.0132139959487,77.9706836543,0.0,0,0.0,0.0,0.0
2015-09-16 10:04:00,69,0.0139292204693,70.2392685787,0.0,0,0.0,0.0,0.0
2015-09-16 10:09:00,67,0.0125052060854,64.7526256102,0.0,0,0.0,0.0,0.0
2015-09-16 10:14:00,70,0.0157868786291,63.8325188351,0.0,0,0.0,0.0,0.0
2015-09-16 10:19:00,71,0.016200820182,69.0853099006,0.0,0,0.0,0.0,0.0
2015-09-16 10:24:00,67,0.01955068069,65.74360197,0.0,0,0.0,0.0,0.0
2015-09-16 10:29:00,59,0.0193536927764,68.509437351,0.0,0,0.0,0.0,0.0
2015-09-16 10:34:00,69,0.0220364251282,63.6259869768,0.0,0,0.0,0.0,0.0
2015-09-16 10:44:00,69,0.022890811826,71.7788324678,0.0,0,0.0,0.0,0.0
2015-09-16 10:49:00,68,0.0227543690534,72.2685353409,0.0,0,0.0,0.0,0.0
2015-09-16 10:54:00,72,0.0277115653606,69.8808231599,0.0,0,0.0,0.0,0.0
2015-09-16 10:59:00,68,0.0271514631956,68.3307070694,0.0,0,0.0,0.0,0.0
2015-09-16 11:04:00,62,0.0307797988557,66.6160200999,0.0,0,0.0,0.0,0.0
2015-09-16 11:09:00,64,0.0269572008117,69.0620724078,0.0,0,0.0,0.0,0.0
2015-09-16 11:14:00,66,0.0203818663785,71.6407525427,0.0,0,0.0,0.0,0.0
2015-09-16 11:19:00,60,0.0260239310825,66.7622565468,0.0,0,0.0,0.0,0.0
2015-09-16 11:24:00,66,0.0220516320489,68.08035384,0.0,0,0.0,0.0,0.0
2015-09-16 11:29:00,71,0.0213743295374,69.3222158168,0.0,0,0.0,0.0,0.0
2015-09-16 11:34:00,56,0.0295767223748,66.8608446953,0.0,0,0.0,0.0,0.0
2015-09-16 11:39:00,63,0.0281695669003,56.8018249336,0.0,0,0.0,0.0,0.0
2015-09-16 11:44:00,67,0.0236293963462,61.6733954476,0.0,0,0.0,0.0,0.0
2015-09-16 11:49:00,64,0.0218595796459,65.4358606698,0.0,0,0.0,0.0,0.0
2015-09-16 11:59:00,67,0.0193082407771,65.4573754913,0.0,0,0.0,0.0,0.0
2015-09-16 12:04:00,62,0.0217079468734,70.5251406051,0.0,0,0.0,0.0,0.0
2015-09-16 12:14:00,65,0.0215329534844,71.6641260949,0.0,0,0.0,0.0,0.0
2015-09-16 12:19:00,66,0.0148764300215,61.7071045704,0.0,0,0.0,0.0,0.0
2015-09-16 12:24:00,65,0.0149259559206,60.9235141188,0.0,0,0.0,0.0,0.0
2015-09-16 12:29:00,73,0.0189839007715,65.2345883362,0.0,0,0.0,0.0,0.0
2015-09-16 12:34:00,67,0.0132041221095,68.3435840724,0.0,0,0.0,0.0,0.0
2015-09-16 12:39:00,62,0.0141711696936,66.3999287373,0.0,0,0.0,0.0,0.0
2015-09-16 12:44:00,68,0.0139785439211,68.1441943541,0.0,0,0.0,0.0,0.0
2015-09-16 12:49:00,62,0.0164211040565,69.4457478416,0.0,0,0.0,0.0,0.0
2015-09-16 12:54:00,67,0.0180542815573,63.1796089332,0.0,0,0.0,0.0,0.0
2015-09-16 12:59:00,63,0.0187698825678,71.0717780064,0.0,0,0.0,0.0,0.0
2015-09-16 13:04:00,68,0.0190060330743,60.0837236128,0.0,1,0.910912061448,0.910912061448,0.910912061448
2015-09-16 13:09:00,69,0.0215181197322,65.3079596894,0.0,1,0.0,0.0,0.0
2015-09-16 13:14:00,69,0.022381943417,68.0506629176,0.0,1,0.0,0.0,0.0
2015-09-16 13:19:00,65,0.0159068312465,62.0920040532,0.0,1,0.0,0.0,0.0
2015-09-16 13:24:00,61,0.0184558166066,65.6019702239,0.0,1,0.0,0.0,0.0
2015-09-16 13:29:00,73,0.0229624049911,66.8227512208,0.0,1,0.0,0.0,0.0
2015-09-16 13:34:00,66,0.0231861786529,63.856897607,0.0,1,0.0,0.0,0.0
2015-09-16 13:39:00,51,0.0354301264556,70.6755110139,0.0,1,0.0,0.0,0.0
2015-09-16 13:44:00,50,0.0510334974303,58.4573799436,0.0,1,0.0,0.0,0.0
2015-09-16 13:49:00,34,0.100149727341,52.2114153578,0.0,1,0.0,0.0,0.0
2015-09-16 13:54:00,24,0.231368154279,54.3553598018,0.0,1,0.0,0.0,0.0
2015-09-16 13:59:00,7,0.498238283714,50.6624787417,0.0,1,0.0,0.0,0.0
2015-09-16 14:04:00,14,0.845437195249,50.9818450271,0.0,1,0.0,0.0,0.0
2015-09-16 14:09:00,7,0.299999996735,49.4380919787,0.0,1,0.0,0.0,0.0
2015-09-16 14:14:00,32,0.299999996735,49.2374193598,0.0,1,0.0,0.0,0.0
2015-09-16 14:19:00,17,0.299999996735,49.1057542503,0.0,1,0.0,0.0,0.0
2015-09-16 14:24:00,8,0.299999996735,42.9090749644,0.0,1,0.0,0.0,0.0
2015-09-16 14:29:00,6,0.299999996735,43.2750461383,0.0,1,0.0,0.0,0.0
2015-09-16 14:30:00,8,0.299999996735,37.9433991274,0.0,1,0.0,0.0,0.0
2015-09-16 14:35:00,20,0.299999996735,41.2393763029,0.0,1,0.0,0.0,0.0
2015-09-16 14:40:00,8,0.299999996735,41.023416205,0.0,1,0.0,0.0,0.0
2015-09-16 14:45:00,23,0.299999996735,45.3509550544,0.0,1,0.0,0.0,0.0
2015-09-16 14:50:00,74,0.299999996735,48.0442945854,0.0,1,0.0,0.0,0.0
2015-09-16 14:55:00,65,0.299999996735,57.1525296836,0.0,1,0.0,0.0,0.0
2015-09-16 15:00:00,67,0.299999996735,62.5698681731,0.0,1,0.0,0.0,0.0
2015-09-16 15:05:00,74,0.299999996735,69.1425155964,0.0,1,0.0,0.0,0.0
2015-09-16 15:10:00,59,0.299999996735,72.9008583474,0.0,1,0.0,0.0,0.0
2015-09-16 15:15:00,65,0.443584660018,72.6187003137,0.0,1,0.0,0.0,0.0
2015-09-16 15:20:00,64,0.252410002769,71.4427935979,0.0,1,0.0,0.0,0.0
2015-09-16 15:25:00,64,0.145925039952,67.5196714291,0.0,0,0.0,0.0,0.0
2015-09-16 15:30:00,68,0.0546524168551,66.8430771483,0.0,0,0.0,0.0,0.0
2015-09-16 15:35:00,73,0.0259192813919,68.2625238593,0.0,0,0.0,0.0,0.0
2015-09-16 15:40:00,71,0.0196624200289,62.4667649116,0.0,0,0.0,0.0,0.0
2015-09-16 15:45:00,67,0.0161279454055,66.426155933,0.0,0,0.0,0.0,0.0
2015-09-16 15:50:00,66,0.0138672312099,65.5917080064,0.0,0,0.0,0.0,0.0
2015-09-16 15:55:00,68,0.00973118175612,69.2328245572,0.0,0,0.0,0.0,0.0
2015-09-16 16:00:00,65,0.00801760105301,71.1519308404,0.0,1,0.871604206333,0.871604206333,0.871604206333
2015-09-16 16:05:00,57,0.010206251566,63.804364098,0.0,1,0.0,0.0,0.0
2015-09-16 16:10:00,70,0.0110008478106,68.3824529024,0.0,1,0.0,0.0,0.0
2015-09-16 16:15:00,66,0.0102585297461,69.3192891824,0.0,1,0.0,0.0,0.0
2015-09-16 16:20:00,66,0.0109948413798,65.3431918715,0.0,1,0.0,0.0,0.0
2015-09-16 16:25:00,65,0.00941312910284,70.8105891086,0.0,1,0.0,0.0,0.0
2015-09-16 16:30:00,66,0.00854233224984,72.7000303514,0.0,1,0.0,0.0,0.0
2015-09-16 16:35:00,64,0.0085564077502,67.9133478924,0.0,1,0.0,0.0,0.0
2015-09-16 16:40:00,55,0.0126206184017,65.6834746409,0.0,1,0.0,0.0,0.0
2015-09-16 16:45:00,30,0.0379240530209,67.1372852057,0.0,1,0.0,0.0,0.0
2015-09-16 16:50:00,11,0.115363510522,64.3973127568,0.0,1,0.0,0.0,0.0
2015-09-16 16:55:00,12,0.22413314579,48.0550074857,0.0,1,0.0,0.0,0.0
2015-09-16 17:00:00,33,0.308945591111,38.397799213,0.0,1,0.0,0.0,0.0
2015-09-16 17:05:00,43,0.375190545521,36.5677632529,0.0,1,0.0,0.0,0.0
2015-09-16 17:10:00,1,1.0,39.7887097112,0.0,1,0.0,0.0,0.0
2015-09-16 17:15:00,19,0.299999996735,32.0028601179,0.0,1,0.0,0.0,0.0
2015-09-16 17:20:00,23,0.299999996735,22.9528961548,0.0,1,0.0,0.0,0.0
2015-09-16 17:25:00,53,0.299999996735,25.669595162,0.0,1,0.0,0.0,0.0
2015-09-16 17:30:00,60,0.299999996735,39.3007227646,0.0,1,0.0,0.0,0.0
2015-09-16 17:35:00,56,0.299999996735,39.8505964176,0.0,1,0.0,0.0,0.0
2015-09-16 17:40:00,44,0.299999996735,51.1733744913,0.0,1,0.0,0.0,0.0
2015-09-16 17:45:00,57,0.409568379901,50.3254970847,0.0,1,0.0,0.0,0.0
2015-09-16 17:50:00,55,0.318836704269,57.758471329,0.0,1,0.0,0.0,0.0
2015-09-16 17:55:00,63,0.263411041276,64.2654520946,0.0,1,0.0,0.0,0.0
2015-09-16 18:00:00,68,0.12055588988,65.0971195462,0.0,1,0.0,0.0,0.0
2015-09-16 18:05:00,70,0.0574611879986,78.2391221224,0.0,1,0.0,0.0,0.0
2015-09-16 18:10:00,62,0.029303438655,76.9043617385,0.0,1,0.0,0.0,0.0
2015-09-16 18:15:00,66,0.0262510669894,71.3019610017,0.0,1,0.0,0.0,0.0
2015-09-16 18:20:00,67,0.0277450742382,67.8976371959,0.0,1,0.0,0.0,0.0
2015-09-16 18:25:00,68,0.0255041396587,72.3717921499,0.0,0,0.0,0.0,0.0
2015-09-16 18:30:00,67,0.0161667184319,67.5294532845,0.0,0,0.0,0.0,0.0
2015-09-16 18:35:00,66,0.0148856940407,61.557816567,0.0,0,0.0,0.0,0.0
2015-09-16 18:40:00,68,0.0113262264399,62.8789440502,0.0,0,0.0,0.0,0.0
2015-09-16 18:45:00,69,0.0104145343357,62.2074549354,0.0,0,0.0,0.0,0.0
2015-09-16 18:50:00,68,0.0107182692121,65.6498024137,0.0,0,0.0,0.0,0.0
2015-09-16 18:55:00,71,0.0112033121184,68.7736373534,0.0,0,0.0,0.0,0.0
2015-09-16 19:05:00,67,0.00855089366267,66.3554683106,0.0,0,0.0,0.0,0.0
2015-09-16 19:10:00,64,0.00804154229398,60.2269929367,0.0,0,0.0,0.0,0.0
2015-09-16 19:15:00,64,0.00712638451592,61.3202223216,0.0,0,0.0,0.0,0.0
2015-09-16 19:25:00,64,0.006823992369,63.7136044989,0.0,0,0.0,0.0,0.0
2015-09-16 19:30:00,63,0.00670672321836,57.4207971588,0.0,0,0.0,0.0,0.0
2015-09-16 19:35:00,65,0.0074867972482,60.9580831165,0.0,0,0.0,0.0,0.0
2015-09-16 19:40:00,64,0.00888632705357,64.0567173355,0.0,0,0.0,0.0,0.0
2015-09-16 19:45:00,65,0.0122849175572,57.1101397726,0.0,0,0.0,0.0,0.0
2015-09-16 19:50:00,66,0.0184666805951,59.1558488476,0.0,0,0.0,0.0,0.0
2015-09-16 20:00:00,63,0.0267202835122,63.2850096858,0.0,0,0.0,0.0,0.0
2015-09-16 20:05:00,67,0.0447457833992,54.4481149721,0.0,0,0.0,0.0,0.0
2015-09-16 20:10:00,62,0.054910670971,63.2210907604,0.0,0,0.0,0.0,0.0
2015-09-16 20:15:00,61,0.0642902403238,69.0583865813,0.0,0,0.0,0.0,0.0
2015-09-16 20:20:00,62,0.0776198521738,56.173874263,0.0,0,0.0,0.0,0.0
2015-09-16 20:25:00,65,0.0949607958279,57.8098717847,0.0,0,0.0,0.0,0.0
2015-09-16 20:30:00,63,0.102079562826,59.5351193295,0.0,0,0.0,0.0,0.0
2015-09-16 20:35:00,61,0.100461430005,55.5451869434,0.0,0,0.0,0.0,0.0
2015-09-16 20:40:00,59,0.08636495954,61.6910485049,0.0,0,0.0,0.0,0.0
2015-09-16 20:45:00,56,0.0698047036422,59.5177603681,0.0,0,0.0,0.0,0.0
2015-09-16 20:50:00,65,0.0366270457055,61.2000431775,0.0,0,0.0,0.0,0.0
2015-09-16 20:55:00,63,0.0274435331664,65.256467499,0.0,0,0.0,0.0,0.0
2015-09-16 21:00:00,67,0.0244155684668,63.1739354306,0.0,0,0.0,0.0,0.0
2015-09-16 21:05:00,63,0.0217163768774,67.5255375985,0.0,0,0.0,0.0,0.0
2015-09-16 21:10:00,57,0.0202855293009,61.1338791638,0.0,0,0.0,0.0,0.0
2015-09-16 21:15:00,58,0.0175705036659,44.1329621049,0.0,0,0.0,0.0,0.0
2015-09-16 21:25:00,68,0.0162015703654,59.4449533179,0.0,0,0.0,0.0,0.0
2015-09-16 21:40:00,62,0.0155048421955,64.142257586,0.0,0,0.0,0.0,0.0
2015-09-16 21:45:00,64,0.0155605605882,60.2670790163,0.0,0,0.0,0.0,0.0
2015-09-16 21:55:00,66,0.0148847990243,67.1302504063,0.0,0,0.0,0.0,0.0
2015-09-16 22:05:00,65,0.0141457752878,69.0120018838,0.0,0,0.0,0.0,0.0
2015-09-16 22:14:00,57,0.0159930096415,63.578653465,0.0,0,0.0,0.0,0.0
2015-09-16 22:20:00,61,0.0163156986503,60.3684580962,0.0,0,0.0,0.0,0.0
2015-09-16 22:25:00,58,0.0179449474259,61.4937831876,0.0,0,0.0,0.0,0.0
2015-09-16 22:30:00,62,0.0171957801695,56.4101282606,0.0,0,0.0,0.0,0.0
2015-09-16 22:40:00,61,0.0165902848607,63.4967426097,0.0,0,0.0,0.0,0.0
2015-09-16 22:45:00,63,0.0152077221752,51.2972772172,0.0,0,0.0,0.0,0.0
2015-09-16 22:55:00,59,0.0162939912363,65.3178461081,0.0,0,0.0,0.0,0.0
2015-09-16 23:10:00,64,0.0162706517862,51.1121319844,0.0,0,0.0,0.0,0.0
2015-09-16 23:35:00,64,0.0163575368418,68.3237273943,0.0,0,0.0,0.0,0.0
2015-09-16 23:55:00,59,0.0166215839742,62.049125094,0.0,0,0.0,0.0,0.0
2015-09-17 00:10:00,66,0.016805935815,52.0333144764,0.0,0,0.0,0.0,0.0
2015-09-17 00:45:00,63,0.0163141732543,70.0298361247,0.0,0,0.0,0.0,0.0
2015-09-17 01:05:00,57,0.0157668982787,65.579624011,0.0,0,0.0,0.0,0.0
2015-09-17 01:40:00,56,0.0156326601339,47.5709084252,0.0,0,0.0,0.0,0.0
2015-09-17 01:55:00,53,0.0170881939748,49.8964080996,0.0,0,0.0,0.0,0.0
2015-09-17 02:10:00,66,0.018448692688,43.5606542169,0.0,0,0.0,0.0,0.0
2015-09-17 02:50:00,61,0.0178875551138,65.812828232,0.0,0,0.0,0.0,0.0
2015-09-17 03:20:00,56,0.0182314641029,56.9545752506,0.0,0,0.0,0.0,0.0
2015-09-17 04:35:00,58,0.0180145014615,52.4973207793,0.0,0,0.0,0.0,0.0
2015-09-17 04:55:00,62,0.0191812784694,50.0113011066,0.0,0,0.0,0.0,0.0
2015-09-17 05:10:00,64,0.0189349442416,62.460338915,0.0,0,0.0,0.0,0.0
2015-09-17 05:15:00,65,0.0194212635329,63.936868848,0.0,0,0.0,0.0,0.0
2015-09-17 05:30:00,73,0.0228711709409,63.3766994878,0.0,0,0.0,0.0,0.0
2015-09-17 05:35:00,63,0.0240610962056,76.8510697885,0.0,0,0.0,0.0,0.0
2015-09-17 05:40:00,63,0.022498668456,71.6178345427,0.0,0,0.0,0.0,0.0
2015-09-17 05:45:00,66,0.0236363202998,65.344554012,0.0,0,0.0,0.0,0.0
2015-09-17 05:50:00,62,0.0224356194563,65.6212580663,0.0,0,0.0,0.0,0.0
2015-09-17 05:55:00,72,0.025120444428,70.5259744152,0.0,0,0.0,0.0,0.0
2015-09-17 06:15:00,56,0.0278196232051,70.2073426098,0.0,0,0.0,0.0,0.0
2015-09-17 06:20:00,52,0.0290709336696,65.9399885068,0.0,0,0.0,0.0,0.0
2015-09-17 06:25:00,61,0.0276013825137,43.8988813527,0.0,0,0.0,0.0,0.0
2015-09-17 06:30:00,51,0.0288298674344,55.8158565866,0.0,0,0.0,0.0,0.0
2015-09-17 06:40:00,64,0.0241640208435,58.6990219447,0.0,0,0.0,0.0,0.0
2015-09-17 06:55:00,60,0.0229831498146,54.6633445861,0.0,0,0.0,0.0,0.0
2015-09-17 07:00:00,59,0.0227508412835,61.7415673332,0.0,0,0.0,0.0,0.0
2015-09-17 07:05:00,38,0.0270929565334,43.7568415009,0.0,0,0.0,0.0,0.0
2015-09-17 07:10:00,53,0.0302530162847,31.1157379176,0.0,0,0.0,0.0,0.0
2015-09-17 07:15:00,56,0.0273776721514,43.5366281341,0.0,0,0.0,0.0,0.0
2015-09-17 07:25:00,53,0.0258292790811,40.4378604394,0.0,0,0.0,0.0,0.0
2015-09-17 07:35:00,68,0.0268959100815,51.0701201598,0.0,0,0.0,0.0,0.0
2015-09-17 07:40:00,56,0.0266209051442,57.2690071666,0.0,0,0.0,0.0,0.0
2015-09-17 07:45:00,62,0.0246026392392,39.5257652058,0.0,0,0.0,0.0,0.0
2015-09-17 07:50:00,65,0.0267714222147,54.7600999563,0.0,0,0.0,0.0,0.0
2015-09-17 07:55:00,61,0.0262399922934,56.3657012565,0.0,0,0.0,0.0,0.0
2015-09-17 08:00:00,64,0.0274535405037,62.5109932328,0.0,0,0.0,0.0,0.0
2015-09-17 08:05:00,60,0.0206208581005,62.1284267076,0.0,0,0.0,0.0,0.0
2015-09-17 08:10:00,58,0.0183206690451,60.1526031678,0.0,0,0.0,0.0,0.0
2015-09-17 08:15:00,62,0.0181576489111,62.2835733325,0.0,0,0.0,0.0,0.0
2015-09-17 08:20:00,67,0.0188832986734,66.8784870488,0.0,0,0.0,0.0,0.0
2015-09-17 08:25:00,61,0.0155017008566,70.3138317503,0.0,0,0.0,0.0,0.0
2015-09-17 08:30:00,59,0.0152466703901,65.1644274296,0.0,0,0.0,0.0,0.0
2015-09-17 08:35:00,60,0.0150714561986,63.1387118151,0.0,0,0.0,0.0,0.0
2015-09-17 08:40:00,59,0.013417139873,55.521030876,0.0,0,0.0,0.0,0.0
2015-09-17 08:45:00,59,0.0145693957313,73.668948451,0.0,0,0.0,0.0,0.0
2015-09-17 08:50:00,63,0.0136228754937,55.7476936619,0.0,0,0.0,0.0,0.0
2015-09-17 08:55:00,55,0.0159912846055,59.940689945,0.0,0,0.0,0.0,0.0
2015-09-17 09:00:00,54,0.0191094480202,57.6249839095,0.0,0,0.0,0.0,0.0
2015-09-17 09:05:00,64,0.0185340616684,46.9464757219,0.0,0,0.0,0.0,0.0
2015-09-17 09:10:00,63,0.0166848595998,57.5610663231,0.0,0,0.0,0.0,0.0
2015-09-17 09:15:00,67,0.017194108863,58.8195610959,0.0,0,0.0,0.0,0.0
2015-09-17 09:20:00,62,0.0168031972761,69.3308717627,0.0,0,0.0,0.0,0.0
2015-09-17 09:25:00,67,0.0178328926263,65.8293671898,0.0,0,0.0,0.0,0.0
2015-09-17 09:30:00,65,0.0178482864232,60.5515753841,0.0,0,0.0,0.0,0.0
2015-09-17 09:35:00,63,0.0174210408231,58.076937595,0.0,0,0.0,0.0,0.0
2015-09-17 09:40:00,61,0.0185321857844,55.8923015857,0.0,0,0.0,0.0,0.0
2015-09-17 09:45:00,69,0.0205266442479,58.1619075107,0.0,0,0.0,0.0,0.0
2015-09-17 09:50:00,65,0.0204320654298,62.8919027968,0.0,0,0.0,0.0,0.0
2015-09-17 09:55:00,63,0.0232125695396,65.813679147,0.0,0,0.0,0.0,0.0
2015-09-17 10:00:00,65,0.0274606731508,64.1488154688,0.0,0,0.0,0.0,0.0
2015-09-17 10:05:00,71,0.0330871397552,63.421592479,0.0,0,0.0,0.0,0.0
2015-09-17 10:10:00,66,0.037115538506,79.586370214,0.0,0,0.0,0.0,0.0
2015-09-17 10:15:00,64,0.0364355991373,66.6531595916,0.0,0,0.0,0.0,0.0
2015-09-17 10:20:00,61,0.0360827744131,64.4277385035,0.0,0,0.0,0.0,0.0
2015-09-17 10:25:00,65,0.0338876665042,69.0062965413,0.0,0,0.0,0.0,0.0
2015-09-17 10:30:00,65,0.0318937719734,74.8235622936,0.0,0,0.0,0.0,0.0
2015-09-17 10:35:00,62,0.0252968057799,67.4322738752,0.0,0,0.0,0.0,0.0
2015-09-17 10:45:00,64,0.0215119794079,65.0573793893,0.0,0,0.0,0.0,0.0
2015-09-17 10:50:00,61,0.0187275425399,67.210172715,0.0,0,0.0,0.0,0.0
2015-09-17 10:55:00,59,0.0172990980352,59.8454713709,0.0,0,0.0,0.0,0.0
2015-09-17 11:00:00,64,0.0133437386571,66.5724327515,0.0,0,0.0,0.0,0.0
2015-09-17 11:05:00,55,0.0132299039928,65.5087350956,0.0,0,0.0,0.0,0.0
2015-09-17 11:10:00,62,0.0124095408625,50.4165456701,0.0,0,0.0,0.0,0.0
2015-09-17 11:15:00,61,0.0122158569619,59.6838108192,0.0,0,0.0,0.0,0.0
2015-09-17 11:20:00,66,0.0128464392713,58.9563574643,0.0,0,0.0,0.0,0.0
2015-09-17 11:25:00,61,0.0127713144357,60.9849692257,0.0,0,0.0,0.0,0.0
2015-09-17 11:30:00,69,0.0157382451755,53.3644322053,0.0,0,0.0,0.0,0.0
2015-09-17 11:35:00,66,0.0183896608784,69.2532454,0.0,0,0.0,0.0,0.0
2015-09-17 11:40:00,68,0.0212469992543,61.5941481542,0.0,0,0.0,0.0,0.0
2015-09-17 11:45:00,69,0.0217839121623,67.2881736086,0.0,0,0.0,0.0,0.0
2015-09-17 11:50:00,66,0.0248701400866,66.8146791506,0.0,0,0.0,0.0,0.0
2015-09-17 11:55:00,66,0.0227875507808,63.369196338,0.0,0,0.0,0.0,0.0
2015-09-17 12:00:00,64,0.022741638213,66.4405026003,0.0,0,0.0,0.0,0.0
2015-09-17 12:05:00,63,0.0224476039726,64.6400889568,0.0,0,0.0,0.0,0.0
2015-09-17 12:10:00,68,0.0226419998862,61.9177760778,0.0,0,0.0,0.0,0.0
2015-09-17 12:20:00,62,0.022750218757,60.5114999384,0.0,0,0.0,0.0,0.0
2015-09-17 12:25:00,66,0.0197426433907,67.6038950159,0.0,0,0.0,0.0,0.0
2015-09-17 12:30:00,71,0.0192387914959,68.2279651521,0.0,0,0.0,0.0,0.0
2015-09-17 12:35:00,67,0.0170004221969,68.0838562552,0.0,0,0.0,0.0,0.0
2015-09-17 12:40:00,66,0.0146499079712,63.7378663108,0.0,0,0.0,0.0,0.0
2015-09-17 12:45:00,62,0.0130608325702,65.4669729003,0.0,0,0.0,0.0,0.0
2015-09-17 12:50:00,62,0.0128098975029,71.8921516086,0.0,0,0.0,0.0,0.0
2015-09-17 12:55:00,62,0.0132542501558,70.7258836368,0.0,0,0.0,0.0,0.0
2015-09-17 13:00:00,59,0.0147064700913,66.7148286133,0.0,0,0.0,0.0,0.0
2015-09-17 13:05:00,56,0.0149245005311,66.4568541726,0.0,0,0.0,0.0,0.0
2015-09-17 13:10:00,41,0.0215837457926,50.602410781,0.0,0,0.0,0.0,0.0
2015-09-17 13:15:00,63,0.0204434360931,34.0032639417,0.0,0,0.0,0.0,0.0
2015-09-17 13:20:00,46,0.023555382051,54.0717717513,0.0,0,0.0,0.0,0.0
2015-09-17 13:25:00,47,0.0268951394025,45.4692069375,0.0,0,0.0,0.0,0.0
2015-09-17 13:30:00,63,0.0286912399084,34.4200380728,0.0,0,0.0,0.0,0.0
2015-09-17 13:35:00,50,0.0318116416969,43.5598744608,0.0,0,0.0,0.0,0.0
2015-09-17 13:40:00,46,0.0341595042697,41.2537602094,0.0,0,0.0,0.0,0.0
2015-09-17 13:45:00,33,0.0436854538447,34.0006265639,0.0,0,0.0,0.0,0.0
2015-09-17 13:50:00,23,0.0586874483694,31.3084866921,0.0,0,0.0,0.0,0.0
2015-09-17 13:55:00,26,0.0737153409662,22.7806436099,0.0,0,0.0,0.0,0.0
2015-09-17 14:00:00,19,0.0803230186825,29.6333636535,0.0,0,0.0,0.0,0.0
2015-09-17 14:05:00,27,0.102233100031,32.7677006353,0.0,0,0.0,0.0,0.0
