timestamp,value,anomaly_score,predValue,label,S(t)_reward_low_FP_rate,S(t)_reward_low_FN_rate,S(t)_standard
2013-10-09 16:25:00,9926554.0,0.0,0.0,0,0.0,0.0,0.0
2013-10-09 16:30:00,50745578.0,0.0,9926554.0,0,0.0,0.0,0.0
2013-10-09 16:35:00,61519397.0,0.0,86987945.0001,0,0.0,0.0,0.0
2013-10-09 16:40:00,55996401.0,0.0,181475850.729,0,0.0,0.0,0.0
2013-10-09 16:45:00,40876988.0,0.0,141634219.392,0,0.0,0.0,0.0
2013-10-09 16:50:00,27578939.0,0.0,41479982.1786,0,0.0,0.0,0.0
2013-10-09 16:55:00,21556437.0,0.0,51525228.9258,0,0.0,0.0,0.0
2013-10-09 17:00:00,17440444.6,0.0,-50663464.5934,0,0.0,0.0,0.0
2013-10-09 17:05:00,15573374.0,0.0,-71990444.1629,0,0.0,0.0,0.0
2013-10-09 17:10:00,16861197.6,0.0,-5403515.51541,0,0.0,0.0,0.0
2013-10-09 17:15:00,15478144.6,0.0,13023223.6058,0,0.0,0.0,0.0
2013-10-09 17:20:00,13678676.6,0.0,3177603.31961,0,0.0,0.0,0.0
2013-10-09 17:25:00,11499313.8,0.0,5102087.66047,0,0.0,0.0,0.0
2013-10-09 17:30:00,12124202.8,0.0,2979259.50699,0,0.0,0.0,0.0
2013-10-09 17:35:00,9052782.8,0.0,6281259.37053,0,0.0,0.0,0.0
2013-10-09 17:40:00,8203117.2,0.0,1052570.66997,0,0.0,0.0,0.0
2013-10-09 17:45:00,8309003.0,0.0,1634136.37657,0,0.0,0.0,0.0
2013-10-09 17:50:00,7288143.8,0.0,2913092.21009,0,0.0,0.0,0.0
2013-10-09 17:55:00,8049176.2,0.0,1538160.64303,0,0.0,0.0,0.0
2013-10-09 18:00:00,7444835.6,0.0,3634607.97726,0,0.0,0.0,0.0
2013-10-09 18:05:00,6954155.4,0.0,2557498.11418,0,0.0,0.0,0.0
2013-10-09 18:10:00,7231045.0,0.0,2158374.49561,0,0.0,0.0,0.0
2013-10-09 18:15:00,8040165.8,0.0,3114733.37403,0,0.0,0.0,0.0
2013-10-09 18:20:00,8041010.6,0.0,4541689.53944,0,0.0,0.0,0.0
2013-10-09 18:25:00,8631127.0,0.0,4311331.70481,0,0.0,0.0,0.0
2013-10-09 18:30:00,10871151.8,0.0,5324316.77325,0,0.0,0.0,0.0
2013-10-09 18:35:00,12124409.6,0.0,8898421.93538,0,0.0,0.0,0.0
2013-10-09 18:40:00,13318374.8,0.0,9970246.59545,0,0.0,0.0,0.0
2013-10-09 18:45:00,13666994.4,0.0,11152506.1175,0,0.0,0.0,0.0
2013-10-09 18:50:00,14298954.0,0.0,11042330.8208,0,0.0,0.0,0.0
2013-10-09 18:55:00,12679300.0,0.0,11757392.8631,0,0.0,0.0,0.0
2013-10-09 19:00:00,13892004.8,0.0,8774112.77927,0,0.0,0.0,0.0
2013-10-09 19:05:00,14145179.8,0.0,11118182.9808,0,0.0,0.0,0.0
2013-10-09 19:10:00,13505345.2,0.0,11469500.2106,0,0.0,0.0,0.0
2013-10-09 19:15:00,12603028.8,0.0,10369828.6174,0,0.0,0.0,0.0
2013-10-09 19:20:00,12435453.8,0.0,9233879.57689,0,0.0,0.0,0.0
2013-10-09 19:25:00,12193640.4,0.0,9387540.58354,0,0.0,0.0,0.0
2013-10-09 19:30:00,11542288.0,0.0,9265714.32878,0,0.0,0.0,0.0
2013-10-09 19:35:00,11432968.6,0.0,8463679.78467,0,0.0,0.0,0.0
2013-10-09 19:40:00,12384512.2,0.0,8599509.76527,0,0.0,0.0,0.0
2013-10-09 19:45:00,11534099.6,0.0,10312899.9317,0,0.0,0.0,0.0
2013-10-09 19:50:00,14190782.8,0.0,8792520.72763,0,0.0,0.0,0.0
2013-10-09 19:55:00,10355034.8,0.0,13338128.3479,0,0.0,0.0,0.0
2013-10-09 20:00:00,11658785.8,0.0,6167529.56533,0,0.0,0.0,0.0
2013-10-09 20:05:00,11139206.8,0.0,9609616.07866,0,0.0,0.0,0.0
2013-10-09 20:10:00,8083117.8,0.0,8620856.18074,0,0.0,0.0,0.0
2013-10-09 20:15:00,8599227.6,0.0,3763340.19627,0,0.0,0.0,0.0
2013-10-09 20:20:00,9273135.2,0.0,5918843.08873,0,0.0,0.0,0.0
2013-10-09 20:25:00,10097324.2,0.0,7411161.52017,0,0.0,0.0,0.0
2013-10-09 20:30:00,7103913.6,0.0,8625588.23049,0,0.0,0.0,0.0
2013-10-09 20:35:00,6885343.0,0.0,3357715.81482,0,0.0,0.0,0.0
2013-10-09 20:40:00,9448017.6,0.0,4080615.91851,0,0.0,0.0,0.0
2013-10-09 20:45:00,9151835.2,0.0,8876030.89963,0,0.0,0.0,0.0
2013-10-09 20:50:00,7744279.8,0.0,7525314.70752,0,0.0,0.0,0.0
2013-10-09 20:55:00,8781789.8,0.0,4988181.92835,0,0.0,0.0,0.0
2013-10-09 21:00:00,8182947.4,0.0,7266125.89413,0,0.0,0.0,0.0
2013-10-09 21:05:00,8303328.2,0.0,6043483.99657,0,0.0,0.0,0.0
2013-10-09 21:10:00,7031833.4,0.0,6458245.08718,0,0.0,0.0,0.0
2013-10-09 21:15:00,8185888.6,0.0,4386766.62283,0,0.0,0.0,0.0
2013-10-09 21:20:00,8057902.0,0.0,6805690.71264,0,0.0,0.0,0.0
2013-10-09 21:25:00,7633338.0,0.0,6347274.68535,0,0.0,0.0,0.0
2013-10-09 21:30:00,6917495.8,0.0,5635269.00855,0,0.0,0.0,0.0
2013-10-09 21:35:00,6870317.0,0.0,4668919.99591,0,0.0,0.0,0.0
2013-10-09 21:40:00,7294645.6,0.0,4962705.46796,0,0.0,0.0,0.0
2013-10-09 21:45:00,5611490.2,0.0,5823449.37876,0,0.0,0.0,0.0
2013-10-09 21:50:00,6072482.4,0.0,2950429.31134,0,0.0,0.0,0.0
2013-10-09 21:55:00,5285099.8,0.0,4427635.8105,0,0.0,0.0,0.0
2013-10-09 22:00:00,6168137.2,0.0,3148199.77814,0,0.0,0.0,0.0
2013-10-09 22:05:00,5984117.8,0.0,5025332.59698,0,0.0,0.0,0.0
2013-10-09 22:10:00,5378818.4,0.0,4449208.57076,0,0.0,0.0,0.0
2013-10-09 22:15:00,4649463.4,0.0,3437305.77593,0,0.0,0.0,0.0
2013-10-09 22:20:00,4785452.6,0.0,2521606.6139,0,0.0,0.0,0.0
2013-10-09 22:25:00,3547037.6,0.0,3190423.9834,0,0.0,0.0,0.0
2013-10-09 22:30:00,4001507.2,0.0,1231254.57913,0,0.0,0.0,0.0
2013-10-09 22:35:00,3605455.2,0.0,2596567.52916,0,0.0,0.0,0.0
2013-10-09 22:40:00,3690194.0,0.0,1911667.51854,0,0.0,0.0,0.0
2013-10-09 22:45:00,3352156.8,0.0,2251787.87888,0,0.0,0.0,0.0
2013-10-09 22:50:00,3301986.2,0.0,1720049.21662,0,0.0,0.0,0.0
2013-10-09 22:55:00,3269069.2,0.0,1806190.67366,0,0.0,0.0,0.0
2013-10-09 23:00:00,3290852.4,0.0,1840865.50069,0,0.0,0.0,0.0
2013-10-09 23:05:00,1511772.6,0.0,1930473.3385,0,0.0,0.0,0.0
2013-10-09 23:10:00,1361081.2,0.0,-910736.398582,0,0.0,0.0,0.0
2013-10-09 23:15:00,1313713.0,0.0,-455003.594413,0,0.0,0.0,0.0
2013-10-09 23:20:00,2147718.8,0.0,-190764.485537,0,0.0,0.0,0.0
2013-10-09 23:25:00,1998864.2,0.0,1320767.95685,0,0.0,0.0,0.0
2013-10-09 23:30:00,1534170.4,0.0,798907.394597,0,0.0,0.0,0.0
2013-10-09 23:35:00,978077.0,0.0,-10077.4468292,0,0.0,0.0,0.0
2013-10-09 23:40:00,974482.6,0.0,-727118.679811,0,0.0,0.0,0.0
2013-10-09 23:45:00,1120244.0,0.0,-415375.57754,0,0.0,0.0,0.0
2013-10-09 23:50:00,1041381.4,0.0,-64725.9553321,0,0.0,0.0,0.0
2013-10-09 23:55:00,1315852.8,0.0,-208780.852248,0,0.0,0.0,0.0
2013-10-10 00:00:00,1663223.0,0.0,284759.666552,0,0.0,0.0,0.0
2013-10-10 00:05:00,881168.6,0.0,755818.765036,0,0.0,0.0,0.0
2013-10-10 00:10:00,864271.8,0.0,-720682.244994,0,0.0,0.0,0.0
2013-10-10 00:15:00,831722.8,0.0,-454012.109443,0,0.0,0.0,0.0
2013-10-10 00:20:00,1025884.6,0.0,-387596.743659,0,0.0,0.0,0.0
2013-10-10 00:25:00,1056338.6,0.0,-8879.71306112,0,0.0,0.0,0.0
2013-10-10 00:30:00,1342641.2,0.0,-10990.9119558,0,0.0,0.0,0.0
2013-10-10 00:35:00,901321.4,0.0,431784.543224,0,0.0,0.0,0.0
2013-10-10 00:40:00,994254.0,0.0,-365627.282691,0,0.0,0.0,0.0
2013-10-10 00:45:00,995340.2,0.0301029996659,-97394.8533862,0,0.0,0.0,0.0
2013-10-10 00:50:00,1042389.8,0.0301029996659,-85782.1245714,0,0.0,0.0,0.0
2013-10-10 00:55:00,1468524.8,1.0,350.273845911,0,0.0,0.0,0.0
2013-10-10 01:00:00,1874774.4,1.0,644633.919047,0,0.0,0.0,0.0
2013-10-10 01:05:00,1068452.6,0.0301029996659,1144257.17747,0,0.0,0.0,0.0
2013-10-10 01:10:00,997374.4,0.0301029996659,-312535.602876,0,0.0,0.0,0.0
2013-10-10 01:15:00,1185431.8,0.0301029996659,-223087.015403,0,0.0,0.0,0.0
2013-10-10 01:20:00,1253500.4,0.0301029996659,209410.105748,0,0.0,0.0,0.0
2013-10-10 01:25:00,1019610.0,0.0301029996659,297625.188644,0,0.0,0.0,0.0
2013-10-10 01:30:00,1467012.8,0.0301029996659,-99811.0209026,0,0.0,0.0,0.0
2013-10-10 01:35:00,889605.0,1.0,620955.079865,0,0.0,0.0,0.0
2013-10-10 01:40:00,825968.8,1.0,-357661.899948,0,0.0,0.0,0.0
2013-10-10 01:45:00,944624.6,0.0301029996659,-296778.589753,0,0.0,0.0,0.0
2013-10-10 01:50:00,1014397.6,0.0301029996659,-6971.53505607,0,0.0,0.0,0.0
2013-10-10 01:55:00,985993.2,0.0301029996659,99204.3332767,0,0.0,0.0,0.0
2013-10-10 02:00:00,1556147.0,0.0301029996659,34146.706759,0,0.0,0.0,0.0
2013-10-10 02:05:00,918924.2,0.0301029996659,892009.508101,0,0.0,0.0,0.0
2013-10-10 02:10:00,946216.0,0.0301029996659,-201960.794428,0,0.0,0.0,0.0
2013-10-10 02:15:00,1203311.6,0.0301029996659,-45612.0567094,0,0.0,0.0,0.0
2013-10-10 02:20:00,818717.8,0.0301029996659,409226.685952,0,0.0,0.0,0.0
2013-10-10 02:25:00,1271861.4,0.0301029996659,-242106.79976,0,0.0,0.0,0.0
2013-10-10 02:30:00,1249426.0,0.0301029996659,561179.936226,0,0.0,0.0,0.0
2013-10-10 02:35:00,959763.2,0.0301029996659,413207.038991,0,0.0,0.0,0.0
2013-10-10 02:40:00,894922.6,0.0301029996659,-89739.9276775,0,0.0,0.0,0.0
2013-10-10 02:45:00,1035031.6,0.0301029996659,-93028.1636121,0,0.0,0.0,0.0
2013-10-10 02:50:00,1291079.8,0.0301029996659,206047.767485,0,0.0,0.0,0.0
2013-10-10 02:55:00,1066712.6,0.0301029996659,581559.769861,0,0.0,0.0,0.0
2013-10-10 03:00:00,2790829.8,1.0,123220.219895,0,0.0,0.0,0.0
2013-10-10 03:05:00,2466770.6,0.0301029996659,2956866.09986,0,0.0,0.0,0.0
2013-10-10 03:10:00,3168191.8,1.0,1755615.016,0,0.0,0.0,0.0
2013-10-10 03:15:00,1362582.2,0.0301029996659,2834210.18701,0,0.0,0.0,0.0
2013-10-10 03:20:00,1203811.0,0.0301029996659,-517988.158873,0,0.0,0.0,0.0
2013-10-10 03:25:00,892913.2,0.0301029996659,-98113.8848725,0,0.0,0.0,0.0
2013-10-10 03:30:00,1422962.0,0.0301029996659,-292904.945539,0,0.0,0.0,0.0
2013-10-10 03:35:00,1272848.0,0.0301029996659,817591.017703,0,0.0,0.0,0.0
2013-10-10 03:40:00,1383750.2,0.0301029996659,462722.441349,0,0.0,0.0,0.0
2013-10-10 03:45:00,973746.4,0.0301029996659,646334.780574,0,0.0,0.0,0.0
2013-10-10 03:50:00,1240975.6,0.0301029996659,-45576.6102622,0,0.0,0.0,0.0
2013-10-10 03:55:00,1022294.6,0.0301029996659,489129.496376,0,0.0,0.0,0.0
2013-10-10 04:00:00,1794335.0,0.0301029996659,113577.559743,0,0.0,0.0,0.0
2013-10-10 04:05:00,1261058.8,0.0301029996659,1435573.66609,0,0.0,0.0,0.0
2013-10-10 04:10:00,1260534.4,0.0301029996659,317496.834997,0,0.0,0.0,0.0
2013-10-10 04:15:00,1064257.4,0.0301029996659,427844.089552,0,0.0,0.0,0.0
2013-10-10 04:20:00,1027933.8,0.0301029996659,145017.039931,0,0.0,0.0,0.0
2013-10-10 04:25:00,959238.6,0.0301029996659,178915.43507,0,0.0,0.0,0.0
2013-10-10 04:30:00,955490.2,0.0301029996659,123727.90374,0,0.0,0.0,0.0
2013-10-10 04:35:00,1219726.6,0.0301029996659,163521.385662,0,0.0,0.0,0.0
2013-10-10 04:40:00,944099.2,0.0301029996659,569618.29199,0,0.0,0.0,0.0
2013-10-10 04:45:00,789781.0,0.0301029996659,113705.024521,0,0.0,0.0,0.0
2013-10-10 04:50:00,1506217.2,0.0301029996659,-73772.3337512,0,0.0,0.0,0.0
2013-10-10 04:55:00,1009633.4,0.0301029996659,1134053.289,0,0.0,0.0,0.0
2013-10-10 05:00:00,1910032.4,0.0301029996659,209968.035616,0,0.0,0.0,0.0
2013-10-10 05:05:00,1004299.4,0.0301029996659,1695243.10556,0,0.0,0.0,0.0
2013-10-10 05:10:00,800122.2,0.0301029996659,-56418.5314152,0,0.0,0.0,0.0
2013-10-10 05:15:00,1414346.8,0.0301029996659,-169254.601998,0,0.0,0.0,0.0
2013-10-10 05:20:00,1114365.6,0.0301029996659,1011446.69682,0,0.0,0.0,0.0
2013-10-10 05:25:00,1222933.0,0.0301029996659,383199.486654,0,0.0,0.0,0.0
2013-10-10 05:30:00,1177306.6,0.0301029996659,578323.189184,0,0.0,0.0,0.0
2013-10-10 05:35:00,936231.0,0.0301029996659,472633.322546,0,0.0,0.0,0.0
2013-10-10 05:40:00,1086114.8,0.0301029996659,107869.183686,0,0.0,0.0,0.0
2013-10-10 05:45:00,865114.8,0.0301029996659,408114.130344,0,0.0,0.0,0.0
2013-10-10 05:50:00,1058657.6,0.0301029996659,59634.1059128,0,0.0,0.0,0.0
2013-10-10 05:55:00,1002185.8,0.0301029996659,439733.713029,0,0.0,0.0,0.0
2013-10-10 06:00:00,1487688.6,0.0301029996659,314712.809515,0,0.0,0.0,0.0
2013-10-10 06:05:00,1031687.8,0.0301029996659,1113370.60014,0,0.0,0.0,0.0
2013-10-10 06:10:00,821456.4,0.0301029996659,212423.263709,0,0.0,0.0,0.0
2013-10-10 06:15:00,898685.4,0.0301029996659,-33135.1795917,0,0.0,0.0,0.0
2013-10-10 06:20:00,920632.8,0.0301029996659,221909.345577,0,0.0,0.0,0.0
2013-10-10 06:25:00,1260650.8,0.0301029996659,267382.108587,0,0.0,0.0,0.0
2013-10-10 06:30:00,1028933.8,0.0301029996659,815862.802374,0,0.0,0.0,0.0
2013-10-10 06:35:00,792172.0,0.0301029996659,368359.241417,0,0.0,0.0,0.0
2013-10-10 06:40:00,936512.8,0.0301029996659,-1552.56861505,0,0.0,0.0,0.0
2013-10-10 06:45:00,1188596.2,0.0301029996659,321417.268528,0,0.0,0.0,0.0
2013-10-10 06:50:00,1166070.0,0.0301029996659,711233.076033,0,0.0,0.0,0.0
2013-10-10 06:55:00,924183.8,0.0301029996659,574905.285545,0,0.0,0.0,0.0
2013-10-10 07:00:00,1702998.0,0.0301029996659,155323.061588,0,0.0,0.0,0.0
2013-10-10 07:05:00,2861705.2,0.0301029996659,1522095.24794,0,0.0,0.0,0.0
2013-10-10 07:10:00,1146903.4,0.0301029996659,3150042.43502,0,0.0,0.0,0.0
2013-10-10 07:15:00,1051866.2,0.0301029996659,-344060.798601,0,0.0,0.0,0.0
2013-10-10 07:20:00,1196833.4,0.0301029996659,92878.4261815,0,0.0,0.0,0.0
2013-10-10 07:25:00,1439759.4,0.0301029996659,578973.752792,0,0.0,0.0,0.0
2013-10-10 07:30:00,1084365.8,0.0301029996659,981514.706541,0,0.0,0.0,0.0
2013-10-10 07:35:00,1227197.8,0.0301029996659,305423.625637,0,0.0,0.0,0.0
2013-10-10 07:40:00,951286.8,0.0301029996659,619591.252289,0,0.0,0.0,0.0
2013-10-10 07:45:00,909773.0,0.0301029996659,226971.621584,0,0.0,0.0,0.0
2013-10-10 07:50:00,1673980.6,0.0301029996659,245790.349136,0,0.0,0.0,0.0
2013-10-10 07:55:00,1239774.4,0.0301029996659,1750172.65391,0,0.0,0.0,0.0
2013-10-10 08:00:00,1623926.4,0.0301029996659,462628.74191,0,0.0,0.0,0.0
2013-10-10 08:05:00,1899871.8,0.0301029996659,1335201.26844,0,0.0,0.0,0.0
2013-10-10 08:10:00,1061869.4,0.0301029996659,1607364.34547,0,0.0,0.0,0.0
2013-10-10 08:15:00,1169978.4,0.0301029996659,-140098.419639,0,0.0,0.0,0.0
2013-10-10 08:20:00,1309258.8,0.0301029996659,497854.111326,0,0.0,0.0,0.0
2013-10-10 08:25:00,1400611.4,0.0301029996659,817627.106718,0,0.0,0.0,0.0
2013-10-10 08:30:00,1478794.0,0.0301029996659,915526.1438,0,0.0,0.0,0.0
2013-10-10 08:35:00,1154915.6,0.0301029996659,987819.851495,0,0.0,0.0,0.0
2013-10-10 08:40:00,1119468.6,0.0301029996659,423333.036716,0,0.0,0.0,0.0
2013-10-10 08:45:00,1315528.4,0.0301029996659,460924.962372,0,0.0,0.0,0.0
2013-10-10 08:50:00,1316311.2,0.0301029996659,840398.216831,0,0.0,0.0,0.0
2013-10-10 08:55:00,1252876.6,0.0301029996659,793360.056611,0,0.0,0.0,0.0
2013-10-10 09:00:00,1611319.6,0.0301029996659,668211.572063,0,0.0,0.0,0.0
2013-10-10 09:05:00,1874347.2,0.0301029996659,1247468.47688,0,0.0,0.0,0.0
2013-10-10 09:10:00,7734377.8,1.0,1554780.46231,0,-0.22,-0.11,-0.11
2013-10-10 09:15:00,21326575.6,1.0,10969018.37,0,-0.22,-0.11,-0.11
2013-10-10 09:20:00,34239448.6,1.0,29977564.4748,0,-0.22,-0.11,-0.11
2013-10-10 09:25:00,39717876.0,1.0,45302463.5391,0,-0.22,-0.11,-0.11
2013-10-10 09:30:00,41614284.6,0.0301029996659,46913649.4677,0,0.0,0.0,0.0
2013-10-10 09:35:00,46141497.6,1.0,45233858.1307,0,-0.22,-0.11,-0.11
2013-10-10 09:40:00,36632762.0,0.0301029996659,50093193.568,0,0.0,0.0,0.0
2013-10-10 09:45:00,22884266.2,0.0301029996659,31457439.5257,0,0.0,0.0,0.0
2013-10-10 09:50:00,18195488.2,0.0301029996659,12723357.8319,0,0.0,0.0,0.0
2013-10-10 09:55:00,14726156.8,0.0301029996659,11295549.1544,0,0.0,0.0,0.0
2013-10-10 10:00:00,13021075.2,0.0301029996659,9674782.1211,0,0.0,0.0,0.0
2013-10-10 10:05:00,12199362.0,0.0301029996659,9756477.57597,0,0.0,0.0,0.0
2013-10-10 10:10:00,10825948.6,0.0301029996659,10108523.5059,0,0.0,0.0,0.0
2013-10-10 10:15:00,9548127.6,0.0301029996659,8867314.4469,0,0.0,0.0,0.0
2013-10-10 10:20:00,8109072.2,0.0301029996659,7696776.64831,0,0.0,0.0,0.0
2013-10-10 10:25:00,8925800.4,0.0301029996659,6212033.81862,0,0.0,0.0,0.0
2013-10-10 10:30:00,7765588.0,0.0301029996659,8058316.19781,0,0.0,0.0,0.0
2013-10-10 10:35:00,6306836.6,0.0301029996659,6577083.44534,1,-1.0,-2.0,-1.0
2013-10-10 10:40:00,6912175.4,0.0301029996659,4721005.62301,1,0.0,0.0,0.0
2013-10-10 10:45:00,8497172.4,0.0301029996659,6115394.67644,1,0.0,0.0,0.0
2013-10-10 10:50:00,9570483.4,0.0301029996659,8624396.90625,1,0.0,0.0,0.0
2013-10-10 10:55:00,10766459.6,0.0301029996659,9937932.32886,1,0.0,0.0,0.0
2013-10-10 11:00:00,11728221.2,0.0301029996659,11320695.6311,1,0.0,0.0,0.0
2013-10-10 11:05:00,12230082.2,0.0301029996659,12236568.1327,1,0.0,0.0,0.0
2013-10-10 11:10:00,12685043.6,0.0301029996659,12497226.4017,1,0.0,0.0,0.0
2013-10-10 11:15:00,13446408.0,0.0301029996659,12828617.3053,1,0.0,0.0,0.0
2013-10-10 11:20:00,13995080.6,0.0301029996659,13653116.3912,1,0.0,0.0,0.0
2013-10-10 11:25:00,14218029.8,0.0301029996659,14137162.2754,1,0.0,0.0,0.0
2013-10-10 11:30:00,13467919.2,0.0301029996659,14191989.868,1,0.0,0.0,0.0
2013-10-10 11:35:00,13460836.0,0.0301029996659,12942788.0309,1,0.0,0.0,0.0
2013-10-10 11:40:00,13809836.0,0.0301029996659,12957917.6028,1,0.0,0.0,0.0
2013-10-10 11:45:00,14009019.0,0.0301029996659,13511900.6572,1,0.0,0.0,0.0
2013-10-10 11:50:00,13084023.6,0.0301029996659,13722937.293,1,0.0,0.0,0.0
2013-10-10 11:55:00,12709564.2,0.0301029996659,12266395.8886,1,0.0,0.0,0.0
2013-10-10 12:00:00,12814870.4,0.0301029996659,11884538.38,1,0.0,0.0,0.0
2013-10-10 12:05:00,11877359.0,0.0301029996659,12224728.3798,1,0.0,0.0,0.0
2013-10-10 12:10:00,11696078.2,0.0301029996659,10983122.4043,1,0.0,0.0,0.0
2013-10-10 12:15:00,11996982.8,0.0301029996659,10914609.4253,1,0.0,0.0,0.0
2013-10-10 12:20:00,11997259.8,0.0301029996659,11519571.356,1,0.0,0.0,0.0
2013-10-10 12:25:00,11376455.0,0.0301029996659,11527574.0552,1,0.0,0.0,0.0
2013-10-10 12:30:00,11210009.4,0.0301029996659,10593741.9789,1,0.0,0.0,0.0
2013-10-10 12:35:00,9479133.6,0.0301029996659,10491151.5125,1,0.0,0.0,0.0
2013-10-10 12:40:00,8772188.6,0.0301029996659,8015926.76237,1,0.0,0.0,0.0
2013-10-10 12:45:00,7232056.8,0.0301029996659,7437780.41649,1,0.0,0.0,0.0
2013-10-10 12:50:00,5023842.2,0.0301029996659,5543618.80795,1,0.0,0.0,0.0
2013-10-10 12:55:00,4625737.4,0.0301029996659,2909283.48105,1,0.0,0.0,0.0
2013-10-10 13:00:00,4001864.8,0.0301029996659,3158115.45674,1,0.0,0.0,0.0
2013-10-10 13:05:00,3590778.4,0.0301029996659,2745482.28627,1,0.0,0.0,0.0
2013-10-10 13:10:00,3459420.2,0.0301029996659,2561559.52335,1,0.0,0.0,0.0
2013-10-10 13:15:00,4111032.6,0.0301029996659,2663826.73699,1,0.0,0.0,0.0
2013-10-10 13:20:00,4421097.4,0.0301029996659,3850264.73004,1,0.0,0.0,0.0
2013-10-10 13:25:00,4455026.0,0.0301029996659,4225828.71102,1,0.0,0.0,0.0
2013-10-10 13:30:00,7491621.6,0.0301029996659,4126173.85806,1,0.0,0.0,0.0
2013-10-10 13:35:00,6655292.6,0.0301029996659,8603388.83091,1,0.0,0.0,0.0
2013-10-10 13:40:00,5443550.2,0.0301029996659,6519887.61108,1,0.0,0.0,0.0
2013-10-10 13:45:00,6155358.2,0.0301029996659,4426110.95539,1,0.0,0.0,0.0
2013-10-10 13:50:00,6492683.4,0.0301029996659,5901527.16764,1,0.0,0.0,0.0
2013-10-10 13:55:00,6950044.0,0.0301029996659,6328181.2288,1,0.0,0.0,0.0
2013-10-10 14:00:00,6841478.0,0.0301029996659,6895720.99254,1,0.0,0.0,0.0
2013-10-10 14:05:00,6484278.0,0.0301029996659,6539192.88877,1,0.0,0.0,0.0
2013-10-10 14:10:00,6224288.0,0.0301029996659,5948090.38509,1,0.0,0.0,0.0
2013-10-10 14:15:00,6695084.8,0.0301029996659,5606355.581,1,0.0,0.0,0.0
2013-10-10 14:20:00,6520807.0,0.0301029996659,6433293.0216,1,0.0,0.0,0.0
2013-10-10 14:25:00,4169085.8,0.0301029996659,6091590.41995,1,0.0,0.0,0.0
2013-10-10 14:30:00,3935875.6,0.0301029996659,2395442.40115,1,0.0,0.0,0.0
2013-10-10 14:35:00,3871600.0,0.0301029996659,2775617.26183,1,0.0,0.0,0.0
2013-10-10 14:40:00,4002291.2,0.0301029996659,3125705.77913,1,0.0,0.0,0.0
2013-10-10 14:45:00,3947186.2,0.0301029996659,3523821.62801,1,0.0,0.0,0.0
2013-10-10 14:50:00,4353851.6,0.0301029996659,3467963.18403,1,0.0,0.0,0.0
2013-10-10 14:55:00,4353784.6,0.0301029996659,4139192.18228,1,0.0,0.0,0.0
2013-10-10 15:00:00,5099945.0,0.0301029996659,4039989.08934,1,0.0,0.0,0.0
2013-10-10 15:05:00,5771032.8,0.0301029996659,5144437.49071,1,0.0,0.0,0.0
2013-10-10 15:10:00,6843186.0,0.0301029996659,5921829.55606,1,0.0,0.0,0.0
2013-10-10 15:15:00,5279036.4,0.0301029996659,7291699.48031,1,0.0,0.0,0.0
2013-10-10 15:20:00,6496034.2,0.0301029996659,4429796.06711,1,0.0,0.0,0.0
2013-10-10 15:25:00,4476881.4,0.0301029996659,6646348.33366,1,0.0,0.0,0.0
2013-10-10 15:30:00,7500000.4,0.0301029996659,3016216.56637,1,0.0,0.0,0.0
2013-10-10 15:35:00,4549360.8,0.0301029996659,8622487.84282,1,0.0,0.0,0.0
2013-10-10 15:40:00,4837703.4,0.0301029996659,2721037.14701,1,0.0,0.0,0.0
2013-10-10 15:45:00,5145406.0,0.0301029996659,4159614.28967,1,0.0,0.0,0.0
2013-10-10 15:50:00,5235980.4,0.0301029996659,4861701.32787,0,0.0,0.0,0.0
2013-10-10 15:55:00,4608298.0,0.0301029996659,4931410.74725,0,0.0,0.0,0.0
2013-10-10 16:00:00,4648481.0,0.0301029996659,3868126.16058,0,0.0,0.0,0.0
2013-10-10 16:05:00,5222922.0,0.0301029996659,4105194.16014,0,0.0,0.0,0.0
2013-10-10 16:10:00,5018915.4,0.0301029996659,5099093.67818,0,0.0,0.0,0.0
2013-10-10 16:15:00,6171433.4,0.00582699494592,4629799.88064,0,0.0,0.0,0.0
2013-10-10 16:20:00,5202479.8,0.00475181537066,6476432.2757,0,0.0,0.0,0.0
2013-10-10 16:25:00,3324062.0,0.0039282774956,4504886.98782,0,0.0,0.0,0.0
2013-10-10 16:30:00,5081782.8,0.00434250029603,1613121.19198,0,0.0,0.0,0.0
2013-10-10 16:35:00,4249074.6,0.0043949908458,5383497.05926,0,0.0,0.0,0.0
2013-10-10 16:40:00,4199818.6,0.00449398804923,3530004.45005,0,0.0,0.0,0.0
2013-10-10 16:45:00,5219494.2,0.00491122348967,3670357.12963,0,0.0,0.0,0.0
2013-10-10 16:50:00,4694730.2,0.00491404640029,5462710.47995,0,0.0,0.0,0.0
2013-10-10 16:55:00,6152926.2,0.00520088179805,4256545.23841,0,0.0,0.0,0.0
2013-10-10 17:00:00,5550911.8,0.00560497653374,6697703.04513,0,0.0,0.0,0.0
2013-10-10 17:05:00,4896396.0,0.00511909268587,5103336.49964,0,0.0,0.0,0.0
2013-10-10 17:10:00,5670213.8,0.00526893262833,4051345.50382,0,0.0,0.0,0.0
2013-10-10 17:15:00,4850725.4,0.00515076955826,5657891.71032,0,0.0,0.0,0.0
2013-10-10 17:20:00,4571890.4,0.00418628600274,4068504.12499,0,0.0,0.0,0.0
2013-10-10 17:25:00,4536476.8,0.00405461145015,3872569.5588,0,0.0,0.0,0.0
2013-10-10 17:30:00,4437847.2,0.00398122118045,4028750.27145,0,0.0,0.0,0.0
2013-10-10 17:35:00,5375253.2,0.00396008689391,3947055.15812,0,0.0,0.0,0.0
2013-10-10 17:40:00,4312917.2,0.00410109458484,5523408.42809,0,0.0,0.0,0.0
2013-10-10 17:45:00,3983407.8,0.00364581380543,3676807.14455,0,0.0,0.0,0.0
2013-10-10 17:50:00,4300847.6,0.00361695236393,3305214.5132,0,0.0,0.0,0.0
2013-10-10 17:55:00,4406236.0,0.00367748523426,3998703.55804,0,0.0,0.0,0.0
2013-10-10 18:00:00,4374796.8,0.00331042729694,4120576.67383,0,0.0,0.0,0.0
2013-10-10 18:05:00,3936344.4,0.0031295246849,4020700.58752,1,-1.0,-2.0,-1.0
2013-10-10 18:10:00,3846504.4,0.0031246809738,3379272.98595,1,0.0,0.0,0.0
2013-10-10 18:15:00,3692155.2,0.00305212081397,3332843.8596,1,0.0,0.0,0.0
2013-10-10 18:20:00,3217057.0,0.00296375710423,3173393.15915,1,0.0,0.0,0.0
2013-10-10 18:25:00,3820828.8,0.00293504839012,2559556.57212,1,0.0,0.0,0.0
2013-10-10 18:30:00,4718348.6,0.0029495091276,3502057.19234,1,0.0,0.0,0.0
2013-10-10 18:35:00,3415757.8,0.00322452219438,4800597.62055,1,0.0,0.0,0.0
2013-10-10 18:40:00,4203280.8,0.00340071078296,2592078.5826,1,0.0,0.0,0.0
2013-10-10 18:45:00,3655304.0,0.00340509679939,4069546.11656,1,0.0,0.0,0.0
2013-10-10 18:50:00,3335873.0,0.00341365303807,3058163.90786,1,0.0,0.0,0.0
2013-10-10 18:55:00,3137363.0,0.00351915743765,2688261.84004,1,0.0,0.0,0.0
2013-10-10 19:00:00,3636906.4,0.00371193101378,2542959.43175,1,0.0,0.0,0.0
2013-10-10 19:05:00,3469994.6,0.00362422817874,3411679.44812,1,0.0,0.0,0.0
2013-10-10 19:10:00,3291118.6,0.00366766595719,3105059.93796,1,0.0,0.0,0.0
2013-10-10 19:15:00,3582063.0,0.00352614040569,2831711.84779,1,0.0,0.0,0.0
2013-10-10 19:20:00,3177593.0,0.00323100826395,3323444.11571,1,0.0,0.0,0.0
2013-10-10 19:25:00,3183260.8,0.00301412503376,2671048.55877,1,0.0,0.0,0.0
2013-10-10 19:30:00,2701991.8,0.00264088034709,2763502.35423,1,0.0,0.0,0.0
2013-10-10 19:35:00,2756069.0,0.00271623805214,2042870.29175,1,0.0,0.0,0.0
2013-10-10 19:40:00,3424595.0,0.00293401126817,2287397.64925,1,0.0,0.0,0.0
2013-10-10 19:45:00,2716830.0,0.00300319601026,3423084.16553,1,0.0,0.0,0.0
2013-10-10 19:50:00,2595576.6,0.00285922079282,2084516.43098,1,0.0,0.0,0.0
2013-10-10 19:55:00,3246679.0,0.00315829429472,2066499.39934,1,0.0,0.0,0.0
2013-10-10 20:00:00,2800273.6,0.0032353383922,3258165.8304,1,0.0,0.0,0.0
2013-10-10 20:05:00,2484272.0,0.00306731833489,2357028.59611,1,0.0,0.0,0.0
2013-10-10 20:10:00,2227412.4,0.00311824430067,1899983.89583,1,0.0,0.0,0.0
2013-10-10 20:15:00,2684762.6,0.00327662235658,1631733.8806,1,0.0,0.0,0.0
2013-10-10 20:20:00,3560943.0,0.00357472976844,2505010.11926,1,0.0,0.0,0.0
2013-10-10 20:25:00,3986034.8,0.0034374886632,3741712.87743,1,0.0,0.0,0.0
2013-10-10 20:30:00,4382304.2,0.00319441514525,4105993.02935,1,0.0,0.0,0.0
2013-10-10 20:35:00,6511585.2,0.00359262907434,4461712.36961,1,0.0,0.0,0.0
2013-10-10 20:40:00,13757010.4,0.00556426630279,7473866.07664,1,0.0,0.0,0.0
2013-10-10 20:45:00,9203809.4,0.00923819206082,17555255.9425,1,0.0,0.0,0.0
2013-10-10 20:50:00,5384941.6,0.0106947076577,8040665.78222,1,0.0,0.0,0.0
2013-10-10 20:55:00,3715801.6,0.0115468818583,2453154.55118,1,0.0,0.0,0.0
2013-10-10 21:00:00,3076906.8,0.0126754418373,1371253.41939,1,0.0,0.0,0.0
2013-10-10 21:05:00,2981824.0,0.0130303590011,1541607.93457,1,0.0,0.0,0.0
2013-10-10 21:10:00,2508304.8,0.0125538810635,2034397.71671,1,0.0,0.0,0.0
2013-10-10 21:15:00,2873027.0,0.0134311675182,1637684.50359,1,0.0,0.0,0.0
2013-10-10 21:20:00,2736929.8,0.0134175332938,2481834.74874,1,0.0,0.0,0.0
2013-10-10 21:25:00,2852624.6,0.0121941405289,2311791.08775,1,0.0,0.0,0.0
2013-10-10 21:30:00,2597563.6,0.00820270440083,2534608.66877,1,0.0,0.0,0.0
2013-10-10 21:35:00,2299805.4,0.00447294972929,2173363.7878,1,0.0,0.0,0.0
2013-10-10 21:40:00,2124006.6,0.00370933053577,1798530.0362,1,0.0,0.0,0.0
2013-10-10 21:45:00,1843232.8,0.0033913445179,1627271.37281,1,0.0,0.0,0.0
2013-10-10 21:50:00,2516452.4,0.0032533917771,1322454.4743,1,0.0,0.0,0.0
2013-10-10 21:55:00,2635773.2,0.00299280788262,2125741.44702,1,0.0,0.0,0.0
2013-10-10 22:00:00,2934168.6,0.00302589986629,2364014.62924,1,0.0,0.0,0.0
2013-10-10 22:05:00,3165361.2,0.00279502991693,2787490.31287,1,0.0,0.0,0.0
2013-10-10 22:10:00,2596034.8,0.00284760746074,3040362.38105,1,0.0,0.0,0.0
2013-10-10 22:15:00,2365396.2,0.00276652025777,2135308.53788,1,0.0,0.0,0.0
2013-10-10 22:20:00,2410592.4,0.00289799178865,1872241.90984,1,0.0,0.0,0.0
2013-10-10 22:25:00,2411177.2,0.00297406305956,2021135.12623,1,0.0,0.0,0.0
2013-10-10 22:30:00,2817637.0,0.00310819028017,2047672.36603,1,0.0,0.0,0.0
2013-10-10 22:35:00,2420126.0,0.00310885748441,2632858.38722,1,0.0,0.0,0.0
2013-10-10 22:40:00,2087740.6,0.00278388337541,2058117.42095,1,0.0,0.0,0.0
2013-10-10 22:45:00,1964231.0,0.00274694278203,1601373.63219,1,0.0,0.0,0.0
2013-10-10 22:50:00,2010772.4,0.0027345571139,1499243.0002,1,0.0,0.0,0.0
2013-10-10 22:55:00,1781298.8,0.00267380344385,1636649.093,1,0.0,0.0,0.0
2013-10-10 23:00:00,2799522.0,0.0029593589696,1341278.19939,1,0.0,0.0,0.0
2013-10-10 23:05:00,2338843.0,0.00304457377249,2853996.75767,1,0.0,0.0,0.0
2013-10-10 23:10:00,1943066.8,0.002915252068,2029204.47543,1,0.0,0.0,0.0
2013-10-10 23:15:00,2518236.8,0.00312907222811,1424304.66929,1,0.0,0.0,0.0
2013-10-10 23:20:00,3359710.8,0.00318748162798,2415922.99582,0,0.0,0.0,0.0
2013-10-10 23:25:00,2119819.4,0.00359222577312,3583414.33296,0,0.0,0.0,0.0
2013-10-10 23:30:00,2216677.4,0.00390105269994,1328472.07135,0,0.0,0.0,0.0
2013-10-10 23:35:00,1922451.0,0.00383071619377,1759736.42888,0,0.0,0.0,0.0
2013-10-10 23:40:00,2131340.4,0.00392779956712,1373983.45607,0,0.0,0.0,0.0
2013-10-10 23:45:00,2174178.6,0.00400025337728,1842704.24905,0,0.0,0.0,0.0
2013-10-10 23:50:00,2053342.8,0.00354298794488,1897592.66252,0,0.0,0.0,0.0
2013-10-10 23:55:00,2500698.4,0.00365358806349,1691024.07743,0,0.0,0.0,0.0
2013-10-11 00:00:00,2345290.8,0.00363025197017,2363168.90937,0,0.0,0.0,0.0
2013-10-11 00:05:00,2157204.4,0.00330037886618,2052335.92249,0,0.0,0.0,0.0
2013-10-11 00:10:00,2458691.2,0.00323150934576,1756587.53798,0,0.0,0.0,0.0
2013-10-11 00:15:00,2451451.4,0.00285363926941,2274371.91526,0,0.0,0.0,0.0
2013-10-11 00:20:00,2074059.4,0.00264112051777,2198711.14986,0,0.0,0.0,0.0
2013-10-11 00:25:00,2823709.6,0.00295960150083,1569229.6198,0,0.0,0.0,0.0
2013-10-11 00:30:00,3076168.6,0.00281233958106,2828498.80016,0,0.0,0.0,0.0
2013-10-11 00:35:00,2733595.0,0.00280910466128,3047694.66147,0,0.0,0.0,0.0
2013-10-11 00:40:00,2627582.6,0.00285474591832,2321587.76836,0,0.0,0.0,0.0
2013-10-11 00:45:00,2571875.4,0.00272585385626,2219258.69888,0,0.0,0.0,0.0
2013-10-11 00:50:00,2763043.4,0.00288886149155,2196475.96132,0,0.0,0.0,0.0
2013-10-11 00:55:00,3373233.6,0.00312698261942,2512024.11875,0,0.0,0.0,0.0
2013-10-11 01:00:00,2596747.2,0.00315272519259,3374444.13066,0,0.0,0.0,0.0
2013-10-11 01:05:00,2573697.0,0.00327029819609,2047457.69314,0,0.0,0.0,0.0
2013-10-11 01:10:00,2585580.8,0.00337737088173,2152760.32991,0,0.0,0.0,0.0
2013-10-11 01:15:00,2926060.2,0.00319431254171,2246808.42482,0,0.0,0.0,0.0
2013-10-11 01:20:00,2721994.2,0.00313577506439,2788065.3742,0,0.0,0.0,0.0
2013-10-11 01:25:00,2826090.8,0.00317405075003,2406937.69528,0,0.0,0.0,0.0
2013-10-11 01:30:00,3175531.0,0.00327544885491,2580328.61102,0,0.0,0.0,0.0
2013-10-11 01:35:00,2783067.4,0.0032654861483,3099762.49171,0,0.0,0.0,0.0
2013-10-11 01:40:00,2646577.8,0.00316320781722,2393435.91044,0,0.0,0.0,0.0
2013-10-11 01:45:00,2249622.8,0.00289614607755,2235360.11914,0,0.0,0.0,0.0
2013-10-11 01:50:00,2380653.2,0.00288439660899,1671980.08241,0,0.0,0.0,0.0
2013-10-11 01:55:00,3353167.8,0.00315008089709,2010449.05417,0,0.0,0.0,0.0
2013-10-11 02:00:00,2691037.4,0.00330927066657,3587696.6201,0,0.0,0.0,0.0
2013-10-11 02:05:00,2815953.6,0.00328270197584,2227592.09866,0,0.0,0.0,0.0
2013-10-11 02:10:00,2388228.8,0.00331390411346,2542526.24639,0,0.0,0.0,0.0
2013-10-11 02:15:00,2607510.2,0.00344663074439,1831343.20509,0,0.0,0.0,0.0
2013-10-11 02:20:00,2258206.2,0.00326622273212,2337804.60804,0,0.0,0.0,0.0
2013-10-11 02:25:00,2119898.0,0.00328376264774,1762299.93545,0,0.0,0.0,0.0
2013-10-11 02:30:00,2234826.6,0.00339822848386,1670168.87463,0,0.0,0.0,0.0
2013-10-11 02:35:00,2029213.0,0.00341712213078,1963374.56037,0,0.0,0.0,0.0
2013-10-11 02:40:00,2022639.2,0.00330543445872,1638039.94065,0,0.0,0.0,0.0
2013-10-11 02:45:00,2477133.0,0.00312451225216,1695153.82088,0,0.0,0.0,0.0
2013-10-11 02:50:00,2322718.8,0.00288188687401,2455868.47711,0,0.0,0.0,0.0
2013-10-11 02:55:00,2451926.6,0.0028254597036,2054241.99105,0,0.0,0.0,0.0
2013-10-11 03:00:00,3751994.8,0.00327113290952,2259000.2617,0,0.0,0.0,0.0
2013-10-11 03:05:00,3835848.4,0.00318100466343,4341328.37912,0,0.0,0.0,0.0
2013-10-11 03:10:00,4605135.8,0.00338559232661,3957062.14663,0,0.0,0.0,0.0
2013-10-11 03:15:00,2598200.0,0.0041655151624,4969363.38367,0,0.0,0.0,0.0
2013-10-11 03:20:00,2721577.4,0.00458251710768,1257525.92244,0,0.0,0.0,0.0
2013-10-11 03:25:00,2402112.2,0.00468149323682,2129530.58913,0,0.0,0.0,0.0
2013-10-11 03:30:00,2573645.6,0.00487458106949,1807876.37549,0,0.0,0.0,0.0
2013-10-11 03:35:00,1869702.6,0.00470425396549,2295655.3893,0,0.0,0.0,0.0
2013-10-11 03:40:00,2195341.8,0.005139992896,1208014.62738,0,0.0,0.0,0.0
2013-10-11 03:45:00,2179106.2,0.00505232157204,1957940.14318,0,0.0,0.0,0.0
2013-10-11 03:50:00,2224773.8,0.00449636652745,1909154.47509,0,0.0,0.0,0.0
2013-10-11 03:55:00,2051167.2,0.00429865650481,1981174.32858,0,0.0,0.0,0.0
2013-10-11 04:00:00,2076078.6,0.00418243377478,1702231.95709,0,0.0,0.0,0.0
2013-10-11 04:05:00,2338487.0,0.00348640695145,1776025.99175,0,0.0,0.0,0.0
2013-10-11 04:10:00,2322368.6,0.0030084552592,2192489.46078,0,0.0,0.0,0.0
2013-10-11 04:15:00,2213996.4,0.00295466911923,2105827.5802,0,0.0,0.0,0.0
2013-10-11 04:20:00,1960851.4,0.00272533210299,1903960.66428,0,0.0,0.0,0.0
2013-10-11 04:25:00,2122598.6,0.00278363826395,1533498.02841,0,0.0,0.0,0.0
2013-10-11 04:30:00,2050746.2,0.00253309970076,1878399.50818,0,0.0,0.0,0.0
2013-10-11 04:35:00,1663046.4,0.00249146654086,1741360.77002,0,0.0,0.0,0.0
2013-10-11 04:40:00,1939977.0,0.00264984915084,1120248.14047,0,0.0,0.0,0.0
2013-10-11 04:45:00,1737724.6,0.00264468683602,1685700.28088,0,0.0,0.0,0.0
2013-10-11 04:50:00,2021960.8,0.0027684432321,1276022.95136,0,0.0,0.0,0.0
2013-10-11 04:55:00,2004803.6,0.00268353955848,1713535.02064,0,0.0,0.0,0.0
2013-10-11 05:00:00,2166114.6,0.00281108228896,1651551.84601,0,0.0,0.0,0.0
2013-10-11 05:05:00,1853609.6,0.00282041403767,1987808.36041,0,0.0,0.0,0.0
2013-10-11 05:10:00,1976750.8,0.00300262683037,1394798.37548,0,0.0,0.0,0.0
2013-10-11 05:15:00,2105559.2,0.00292927098214,1737676.34656,0,0.0,0.0,0.0
2013-10-11 05:20:00,1761453.0,0.0029323237493,1939699.15042,0,0.0,0.0,0.0
2013-10-11 05:25:00,2153253.4,0.0032206215677,1286021.09909,0,0.0,0.0,0.0
2013-10-11 05:30:00,1780847.8,0.00303246898089,2078872.66331,0,0.0,0.0,0.0
2013-10-11 05:35:00,2041699.2,0.00328629524236,1314319.59947,0,0.0,0.0,0.0
2013-10-11 05:40:00,1819123.4,0.00304176342818,1899112.82187,0,0.0,0.0,0.0
2013-10-11 05:45:00,1892495.8,0.00310448556807,1437267.17598,0,0.0,0.0,0.0
2013-10-11 05:50:00,2131994.0,0.00309801310602,1647064.39849,0,0.0,0.0,0.0
2013-10-11 05:55:00,2037706.0,0.00305202365202,2043221.98423,0,0.0,0.0,0.0
2013-10-11 06:00:00,2019189.0,0.00293656615901,1768306.49377,0,0.0,0.0,0.0
2013-10-11 06:05:00,1799215.4,0.00282910904721,1744540.79668,0,0.0,0.0,0.0
2013-10-11 06:10:00,1805860.4,0.00291661641846,1383181.88205,0,0.0,0.0,0.0
2013-10-11 06:15:00,1768089.2,0.00271991256767,1486112.3707,0,0.0,0.0,0.0
2013-10-11 06:20:00,2498414.8,0.00297830829627,1465247.03283,0,0.0,0.0,0.0
2013-10-11 06:25:00,2238022.2,0.00288554734032,2697370.05607,0,0.0,0.0,0.0
2013-10-11 06:30:00,2159250.6,0.00290386929117,2029654.88805,0,0.0,0.0,0.0
2013-10-11 06:35:00,2639714.6,0.00302203752785,1869046.06576,0,0.0,0.0,0.0
2013-10-11 06:40:00,2171903.2,0.00303185343328,2680162.21605,0,0.0,0.0,0.0
2013-10-11 06:45:00,2519590.8,0.00331687471597,1778308.24565,0,0.0,0.0,0.0
2013-10-11 06:50:00,2841035.4,0.00338153984755,2437280.12231,0,0.0,0.0,0.0
2013-10-11 06:55:00,2955063.4,0.00340075434066,2855097.58447,0,0.0,0.0,0.0
2013-10-11 07:00:00,2999436.2,0.003285554255,2870065.95878,0,0.0,0.0,0.0
2013-10-11 07:05:00,3614117.4,0.00348860877303,2841910.62083,0,0.0,0.0,0.0
2013-10-11 07:10:00,3138828.0,0.00333051520386,3769537.35268,0,0.0,0.0,0.0
2013-10-11 07:15:00,2943885.2,0.00322043741907,2770370.01171,0,0.0,0.0,0.0
2013-10-11 07:20:00,3058868.2,0.00338521048028,2526500.61167,0,0.0,0.0,0.0
2013-10-11 07:25:00,3485896.2,0.00334628372965,2826594.06352,0,0.0,0.0,0.0
2013-10-11 07:30:00,3034602.4,0.00332473660007,3478960.2395,0,0.0,0.0,0.0
2013-10-11 07:35:00,3229994.2,0.00328326380145,2606276.83077,0,0.0,0.0,0.0
2013-10-11 07:40:00,3210041.0,0.00319437639171,3034347.26933,0,0.0,0.0,0.0
2013-10-11 07:45:00,3268730.4,0.00327617655854,2967691.44331,0,0.0,0.0,0.0
2013-10-11 07:50:00,4081030.8,0.00365375499107,3060803.7556,0,0.0,0.0,0.0
2013-10-11 07:55:00,4146895.2,0.00339576402008,4305089.66548,0,0.0,0.0,0.0
2013-10-11 08:00:00,3599528.0,0.00337098624191,4158454.74577,0,0.0,0.0,0.0
2013-10-11 08:05:00,3779623.6,0.00358056218007,3125557.62172,0,0.0,0.0,0.0
2013-10-11 08:10:00,3734695.8,0.00343608066405,3544703.01676,0,0.0,0.0,0.0
2013-10-11 08:15:00,3843868.2,0.00332327291899,3465394.75659,0,0.0,0.0,0.0
2013-10-11 08:20:00,3627613.4,0.0031590241473,3656926.36118,0,0.0,0.0,0.0
2013-10-11 08:25:00,3246938.2,0.00293947864561,3297427.49383,0,0.0,0.0,0.0
2013-10-11 08:30:00,3139698.4,0.0030196875088,2757542.21186,0,0.0,0.0,0.0
2013-10-11 08:35:00,3022623.2,0.00301750443448,2732265.8701,0,0.0,0.0,0.0
2013-10-11 08:40:00,3175430.4,0.00284292349421,2644704.51836,0,0.0,0.0,0.0
2013-10-11 08:45:00,2937446.6,0.00279651633284,2966910.14195,0,0.0,0.0,0.0
2013-10-11 08:50:00,2705773.0,0.00264523783668,2585828.88975,0,0.0,0.0,0.0
2013-10-11 08:55:00,2281336.2,0.00242722837895,2280796.16478,0,0.0,0.0,0.0
2013-10-11 09:00:00,2721626.8,0.00271087213175,1710607.33914,0,0.0,0.0,0.0
2013-10-11 09:05:00,2526060.2,0.00260883629008,2610117.18677,0,0.0,0.0,0.0
2013-10-11 09:10:00,1943263.0,0.0026914569606,2208690.19773,0,0.0,0.0,0.0
2013-10-11 09:15:00,2115264.8,0.00298128737709,1296063.04452,0,0.0,0.0,0.0
2013-10-11 09:20:00,1716114.6,0.00288369714683,1838027.29884,0,0.0,0.0,0.0
2013-10-11 09:25:00,1689399.4,0.0029631525938,1199472.73677,0,0.0,0.0,0.0
2013-10-11 09:30:00,1614255.4,0.00286655020241,1342368.59852,0,0.0,0.0,0.0
2013-10-11 09:35:00,1586300.6,0.00296978438247,1290594.21251,0,0.0,0.0,0.0
2013-10-11 09:40:00,1945050.0,0.00318342264024,1301945.33102,0,0.0,0.0,0.0
2013-10-11 09:45:00,1419494.6,0.00338280334922,1891901.70725,0,0.0,0.0,0.0
2013-10-11 09:50:00,2052665.4,0.00342681898627,957191.309617,0,0.0,0.0,0.0
2013-10-11 09:55:00,1503766.4,0.00367173191639,2129126.88462,0,0.0,0.0,0.0
2013-10-11 10:00:00,1425593.8,0.00373880258456,1026762.71505,0,0.0,0.0,0.0
2013-10-11 10:05:00,1564241.2,0.00359826143783,1057784.52925,0,0.0,0.0,0.0
2013-10-11 10:10:00,1445060.2,0.00357380019516,1379167.71887,0,0.0,0.0,0.0
2013-10-11 10:15:00,1402325.6,0.00346463717497,1160550.17483,0,0.0,0.0,0.0
2013-10-11 10:20:00,1630047.2,0.00357633044709,1123283.99757,0,0.0,0.0,0.0
2013-10-11 10:25:00,1315837.2,0.00353429254721,1516291.66543,0,0.0,0.0,0.0
2013-10-11 10:30:00,1399811.8,0.00343729844065,980730.103118,0,0.0,0.0,0.0
2013-10-11 10:35:00,1653111.4,0.00344650653367,1177491.06977,0,0.0,0.0,0.0
2013-10-11 10:40:00,1317575.4,0.00309308086399,1577842.52426,0,0.0,0.0,0.0
2013-10-11 10:45:00,1333332.8,0.0030045279175,942721.924462,0,0.0,0.0,0.0
2013-10-11 10:50:00,1646857.6,0.00309118841355,1048763.73568,0,0.0,0.0,0.0
2013-10-11 10:55:00,1436422.6,0.0029434247431,1575238.50944,0,0.0,0.0,0.0
2013-10-11 11:00:00,1447339.2,0.00305980466889,1098778.21844,0,0.0,0.0,0.0
2013-10-11 11:05:00,1613220.4,0.00317979368639,1095009.10546,0,0.0,0.0,0.0
2013-10-11 11:10:00,1662310.2,0.00310356176331,1341766.69825,0,0.0,0.0,0.0
2013-10-11 11:15:00,1545840.2,0.00306769374368,1435518.09512,0,0.0,0.0,0.0
2013-10-11 11:20:00,2411798.8,0.0033906340739,1251090.90545,0,0.0,0.0,0.0
2013-10-11 11:25:00,2392206.4,0.00329117891149,2640630.14383,0,0.0,0.0,0.0
2013-10-11 11:30:00,2101047.4,0.00327551826767,2320705.33495,0,0.0,0.0,0.0
2013-10-11 11:35:00,1488686.2,0.00321648245928,1742151.89984,0,0.0,0.0,0.0
2013-10-11 11:40:00,2004115.6,0.00348503044862,823018.441092,0,0.0,0.0,0.0
2013-10-11 11:45:00,1691222.6,0.00354825797231,1962142.19215,0,0.0,0.0,0.0
2013-10-11 11:50:00,2059449.4,0.00374311257398,1320266.71849,0,0.0,0.0,0.0
2013-10-11 11:55:00,2161052.6,0.00355304560442,2038901.73075,0,0.0,0.0,0.0
2013-10-11 12:00:00,2587023.0,0.00365042630368,2072086.94218,0,0.0,0.0,0.0
2013-10-11 12:05:00,3038556.8,0.00376746090592,2695831.80465,0,0.0,0.0,0.0
2013-10-11 12:10:00,3019801.6,0.00332050639843,3218443.73358,0,0.0,0.0,0.0
2013-10-11 12:15:00,3016383.4,0.00325295647904,2921617.88929,0,0.0,0.0,0.0
2013-10-11 12:20:00,3488911.0,0.00345361756017,2840105.87222,0,0.0,0.0,0.0
2013-10-11 12:25:00,3639406.4,0.00335853428511,3597236.15133,0,0.0,0.0,0.0
2013-10-11 12:30:00,4288769.2,0.00312853914537,3637925.77464,0,0.0,0.0,0.0
2013-10-11 12:35:00,4508238.6,0.0030427815225,4574286.9866,0,0.0,0.0,0.0
2013-10-11 12:40:00,3876246.2,0.00304199397546,4612405.25427,0,0.0,0.0,0.0
2013-10-11 12:45:00,3620962.8,0.00311348215158,3334679.42609,0,0.0,0.0,0.0
2013-10-11 12:50:00,4616707.2,0.00356323423335,3123981.17253,0,0.0,0.0,0.0
2013-10-11 12:55:00,4108598.8,0.00383873400222,4999363.24056,0,0.0,0.0,0.0
2013-10-11 13:00:00,4354785.6,0.0040006896852,3857875.46946,0,0.0,0.0,0.0
2013-10-11 13:05:00,4086370.4,0.00406013521094,4289751.64055,0,0.0,0.0,0.0
2013-10-11 13:10:00,4152349.6,0.00393389817066,3749286.27021,0,0.0,0.0,0.0
2013-10-11 13:15:00,4059468.6,0.00398311186624,3926368.18425,0,0.0,0.0,0.0
2013-10-11 13:20:00,4503811.6,0.00403067163565,3780783.01184,0,0.0,0.0,0.0
2013-10-11 13:25:00,4255971.6,0.00414056941979,4520710.62769,0,0.0,0.0,0.0
2013-10-11 13:30:00,4555081.6,0.00404872507558,4010023.12504,0,0.0,0.0,0.0
2013-10-11 13:35:00,3962572.6,0.00419598389242,4512250.53003,0,0.0,0.0,0.0
2013-10-11 13:40:00,4546405.8,0.00400052529478,3445722.99241,0,0.0,0.0,0.0
2013-10-11 13:45:00,4112242.4,0.00378814970264,4586408.40159,0,0.0,0.0,0.0
2013-10-11 13:50:00,3963009.4,0.00367007391592,3698641.30868,0,0.0,0.0,0.0
2013-10-11 13:55:00,4264964.2,0.00392720090466,3582941.99363,0,0.0,0.0,0.0
2013-10-11 14:00:00,4711787.0,0.00399079228521,4199161.52832,0,0.0,0.0,0.0
2013-10-11 14:05:00,4008551.6,0.00436978768344,4813750.11872,0,0.0,0.0,0.0
2013-10-11 14:10:00,3886748.4,0.00420697946788,3453094.49546,0,0.0,0.0,0.0
2013-10-11 14:15:00,4360407.8,0.00458608056836,3468470.56442,0,0.0,0.0,0.0
2013-10-11 14:20:00,3777113.6,0.00463092146969,4395050.48219,0,0.0,0.0,0.0
2013-10-11 14:25:00,4448038.4,0.0050111995431,3321764.43769,0,0.0,0.0,0.0
2013-10-11 14:30:00,4350720.0,0.00447663003499,4593071.72621,0,0.0,0.0,0.0
2013-10-11 14:35:00,4000456.4,0.00431730513842,4199105.52096,0,0.0,0.0,0.0
2013-10-11 14:40:00,3757759.0,0.00427279217779,3572895.04663,0,0.0,0.0,0.0
2013-10-11 14:45:00,3714593.2,0.00411439679552,3313550.83945,0,0.0,0.0,0.0
2013-10-11 14:50:00,3802077.8,0.00405853955339,3397252.07863,0,0.0,0.0,0.0
2013-10-11 14:55:00,4170299.8,0.00394678713058,3592023.33516,0,0.0,0.0,0.0
2013-10-11 15:00:00,5127343.2,0.00423527437199,4188191.08051,0,0.0,0.0,0.0
2013-10-11 15:05:00,5878506.0,0.00389558048851,5593728.24436,0,0.0,0.0,0.0
2013-10-11 15:10:00,7135374.6,0.00396706486737,6393581.41263,0,0.0,0.0,0.0
2013-10-11 15:15:00,5958465.2,0.0044929063242,8004554.24575,0,0.0,0.0,0.0
2013-10-11 15:20:00,5198396.6,0.00456307149757,5554445.15097,0,0.0,0.0,0.0
2013-10-11 15:25:00,4433295.4,0.00444434547352,4429230.18196,0,0.0,0.0,0.0
2013-10-11 15:30:00,4855605.8,0.00520002758421,3533217.61278,0,0.0,0.0,0.0
2013-10-11 15:35:00,4924891.2,0.00513082915671,4630488.07776,0,0.0,0.0,0.0
2013-10-11 15:40:00,4788996.0,0.00488557689255,4747982.59685,0,0.0,0.0,0.0
2013-10-11 15:45:00,4697164.6,0.00463397217656,4509285.78275,0,0.0,0.0,0.0
2013-10-11 15:50:00,4682754.0,0.00423682076497,4408624.90456,0,0.0,0.0,0.0
2013-10-11 15:55:00,4119163.4,0.00425313483943,4428129.35295,0,0.0,0.0,0.0
2013-10-11 16:00:00,5152299.2,0.00473360781425,3655465.82336,0,0.0,0.0,0.0
2013-10-11 16:05:00,5840876.0,0.00393129534307,5189741.50346,0,0.0,0.0,0.0
2013-10-11 16:10:00,4851767.2,0.00445132546359,6092504.13949,0,0.0,0.0,0.0
2013-10-11 16:15:00,5146560.4,0.00498544328662,4337395.71098,0,0.0,0.0,0.0
2013-10-11 16:20:00,4523770.8,0.00438874504975,4923901.02724,0,0.0,0.0,0.0
2013-10-11 16:25:00,5435023.6,0.00518998754421,3931039.47375,0,0.0,0.0,0.0
2013-10-11 16:30:00,4971937.8,0.00552126411769,5468599.37564,0,0.0,0.0,0.0
2013-10-11 16:35:00,5635966.8,0.00621791358361,4564099.60749,0,0.0,0.0,0.0
2013-10-11 16:40:00,5122805.8,0.00638262258326,5594910.70576,0,0.0,0.0,0.0
2013-10-11 16:45:00,5066339.0,0.00647409619777,4659261.85593,0,0.0,0.0,0.0
2013-10-11 16:50:00,5091821.0,0.00558502027165,4739264.51486,0,0.0,0.0,0.0
2013-10-11 16:55:00,5286978.0,0.0054269981977,4862198.84196,0,0.0,0.0,0.0
2013-10-11 17:00:00,4617354.2,0.00496968561017,5185742.87208,0,0.0,0.0,0.0
2013-10-11 17:05:00,5074936.2,0.00510789781831,4080731.65144,0,0.0,0.0,0.0
2013-10-11 17:10:00,4946120.0,0.00487713439548,5006109.05229,0,0.0,0.0,0.0
2013-10-11 17:15:00,6072816.0,0.00479029707746,4713710.53621,0,0.0,0.0,0.0
2013-10-11 17:20:00,5499821.0,0.00520412590058,6583233.10891,0,0.0,0.0,0.0
2013-10-11 17:25:00,5616319.6,0.00473196232978,5239870.36617,0,0.0,0.0,0.0
2013-10-11 17:30:00,6105407.6,0.004850719338,5473117.84559,0,0.0,0.0,0.0
2013-10-11 17:35:00,5154501.0,0.00533092378013,6246726.73811,0,0.0,0.0,0.0
2013-10-11 17:40:00,4878282.2,0.00530772908353,4559976.22181,0,0.0,0.0,0.0
2013-10-11 17:45:00,5460952.2,0.00583434747978,4358549.67995,0,0.0,0.0,0.0
2013-10-11 17:50:00,5431154.6,0.00547086117851,5519254.28257,0,0.0,0.0,0.0
2013-10-11 17:55:00,6670608.0,0.00572743485337,5337057.23563,0,0.0,0.0,0.0
2013-10-11 18:00:00,6095858.6,0.00667273597531,7285649.97602,0,0.0,0.0,0.0
2013-10-11 18:05:00,6956541.4,0.00639809798795,5942063.1367,0,0.0,0.0,0.0
2013-10-11 18:10:00,6199730.6,0.00644101324033,7320722.17032,0,0.0,0.0,0.0
2013-10-11 18:15:00,5714497.8,0.00613345250526,5730266.97822,0,0.0,0.0,0.0
2013-10-11 18:20:00,6457977.6,0.00676359299006,5110818.13048,0,0.0,0.0,0.0
2013-10-11 18:25:00,5753349.2,0.00658097576429,6616030.1361,0,0.0,0.0,0.0
2013-10-11 18:30:00,6047827.2,0.00697769801548,5308366.94357,0,0.0,0.0,0.0
2013-10-11 18:35:00,6658760.6,0.00662462257725,5957308.4515,0,0.0,0.0,0.0
2013-10-11 18:40:00,5845224.0,0.00751893637649,6891992.82478,0,0.0,0.0,0.0
2013-10-11 18:45:00,6342895.4,0.00728796119314,5290488.00453,0,0.0,0.0,0.0
2013-10-11 18:50:00,6092819.0,0.00643997554092,6340418.16689,0,0.0,0.0,0.0
2013-10-11 18:55:00,6495620.4,0.00618923541054,5795300.56065,0,0.0,0.0,0.0
2013-10-11 19:00:00,6848253.4,0.00555180763066,6535476.96572,0,0.0,0.0,0.0
2013-10-11 19:05:00,7022389.4,0.00558487056246,6965963.44913,0,0.0,0.0,0.0
2013-10-11 19:10:00,6095139.6,0.00528458646743,7049225.57133,0,0.0,0.0,0.0
2013-10-11 19:15:00,5196470.0,0.0048440594643,5442244.17183,0,0.0,0.0,0.0
2013-10-11 19:20:00,6245523.6,0.00577136507164,4277922.87156,0,0.0,0.0,0.0
2013-10-11 19:25:00,6063450.0,0.00554628217316,6475028.20536,0,0.0,0.0,0.0
2013-10-11 19:30:00,5752171.4,0.00490367976269,5920924.04811,0,0.0,0.0,0.0
2013-10-11 19:35:00,6961971.2,0.00529724252202,5370078.43602,0,0.0,0.0,0.0
2013-10-11 19:40:00,5756761.6,0.00647081791843,7448805.87118,0,0.0,0.0,0.0
2013-10-11 19:45:00,6439968.0,0.00707873754063,5095154.40015,0,0.0,0.0,0.0
2013-10-11 19:50:00,6029420.4,0.00726597603579,6532818.01689,0,0.0,0.0,0.0
2013-10-11 19:55:00,5526105.2,0.00734644060612,5664010.26191,0,0.0,0.0,0.0
2013-10-11 20:00:00,5683547.4,0.00717329978984,4944793.66164,0,0.0,0.0,0.0
2013-10-11 20:05:00,5640075.6,0.00711841494421,5459381.79704,0,0.0,0.0,0.0
2013-10-11 20:10:00,5640589.8,0.00560996630752,5410692.37489,0,0.0,0.0,0.0
2013-10-11 20:15:00,5567824.0,0.00538881818047,5437982.44443,0,0.0,0.0,0.0
2013-10-11 20:20:00,5077413.0,0.00545999849658,5334418.84361,0,0.0,0.0,0.0
2013-10-11 20:25:00,5764415.0,0.0051460555357,4621605.38684,0,0.0,0.0,0.0
2013-10-11 20:30:00,6909404.8,0.00478243627479,5759367.92128,0,0.0,0.0,0.0
2013-10-11 20:35:00,7339086.6,0.0039638878378,7442694.45718,0,0.0,0.0,0.0
2013-10-11 20:40:00,10412561.6,0.00541022857352,7701607.7206,0,0.0,0.0,0.0
2013-10-11 20:45:00,7364122.0,0.0100119198573,12322665.0702,0,0.0,0.0,0.0
2013-10-11 20:50:00,5189782.4,0.0105455236178,6393688.57144,0,0.0,0.0,0.0
2013-10-11 20:55:00,3723893.6,0.010811885154,3335653.67602,0,0.0,0.0,0.0
2013-10-11 21:00:00,6623585.8,0.0176497960667,1998600.40018,0,0.0,0.0,0.0
2013-10-11 21:05:00,4414673.2,0.0239296410532,7549890.51825,0,0.0,0.0,0.0
2013-10-11 21:10:00,9307313.4,0.037977666058,3610084.43132,0,0.0,0.0,0.0
2013-10-11 21:15:00,3958717.2,0.0610965424692,11857858.1238,0,0.0,0.0,0.0
2013-10-11 21:20:00,4500197.4,0.0693763242188,1687318.64506,0,0.0,0.0,0.0
2013-10-11 21:25:00,4809785.2,0.0739849232423,3825550.04457,0,0.0,0.0,0.0
2013-10-11 21:30:00,4220875.4,0.062687381447,4467640.18382,0,0.0,0.0,0.0
2013-10-11 21:35:00,4678269.8,0.0478156358244,3565940.87101,0,0.0,0.0,0.0
2013-10-11 21:40:00,4023287.8,0.0454902718293,4560907.85803,0,0.0,0.0,0.0
2013-10-11 21:45:00,4025726.2,0.0460593548364,3513620.47523,0,0.0,0.0,0.0
2013-10-11 21:50:00,4899668.2,0.0350462720595,3698430.6805,0,0.0,0.0,0.0
2013-10-11 21:55:00,4500448.2,0.0281341860257,5138116.74764,0,0.0,0.0,0.0
2013-10-11 22:00:00,5425124.2,0.0186465772516,4313795.9136,0,0.0,0.0,0.0
2013-10-11 22:05:00,4736342.6,0.00919127449922,5783274.1133,0,0.0,0.0,0.0
2013-10-11 22:10:00,3897116.4,0.00665095552775,4371231.38518,0,0.0,0.0,0.0
2013-10-11 22:15:00,4175719.2,0.0067311578951,3125659.74708,0,0.0,0.0,0.0
2013-10-11 22:20:00,3768877.4,0.00668056062089,3958518.96824,0,0.0,0.0,0.0
2013-10-11 22:25:00,3633691.4,0.00595027359954,3318234.895,0,0.0,0.0,0.0
2013-10-11 22:30:00,3136307.2,0.00561067644605,3270562.98994,0,0.0,0.0,0.0
2013-10-11 22:35:00,3600642.0,0.00606784425388,2576919.47475,0,0.0,0.0,0.0
2013-10-11 22:40:00,3480859.4,0.00510749076035,3523830.83135,0,0.0,0.0,0.0
2013-10-11 22:45:00,3182200.6,0.00469076317395,3264499.69003,0,0.0,0.0,0.0
2013-10-11 22:50:00,3398359.6,0.0043474934623,2797079.62511,0,0.0,0.0,0.0
2013-10-11 22:55:00,3428305.6,0.0037841233463,3261909.1885,0,0.0,0.0,0.0
2013-10-11 23:00:00,3942081.2,0.0039124430698,3283066.91714,0,0.0,0.0,0.0
2013-10-11 23:05:00,3610477.8,0.00356751403346,4101571.7031,0,0.0,0.0,0.0
2013-10-11 23:10:00,2606589.8,0.00394966497068,3421841.25592,0,0.0,0.0,0.0
2013-10-11 23:15:00,2532067.6,0.00423565305253,1797749.73557,0,0.0,0.0,0.0
2013-10-11 23:20:00,3795175.8,0.00543084953237,2067303.49658,0,0.0,0.0,0.0
2013-10-11 23:25:00,4031016.2,0.00486854180399,4344172.39373,0,0.0,0.0,0.0
2013-10-11 23:30:00,3087124.6,0.00579023202886,4263903.32457,0,0.0,0.0,0.0
2013-10-11 23:35:00,2645886.2,0.00593358891845,2403876.54808,0,0.0,0.0,0.0
2013-10-11 23:40:00,2921061.8,0.0062369789992,2003272.97388,0,0.0,0.0,0.0
2013-10-11 23:45:00,2868193.8,0.00616524416658,2779635.68783,0,0.0,0.0,0.0
2013-10-11 23:50:00,3678312.0,0.00649359740436,2678165.37283,0,0.0,0.0,0.0
2013-10-11 23:55:00,3993569.2,0.00605230707774,4012639.58815,0,0.0,0.0,0.0
2013-10-12 00:00:00,3155317.8,0.00630531218032,4228036.36428,0,0.0,0.0,0.0
2013-10-12 00:05:00,2577275.4,0.00567300637823,2618222.21391,0,0.0,0.0,0.0
2013-10-12 00:10:00,2030924.2,0.00441558147551,1926828.56139,0,0.0,0.0,0.0
2013-10-12 00:15:00,2691552.8,0.00522454978624,1336008.33112,0,0.0,0.0,0.0
2013-10-12 00:20:00,2108746.2,0.00470682944053,2600379.34076,0,0.0,0.0,0.0
2013-10-12 00:25:00,2602548.4,0.00524033804056,1701387.05886,0,0.0,0.0,0.0
2013-10-12 00:30:00,2468735.6,0.004621612616,2603756.7866,0,0.0,0.0,0.0
2013-10-12 00:35:00,2507354.4,0.00471479419731,2299333.54286,0,0.0,0.0,0.0
2013-10-12 00:40:00,2261713.8,0.0040717441557,2356930.81476,0,0.0,0.0,0.0
2013-10-12 00:45:00,2457518.2,0.00441271664207,1963751.89257,0,0.0,0.0,0.0
2013-10-12 00:50:00,2418719.6,0.00377360714302,2308479.73215,0,0.0,0.0,0.0
2013-10-12 00:55:00,3111028.0,0.00434471654266,2235575.80671,0,0.0,0.0,0.0
2013-10-12 01:00:00,3591372.8,0.0044764154655,3311483.26739,0,0.0,0.0,0.0
2013-10-12 01:05:00,3041616.4,0.00408746298916,3840993.51568,0,0.0,0.0,0.0
2013-10-12 01:10:00,2416064.8,0.00397265096362,2731832.49537,0,0.0,0.0,0.0
2013-10-12 01:15:00,2395888.0,0.00372633089307,1880885.28073,0,0.0,0.0,0.0
2013-10-12 01:20:00,2708144.6,0.0040761282293,2057844.78738,0,0.0,0.0,0.0
2013-10-12 01:25:00,2907673.0,0.00412900898159,2628593.64399,0,0.0,0.0,0.0
2013-10-12 01:30:00,2969344.6,0.0041223014333,2885852.54114,0,0.0,0.0,0.0
2013-10-12 01:35:00,2668099.4,0.00393734672486,2893340.67406,0,0.0,0.0,0.0
2013-10-12 01:40:00,3015050.0,0.00430529947334,2387646.04586,0,0.0,0.0,0.0
2013-10-12 01:45:00,2737246.2,0.00385186553473,2948785.75201,0,0.0,0.0,0.0
2013-10-12 01:50:00,3323086.0,0.004277605007,2436228.24744,0,0.0,0.0,0.0
2013-10-12 01:55:00,3542606.4,0.00383948936242,3391515.65973,0,0.0,0.0,0.0
2013-10-12 02:00:00,3537503.4,0.00363931003046,3535646.67566,0,0.0,0.0,0.0
2013-10-12 02:05:00,3174286.2,0.00345322326929,3390061.78219,0,0.0,0.0,0.0
2013-10-12 02:10:00,3053158.4,0.00321654371218,2803003.80508,0,0.0,0.0,0.0
2013-10-12 02:15:00,2712443.2,0.00307115093402,2736516.0891,0,0.0,0.0,0.0
2013-10-12 02:20:00,3243322.6,0.0036016243575,2277081.38583,0,0.0,0.0,0.0
2013-10-12 02:25:00,2970901.6,0.00363368952068,3242739.35723,0,0.0,0.0,0.0
2013-10-12 02:30:00,3602252.0,0.00381476849021,2702531.62599,0,0.0,0.0,0.0
2013-10-12 02:35:00,3767764.6,0.00369334997654,3792746.30182,0,0.0,0.0,0.0
2013-10-12 02:40:00,3217024.8,0.00352499046346,3835800.43574,0,0.0,0.0,0.0
2013-10-12 02:45:00,3623309.2,0.00399773167486,2767317.6046,0,0.0,0.0,0.0
2013-10-12 02:50:00,3463932.6,0.00408087786177,3583105.99824,0,0.0,0.0,0.0
2013-10-12 02:55:00,3473942.8,0.00410263692514,3233530.62261,0,0.0,0.0,0.0
2013-10-12 03:00:00,4327528.2,0.00469430669478,3290345.49354,0,0.0,0.0,0.0
2013-10-12 03:05:00,4953168.0,0.00488649013653,4692833.69978,0,0.0,0.0,0.0
2013-10-12 03:10:00,6010022.0,0.00462462093801,5369399.20052,0,0.0,0.0,0.0
2013-10-12 03:15:00,3792235.2,0.00696564144175,6728833.08718,0,0.0,0.0,0.0
2013-10-12 03:20:00,5067495.2,0.00840084215335,2918892.75162,0,0.0,0.0,0.0
2013-10-12 03:25:00,4178473.4,0.00999129523098,5399869.8646,0,0.0,0.0,0.0
2013-10-12 03:30:00,3722183.4,0.00923843225879,3652016.91332,0,0.0,0.0,0.0
2013-10-12 03:35:00,6000974.2,0.0120748518255,3135201.4015,0,0.0,0.0,0.0
2013-10-12 03:40:00,3656226.2,0.0182056558058,7113633.7659,0,0.0,0.0,0.0
2013-10-12 03:45:00,3946900.8,0.0202180817576,2865540.32211,0,0.0,0.0,0.0
2013-10-12 03:50:00,3872716.2,0.0181620577422,3729919.73336,0,0.0,0.0,0.0
2013-10-12 03:55:00,3954127.4,0.0182982173843,3641387.46934,0,0.0,0.0,0.0
2013-10-12 04:00:00,3870564.8,0.0170509563378,3807288.42836,0,0.0,0.0,0.0
2013-10-12 04:05:00,3812299.2,0.0120697489945,3673257.46891,0,0.0,0.0,0.0
2013-10-12 04:10:00,3793134.4,0.00919022872444,3603389.21729,0,0.0,0.0,0.0
2013-10-12 04:15:00,3610520.8,0.00769055426625,3593975.35711,0,0.0,0.0,0.0
2013-10-12 04:20:00,4167550.6,0.00861857825698,3361740.93837,0,0.0,0.0,0.0
2013-10-12 04:25:00,3844542.6,0.0058596679866,4104783.17069,0,0.0,0.0,0.0
2013-10-12 04:30:00,4094993.0,0.00362137547619,3655289.37821,0,0.0,0.0,0.0
2013-10-12 04:35:00,4207063.8,0.00307237797705,4012601.48434,0,0.0,0.0,0.0
2013-10-12 04:40:00,4017962.2,0.0030592958936,4136931.68767,0,0.0,0.0,0.0
2013-10-12 04:45:00,4211817.8,0.00310146309964,3832828.45884,0,0.0,0.0,0.0
2013-10-12 04:50:00,4397386.8,0.00324540973177,4098949.88839,0,0.0,0.0,0.0
2013-10-12 04:55:00,3821873.6,0.00348090136948,4338830.1986,0,0.0,0.0,0.0
2013-10-12 05:00:00,3433559.8,0.00339558593923,3489737.36241,0,0.0,0.0,0.0
2013-10-12 05:05:00,3552335.0,0.0037451993429,3015690.14075,0,0.0,0.0,0.0
2013-10-12 05:10:00,2997523.4,0.0034252604272,3316362.93852,0,0.0,0.0,0.0
2013-10-12 05:15:00,4158629.4,0.00436432708138,2552023.64376,0,0.0,0.0,0.0
2013-10-12 05:20:00,3505453.6,0.00474787194532,4429401.81226,0,0.0,0.0,0.0
2013-10-12 05:25:00,3596603.0,0.00492069745851,3203902.76058,0,0.0,0.0,0.0
2013-10-12 05:30:00,3458603.8,0.00484505322818,3429153.03666,0,0.0,0.0,0.0
2013-10-12 05:35:00,4103340.4,0.00529667496725,3212839.97764,0,0.0,0.0,0.0
2013-10-12 05:40:00,3722259.6,0.00549275027688,4233118.77923,0,0.0,0.0,0.0
2013-10-12 05:45:00,3310317.8,0.00522876539232,3531888.41148,0,0.0,0.0,0.0
2013-10-12 05:50:00,3180112.2,0.00543332817615,2905121.88957,0,0.0,0.0,0.0
2013-10-12 05:55:00,2763020.2,0.00500927013946,2834351.77227,0,0.0,0.0,0.0
2013-10-12 06:00:00,3481835.8,0.00584751491619,2273171.98971,0,0.0,0.0,0.0
2013-10-12 06:05:00,3115962.0,0.00475335689339,3487089.86885,0,0.0,0.0,0.0
2013-10-12 06:10:00,3758110.6,0.00478666981183,2817152.94086,0,0.0,0.0,0.0
2013-10-12 06:15:00,3146130.6,0.00502259498274,3816563.17024,0,0.0,0.0,0.0
2013-10-12 06:20:00,3678237.8,0.00592017999558,2706720.66569,0,0.0,0.0,0.0
2013-10-12 06:25:00,3332586.2,0.0054731212389,3756504.48656,0,0.0,0.0,0.0
2013-10-12 06:30:00,3376556.8,0.00531608987391,3044216.05886,0,0.0,0.0,0.0
2013-10-12 06:35:00,2932539.4,0.00536519418268,3204104.58117,0,0.0,0.0,0.0
2013-10-12 06:40:00,3868952.0,0.00648385595518,2480010.45146,0,0.0,0.0,0.0
2013-10-12 06:45:00,4180022.4,0.00643640172951,4153680.77338,0,0.0,0.0,0.0
2013-10-12 06:50:00,2911885.2,0.00669138546026,4378085.65774,0,0.0,0.0,0.0
2013-10-12 06:55:00,3045753.4,0.00746443693017,2036693.27144,0,0.0,0.0,0.0
2013-10-12 07:00:00,3893686.2,0.00784639861401,2650267.14913,0,0.0,0.0,0.0
2013-10-12 07:05:00,3498895.4,0.007910917971,4206400.19253,0,0.0,0.0,0.0
2013-10-12 07:10:00,2484609.8,0.00766987018694,3275297.17242,0,0.0,0.0,0.0
2013-10-12 07:15:00,3153370.4,0.0091418581054,1639023.49684,0,0.0,0.0,0.0
2013-10-12 07:20:00,2963782.0,0.00899495616549,3192101.39175,0,0.0,0.0,0.0
2013-10-12 07:25:00,3208165.8,0.00928774403189,2744240.2359,0,0.0,0.0,0.0
2013-10-12 07:30:00,3842270.6,0.00829170922593,3197279.37044,0,0.0,0.0,0.0
2013-10-12 07:35:00,2712457.0,0.0102770806796,4139760.4567,0,0.0,0.0,0.0
2013-10-12 07:40:00,2525058.4,0.0089509619272,2008955.70812,0,0.0,0.0,0.0
2013-10-12 07:45:00,2654476.6,0.00838796497891,2057296.12633,0,0.0,0.0,0.0
2013-10-12 07:50:00,2774432.8,0.00720483020783,2483741.65265,0,0.0,0.0,0.0
2013-10-12 07:55:00,3125988.4,0.00690479817306,2686055.41811,0,0.0,0.0,0.0
2013-10-12 08:00:00,2628484.4,0.00670116923208,3218564.15883,0,0.0,0.0,0.0
2013-10-12 08:05:00,2750668.8,0.00559496966477,2299619.71765,0,0.0,0.0,0.0
2013-10-12 08:10:00,2121267.8,0.00585063639198,2605101.69202,0,0.0,0.0,0.0
2013-10-12 08:15:00,2423121.0,0.00627572706018,1568385.10652,0,0.0,0.0,0.0
2013-10-12 08:20:00,2492465.2,0.00580624485209,2301345.7171,0,0.0,0.0,0.0
2013-10-12 08:25:00,2205542.4,0.00468670785045,2394369.3467,0,0.0,0.0,0.0
2013-10-12 08:30:00,2244046.4,0.0045630138849,1880561.46893,0,0.0,0.0,0.0
2013-10-12 08:35:00,2289428.2,0.00428027168553,2034134.53279,0,0.0,0.0,0.0
2013-10-12 08:40:00,2335671.2,0.00420283853219,2142949.27023,0,0.0,0.0,0.0
2013-10-12 08:45:00,1986150.4,0.00403541234272,2212304.03297,0,0.0,0.0,0.0
2013-10-12 08:50:00,1974910.2,0.00385124006928,1641517.17628,0,0.0,0.0,0.0
2013-10-12 08:55:00,1931628.8,0.00367301822393,1724315.06768,0,0.0,0.0,0.0
2013-10-12 09:00:00,2256923.0,0.00372832486892,1713847.58394,0,0.0,0.0,0.0
2013-10-12 09:05:00,1563206.2,0.00361185799619,2264446.40319,0,0.0,0.0,0.0
2013-10-12 09:10:00,1680554.4,0.00388856788408,1121278.36877,0,0.0,0.0,0.0
2013-10-12 09:15:00,1435048.2,0.0037867522023,1485714.8182,0,0.0,0.0,0.0
2013-10-12 09:20:00,1445570.2,0.00376605935974,1113982.94651,0,0.0,0.0,0.0
2013-10-12 09:25:00,1230529.0,0.00358375907106,1234550.4942,0,0.0,0.0,0.0
2013-10-12 09:30:00,1292470.8,0.00371181215732,927373.731719,0,0.0,0.0,0.0
2013-10-12 09:35:00,1377636.6,0.00374352565776,1115279.96587,0,0.0,0.0,0.0
2013-10-12 09:40:00,1814704.4,0.0039087722649,1265922.62657,0,0.0,0.0,0.0
2013-10-12 09:45:00,1646375.8,0.00398525887719,1950467.81953,0,0.0,0.0,0.0
2013-10-12 09:50:00,1589812.0,0.00364222004978,1504803.727,0,0.0,0.0,0.0
2013-10-12 09:55:00,2908752.2,0.00425009466824,1402576.20775,0,0.0,0.0,0.0
2013-10-12 10:00:00,2209294.8,0.00497319925575,3613521.57299,0,0.0,0.0,0.0
2013-10-12 10:05:00,2293599.8,0.00519444657264,2014664.94938,0,0.0,0.0,0.0
2013-10-12 10:10:00,2518515.2,0.00521745169245,2168509.99354,0,0.0,0.0,0.0
2013-10-12 10:15:00,2368925.2,0.00533650865909,2493490.49998,0,0.0,0.0,0.0
2013-10-12 10:20:00,2418048.6,0.00521582145287,2178629.26177,0,0.0,0.0,0.0
2013-10-12 10:25:00,2574732.0,0.0052748977459,2256898.09643,0,0.0,0.0,0.0
2013-10-12 10:30:00,2560719.6,0.00480422218638,2511593.12937,0,0.0,0.0,0.0
2013-10-12 10:35:00,2998595.0,0.00503149812145,2456457.2099,0,0.0,0.0,0.0
2013-10-12 10:40:00,2464394.8,0.0055643799719,3092337.26234,0,0.0,0.0,0.0
2013-10-12 10:45:00,2695531.6,0.00466768323061,2182609.22023,0,0.0,0.0,0.0
2013-10-12 10:50:00,2881381.6,0.00375865043167,2619181.08076,0,0.0,0.0,0.0
2013-10-12 10:55:00,2912230.4,0.00358209559457,2871430.32217,0,0.0,0.0,0.0
2013-10-12 11:00:00,3149090.6,0.00355618398245,2838470.87021,0,0.0,0.0,0.0
2013-10-12 11:05:00,3296592.0,0.00356711735947,3160080.09252,0,0.0,0.0,0.0
2013-10-12 11:10:00,3696286.2,0.00368386773278,3301282.20493,0,0.0,0.0,0.0
2013-10-12 11:15:00,2925279.8,0.00413465467128,3834813.47615,0,0.0,0.0,0.0
2013-10-12 11:20:00,3628548.8,0.00500013380785,2600516.78432,0,0.0,0.0,0.0
2013-10-12 11:25:00,3048131.8,0.00518873256154,3788414.73071,0,0.0,0.0,0.0
2013-10-12 11:30:00,2474744.6,0.00481278689696,2699691.10112,0,0.0,0.0,0.0
2013-10-12 11:35:00,2733783.8,0.00512590859111,1902650.51518,0,0.0,0.0,0.0
2013-10-12 11:40:00,2876619.2,0.00515901283644,2584794.25268,0,0.0,0.0,0.0
2013-10-12 11:45:00,2426435.2,0.00550643264941,2812640.97367,0,0.0,0.0,0.0
2013-10-12 11:50:00,2877881.2,0.00609835664487,2024688.59692,0,0.0,0.0,0.0
2013-10-12 11:55:00,2236777.4,0.00665898531491,2861741.74043,0,0.0,0.0,0.0
2013-10-12 12:00:00,2424895.6,0.00703481945758,1738133.46219,0,0.0,0.0,0.0
2013-10-12 12:05:00,2036357.0,0.00624369751211,2265123.2004,0,0.0,0.0,0.0
2013-10-12 12:10:00,3273247.8,0.00695581914245,1631676.50131,0,0.0,0.0,0.0
2013-10-12 12:15:00,2225564.4,0.00808369322567,3839404.28304,0,0.0,0.0,0.0
2013-10-12 12:20:00,2773553.4,0.0094459887675,1647554.85909,0,0.0,0.0,0.0
2013-10-12 12:25:00,3272074.8,0.00879751846349,2860340.53295,0,0.0,0.0,0.0
2013-10-12 12:30:00,2563503.8,0.00985302009509,3539913.4661,0,0.0,0.0,0.0
2013-10-12 12:35:00,3315340.6,0.0113393418295,2074419.59485,0,0.0,0.0,0.0
2013-10-12 12:40:00,2490231.6,0.0116009075895,3498176.40381,0,0.0,0.0,0.0
2013-10-12 12:45:00,2685661.4,0.0119587669569,1898327.22131,0,0.0,0.0,0.0
2013-10-12 12:50:00,2783047.8,0.0111710529114,2520110.77647,0,0.0,0.0,0.0
2013-10-12 12:55:00,2494818.8,0.0111307075051,2697846.82537,0,0.0,0.0,0.0
2013-10-12 13:00:00,2915377.0,0.00967635410285,2178015.21919,0,0.0,0.0,0.0
2013-10-12 13:05:00,2100844.8,0.00854683222888,2946067.17348,0,0.0,0.0,0.0
2013-10-12 13:10:00,2932784.4,0.00901456975766,1498296.46589,0,0.0,0.0,0.0
2013-10-12 13:15:00,3113921.8,0.00847506116847,3166343.33803,0,0.0,0.0,0.0
2013-10-12 13:20:00,2679085.2,0.00787262271822,3215161.33818,0,0.0,0.0,0.0
2013-10-12 13:25:00,2981291.6,0.00713047138478,2317952.82016,0,0.0,0.0,0.0
2013-10-12 13:30:00,3528916.2,0.00665281775972,2929264.65258,0,0.0,0.0,0.0
2013-10-12 13:35:00,3714299.6,0.00580154910238,3777154.30034,0,0.0,0.0,0.0
2013-10-12 13:40:00,2506308.4,0.00702055426555,3829575.51123,0,0.0,0.0,0.0
2013-10-12 13:45:00,2977082.8,0.00860065971095,1653676.49221,0,0.0,0.0,0.0
2013-10-12 13:50:00,2654474.0,0.0078412806686,2868187.28607,0,0.0,0.0,0.0
2013-10-12 13:55:00,2747757.6,0.00733201183573,2305215.96327,0,0.0,0.0,0.0
2013-10-12 14:00:00,3425450.2,0.00658276268856,2599907.17799,0,0.0,0.0,0.0
2013-10-12 14:05:00,2860588.4,0.00760438734844,3703015.02363,0,0.0,0.0,0.0
2013-10-12 14:10:00,2602600.6,0.00699443488697,2531009.20518,0,0.0,0.0,0.0
2013-10-12 14:15:00,3064562.4,0.00720207899188,2247534.12958,0,0.0,0.0,0.0
2013-10-12 14:20:00,2678636.4,0.00702934263049,3142476.60786,0,0.0,0.0,0.0
2013-10-12 14:25:00,2811047.4,0.00735527015342,2507829.54688,0,0.0,0.0,0.0
2013-10-12 14:30:00,2986170.0,0.00606689390775,2749239.35375,0,0.0,0.0,0.0
2013-10-12 14:35:00,3030498.2,0.00473048484792,2977769.62283,0,0.0,0.0,0.0
2013-10-12 14:40:00,1992914.2,0.00547622335534,2963144.10418,0,0.0,0.0,0.0
2013-10-12 14:45:00,2307638.6,0.00615785399599,1271489.37722,0,0.0,0.0,0.0
2013-10-12 14:50:00,2916463.0,0.00616263041039,2098500.20824,0,0.0,0.0,0.0
2013-10-12 14:55:00,3218693.2,0.00534296292564,3125278.09204,0,0.0,0.0,0.0
2013-10-12 15:00:00,4232165.4,0.00619295148403,3393046.23194,0,0.0,0.0,0.0
2013-10-12 15:05:00,4293438.2,0.00590008854913,4847038.44054,0,0.0,0.0,0.0
2013-10-12 15:10:00,5731243.0,0.00673872585383,4545155.23699,0,0.0,0.0,0.0
2013-10-12 15:15:00,3331719.8,0.0110391149553,6638592.11372,0,0.0,0.0,0.0
2013-10-12 15:20:00,3883587.8,0.0141902467418,2115674.82908,0,0.0,0.0,0.0
2013-10-12 15:25:00,3271342.2,0.0151148987441,3730141.83311,0,0.0,0.0,0.0
2013-10-12 15:30:00,2942843.2,0.0135042268078,2719307.28072,0,0.0,0.0,0.0
2013-10-12 15:35:00,3694746.0,0.0139571123199,2446316.24278,0,0.0,0.0,0.0
2013-10-12 15:40:00,3642126.4,0.012721377164,3875701.71179,0,0.0,0.0,0.0
2013-10-12 15:45:00,3734729.0,0.0127587551229,3625205.8862,0,0.0,0.0,0.0
2013-10-12 15:50:00,3394430.6,0.0117201283542,3699613.70312,0,0.0,0.0,0.0
2013-10-12 15:55:00,3529268.4,0.0114625338038,3113317.33899,0,0.0,0.0,0.0
2013-10-12 16:00:00,3715568.8,0.0099942350408,3382251.62507,0,0.0,0.0,0.0
2013-10-12 16:05:00,3746838.6,0.00575814809713,3677469.25,0,0.0,0.0,0.0
2013-10-12 16:10:00,4208361.2,0.00449868396104,3671227.30302,0,0.0,0.0,0.0
2013-10-12 16:15:00,4003901.8,0.00440546397343,4351022.94396,0,0.0,0.0,0.0
2013-10-12 16:20:00,3824163.8,0.00428251361722,3910477.15435,0,0.0,0.0,0.0
2013-10-12 16:25:00,3375125.8,0.00344777032305,3601345.06586,0,0.0,0.0,0.0
2013-10-12 16:30:00,3540937.0,0.00374716507142,2938494.63617,0,0.0,0.0,0.0
2013-10-12 16:35:00,3146923.2,0.00384239412027,3373029.8886,0,0.0,0.0,0.0
2013-10-12 16:40:00,4168467.0,0.00484155169864,2754678.9124,0,0.0,0.0,0.0
2013-10-12 16:45:00,3349810.2,0.0056919986968,4584852.94844,0,0.0,0.0,0.0
2013-10-12 16:50:00,3187740.8,0.00565799744701,2884521.42476,0,0.0,0.0,0.0
2013-10-12 16:55:00,3217855.6,0.00603158483925,2834074.19092,0,0.0,0.0,0.0
2013-10-12 17:00:00,3205658.2,0.00561481560449,3031104.78155,0,0.0,0.0,0.0
2013-10-12 17:05:00,2214341.8,0.00615706739245,3040867.64359,0,0.0,0.0,0.0
2013-10-12 17:10:00,2062268.8,0.00679404618117,1478984.67267,0,0.0,0.0,0.0
2013-10-12 17:15:00,2550043.2,0.0078946062614,1546538.39964,0,0.0,0.0,0.0
2013-10-12 17:20:00,2092985.2,0.00767936560762,2554951.49033,0,0.0,0.0,0.0
2013-10-12 17:25:00,3150399.8,0.00948333847712,1761963.23876,0,0.0,0.0,0.0
2013-10-12 17:30:00,2122509.2,0.00958581572815,3597315.56831,0,0.0,0.0,0.0
2013-10-12 17:35:00,2788856.2,0.00959382145212,1582905.67212,0,0.0,0.0,0.0
2013-10-12 17:40:00,2321360.2,0.0101620735454,2947539.17047,0,0.0,0.0,0.0
2013-10-12 17:45:00,2890855.4,0.0111577896027,1976617.03737,0,0.0,0.0,0.0
2013-10-12 17:50:00,4035097.6,0.0127500120484,3061893.01672,0,0.0,0.0,0.0
2013-10-12 17:55:00,3497103.6,0.0137585235872,4759384.99697,0,0.0,0.0,0.0
2013-10-12 18:00:00,3170049.2,0.0127231324933,3283587.49171,0,0.0,0.0,0.0
2013-10-12 18:05:00,3004455.6,0.011126259596,2787875.47412,0,0.0,0.0,0.0
2013-10-12 18:10:00,3466245.8,0.011798640446,2678885.97584,0,0.0,0.0,0.0
2013-10-12 18:15:00,3331877.8,0.0096474616605,3543577.19837,0,0.0,0.0,0.0
2013-10-12 18:20:00,2944188.8,0.00778790960629,3216192.13687,0,0.0,0.0,0.0
2013-10-12 18:25:00,3491523.4,0.00739782669115,2570651.71635,0,0.0,0.0,0.0
2013-10-12 18:30:00,4161306.2,0.00730550375093,3608488.64861,0,0.0,0.0,0.0
2013-10-12 18:35:00,2824246.4,0.00849211649495,4584545.01789,0,0.0,0.0,0.0
2013-10-12 18:40:00,3238769.0,0.00885009637637,2084924.45243,0,0.0,0.0,0.0
2013-10-12 18:45:00,3347327.8,0.00720691190509,3186420.96896,0,0.0,0.0,0.0
2013-10-12 18:50:00,3104582.8,0.0073359845115,3306947.62937,0,0.0,0.0,0.0
2013-10-12 18:55:00,3044250.2,0.00734125770671,2827340.68294,0,0.0,0.0,0.0
2013-10-12 19:00:00,3441568.0,0.00713382455561,2809752.02016,0,0.0,0.0,0.0
2013-10-12 19:05:00,3898819.6,0.00738430154247,3514145.21856,0,0.0,0.0,0.0
2013-10-12 19:10:00,3327445.8,0.00814708854247,4111360.4107,0,0.0,0.0,0.0
2013-10-12 19:15:00,3769617.8,0.00795727161479,2984552.6269,0,0.0,0.0,0.0
2013-10-12 19:20:00,4145610.0,0.00765726362541,3801890.41692,0,0.0,0.0,0.0
2013-10-12 19:25:00,4461434.6,0.00564331193996,4304880.61855,0,0.0,0.0,0.0
2013-10-12 19:30:00,3386405.4,0.0057128850276,4631702.79652,0,0.0,0.0,0.0
2013-10-12 19:35:00,7170114.6,0.0117231355864,2751613.76541,0,0.0,0.0,0.0
2013-10-12 19:40:00,3835937.6,0.0228462467398,8701974.67564,0,0.0,0.0,0.0
2013-10-12 19:45:00,3849577.0,0.0275868941017,2340043.61566,0,0.0,0.0,0.0
2013-10-12 19:50:00,4728437.0,0.0311257717895,3200654.70424,0,0.0,0.0,0.0
2013-10-12 19:55:00,3653101.4,0.0350739654592,4977749.02759,0,0.0,0.0,0.0
2013-10-12 20:00:00,3423475.4,0.0333142860133,3049889.65773,0,0.0,0.0,0.0
2013-10-12 20:05:00,3319426.2,0.0314787357441,2966040.8321,0,0.0,0.0,0.0
2013-10-12 20:10:00,3426644.4,0.0318777741694,2997738.18257,0,0.0,0.0,0.0
2013-10-12 20:15:00,3285794.4,0.0313219830869,3259896.00794,0,0.0,0.0,0.0
2013-10-12 20:20:00,3850047.6,0.0296092077996,3067526.65279,0,0.0,0.0,0.0
2013-10-12 20:25:00,3685854.4,0.017321402913,3952274.83068,0,0.0,0.0,0.0
2013-10-12 20:30:00,3379478.6,0.00847641159197,3617546.36394,0,0.0,0.0,0.0
2013-10-12 20:35:00,3566683.4,0.00687699080172,3116767.91842,0,0.0,0.0,0.0
2013-10-12 20:40:00,3590507.8,0.00516394653716,3468022.13861,0,0.0,0.0,0.0
2013-10-12 20:45:00,3402758.4,0.00396940976398,3487408.08925,0,0.0,0.0,0.0
2013-10-12 20:50:00,3548430.0,0.00397263589728,3180652.80526,0,0.0,0.0,0.0
2013-10-12 20:55:00,3619610.4,0.00382649951883,3433582.77813,0,0.0,0.0,0.0
2013-10-12 21:00:00,3748961.4,0.00364236819354,3534420.93431,0,0.0,0.0,0.0
2013-10-12 21:05:00,3559610.4,0.00374958077526,3709690.35511,0,0.0,0.0,0.0
2013-10-12 21:10:00,5178590.8,0.0046418235898,3387935.92853,0,0.0,0.0,0.0
2013-10-12 21:15:00,6822890.4,0.00539128911875,5831280.61093,0,0.0,0.0,0.0
2013-10-12 21:20:00,3652706.2,0.011053554849,7955179.47194,0,0.0,0.0,0.0
2013-10-12 21:25:00,3923214.0,0.0140433653342,2147144.59604,0,0.0,0.0,0.0
2013-10-12 21:30:00,3458745.6,0.0139046419673,3392854.99005,0,0.0,0.0,0.0
2013-10-12 21:35:00,4955067.8,0.0190805056966,2888372.25529,0,0.0,0.0,0.0
2013-10-12 21:40:00,4262822.6,0.0219689823172,5556381.48241,0,0.0,0.0,0.0
2013-10-12 21:45:00,3248786.2,0.0243007203736,4129145.94803,0,0.0,0.0,0.0
2013-10-12 21:50:00,2712873.6,0.0242544239027,2507516.42371,0,0.0,0.0,0.0
2013-10-12 21:55:00,4488676.8,0.0331807579386,2017518.27343,0,0.0,0.0,0.0
2013-10-12 22:00:00,3780386.6,0.0318625650496,5204866.72318,0,0.0,0.0,0.0
2013-10-12 22:05:00,3801917.8,0.0282256459683,3727979.25042,0,0.0,0.0,0.0
2013-10-12 22:10:00,3410020.4,0.0164341743813,3716840.99633,0,0.0,0.0,0.0
2013-10-12 22:15:00,4013800.2,0.0142464201371,3071051.23329,0,0.0,0.0,0.0
2013-10-12 22:20:00,3837695.0,0.0146822866575,4075159.05939,0,0.0,0.0,0.0
2013-10-12 22:25:00,3715738.8,0.010292769523,3713378.75144,0,0.0,0.0,0.0
2013-10-12 22:30:00,3156862.4,0.00865540131191,3523238.23632,0,0.0,0.0,0.0
2013-10-12 22:35:00,3447375.0,0.0084885157503,2708354.25047,0,0.0,0.0,0.0
2013-10-12 22:40:00,3909523.0,0.00922883593838,3285374.95299,0,0.0,0.0,0.0
2013-10-12 22:45:00,4083487.2,0.00579620195945,4022565.3527,0,0.0,0.0,0.0
2013-10-12 22:50:00,3410969.8,0.00503881627844,4171626.67616,0,0.0,0.0,0.0
2013-10-12 22:55:00,3630547.6,0.00570027752976,3005862.19162,0,0.0,0.0,0.0
2013-10-12 23:00:00,3579646.0,0.0054549734593,3479265.05757,0,0.0,0.0,0.0
2013-10-12 23:05:00,3518559.0,0.00450555143672,3440088.58722,0,0.0,0.0,0.0
2013-10-12 23:10:00,3615376.2,0.00453003593695,3359883.27167,0,0.0,0.0,0.0
2013-10-12 23:15:00,3579870.0,0.00461106342228,3500917.2835,0,0.0,0.0,0.0
2013-10-12 23:20:00,3914775.4,0.0047468371262,3433322.47354,0,0.0,0.0,0.0
2013-10-12 23:25:00,3026430.0,0.00489681594172,3925398.74236,0,0.0,0.0,0.0
2013-10-12 23:30:00,3681278.0,0.00538760023428,2630185.61338,0,0.0,0.0,0.0
2013-10-12 23:35:00,3655270.0,0.00544472393544,3762825.38497,0,0.0,0.0,0.0
2013-10-12 23:40:00,3117778.6,0.00513835100625,3604204.16121,0,0.0,0.0,0.0
2013-10-12 23:45:00,3464887.8,0.00529241567971,2712509.08246,0,0.0,0.0,0.0
2013-10-12 23:50:00,3490145.6,0.00531651968437,3371087.92973,0,0.0,0.0,0.0
2013-10-12 23:55:00,3530907.4,0.00538589281317,3396386.97352,0,0.0,0.0,0.0
2013-10-13 00:00:00,3536547.4,0.00518900428275,3446718.92194,0,0.0,0.0,0.0
2013-10-13 00:05:00,3438769.8,0.00510137615943,3435265.47586,0,0.0,0.0,0.0
2013-10-13 00:10:00,2592687.8,0.00532817487164,3282777.66137,0,0.0,0.0,0.0
2013-10-13 00:15:00,1960360.2,0.00454477034474,2133529.63077,0,0.0,0.0,0.0
2013-10-13 00:20:00,2025196.8,0.00415976265414,1377841.70875,0,0.0,0.0,0.0
2013-10-13 00:25:00,1716619.8,0.0040707017591,1700214.76933,0,0.0,0.0,0.0
2013-10-13 00:30:00,1789308.0,0.00405008084393,1341433.09461,0,0.0,0.0,0.0
2013-10-13 00:35:00,1892481.0,0.00364498032745,1584546.69543,0,0.0,0.0,0.0
2013-10-13 00:40:00,1726840.4,0.00357572765518,1767452.03501,0,0.0,0.0,0.0
2013-10-13 00:45:00,1878791.8,0.00378352173791,1517754.13629,0,0.0,0.0,0.0
2013-10-13 00:50:00,1792245.2,0.00370976241928,1783376.92412,0,0.0,0.0,0.0
2013-10-13 00:55:00,1458174.2,0.00387316882527,1639845.68949,0,0.0,0.0,0.0
2013-10-13 01:00:00,1740755.8,0.00381587219611,1142079.64274,0,0.0,0.0,0.0
2013-10-13 01:05:00,1807006.8,0.00379056416255,1667719.75787,0,0.0,0.0,0.0
2013-10-13 01:10:00,2307076.8,0.00371237286617,1742758.41424,0,0.0,0.0,0.0
2013-10-13 01:15:00,3108940.6,0.00426870659145,2506541.33105,0,0.0,0.0,0.0
2013-10-13 01:20:00,3450633.2,0.00391515883551,3540160.78364,0,0.0,0.0,0.0
2013-10-13 01:25:00,3664786.4,0.0037120897348,3754983.32003,0,0.0,0.0,0.0
2013-10-13 01:30:00,4118068.8,0.00393143590645,3843135.94659,0,0.0,0.0,0.0
2013-10-13 01:35:00,4053222.6,0.00390469610388,4385311.58279,0,0.0,0.0,0.0
2013-10-13 01:40:00,4201796.4,0.004045679172,4049243.97565,0,0.0,0.0,0.0
2013-10-13 01:45:00,4304214.2,0.00395899391064,4215671.6948,0,0.0,0.0,0.0
2013-10-13 01:50:00,4524176.6,0.00361719666648,4296289.56436,0,0.0,0.0,0.0
2013-10-13 01:55:00,4352175.4,0.00368858879938,4570193.06268,0,0.0,0.0,0.0
2013-10-13 02:00:00,4193209.2,0.0032378355359,4231172.23938,0,0.0,0.0,0.0
2013-10-13 02:05:00,4482098.2,0.00316518314472,3987398.96907,0,0.0,0.0,0.0
2013-10-13 02:10:00,4644432.8,0.00321819654979,4492257.75493,0,0.0,0.0,0.0
2013-10-13 02:15:00,4435991.6,0.00333942121173,4671720.2293,0,0.0,0.0,0.0
2013-10-13 02:20:00,4417648.0,0.00325956001583,4242203.43486,0,0.0,0.0,0.0
2013-10-13 02:25:00,4486779.6,0.00318386991759,4250821.55047,0,0.0,0.0,0.0
2013-10-13 02:30:00,4538636.0,0.00318208098785,4389487.11317,0,0.0,0.0,0.0
2013-10-13 02:35:00,4461462.4,0.00311537312215,4455017.47338,0,0.0,0.0,0.0
2013-10-13 02:40:00,4468985.0,0.0030566048755,4316221.53875,0,0.0,0.0,0.0
2013-10-13 02:45:00,4612245.8,0.00310588924585,4338038.01807,0,0.0,0.0,0.0
2013-10-13 02:50:00,4484731.4,0.00313887316256,4563014.16074,0,0.0,0.0,0.0
2013-10-13 02:55:00,4642155.2,0.00298537827794,4345939.6678,0,0.0,0.0,0.0
2013-10-13 03:00:00,4893176.2,0.00309828242069,4600437.30623,0,0.0,0.0,0.0
2013-10-13 03:05:00,5549813.8,0.00340034781366,4949149.6611,0,0.0,0.0,0.0
2013-10-13 03:10:00,6179932.6,0.0034972095319,5892057.88215,0,0.0,0.0,0.0
2013-10-13 03:15:00,5105403.4,0.00473284022656,6625506.66401,0,0.0,0.0,0.0
2013-10-13 03:20:00,4451766.6,0.00460797735614,4490684.74739,0,0.0,0.0,0.0
2013-10-13 03:25:00,4481147.0,0.00549531388825,3739270.7133,0,0.0,0.0,0.0
2013-10-13 03:30:00,4694028.6,0.00597647785842,4183013.15891,0,0.0,0.0,0.0
2013-10-13 03:35:00,4430812.4,0.0058465400883,4610753.79375,0,0.0,0.0,0.0
2013-10-13 03:40:00,4501812.4,0.00621379315872,4161997.36298,0,0.0,0.0,0.0
2013-10-13 03:45:00,4637840.2,0.00617881620203,4367501.88071,0,0.0,0.0,0.0
2013-10-13 03:50:00,4893904.4,0.00607317351307,4677570.36649,0,0.0,0.0,0.0
2013-10-13 03:55:00,4580558.0,0.0059161291416,5057086.70779,0,0.0,0.0,0.0
2013-10-13 04:00:00,4631284.0,0.00579845645201,4437901.5678,0,0.0,0.0,0.0
2013-10-13 04:05:00,4510029.8,0.00417283289646,4586123.01767,0,0.0,0.0,0.0
2013-10-13 04:10:00,4531931.8,0.00428000984054,4393211.98231,0,0.0,0.0,0.0
2013-10-13 04:15:00,4951073.2,0.00398685356485,4489600.6765,0,0.0,0.0,0.0
2013-10-13 04:20:00,4744324.6,0.0039339463124,5202274.35482,0,0.0,0.0,0.0
2013-10-13 04:25:00,4864875.0,0.00387662006401,4745731.06508,0,0.0,0.0,0.0
2013-10-13 04:30:00,4681125.8,0.00380655264258,4949927.71105,0,0.0,0.0,0.0
2013-10-13 04:35:00,4368098.8,0.00374175931141,4571751.63349,0,0.0,0.0,0.0
2013-10-13 04:40:00,4687881.2,0.00407580640438,4130215.87129,0,0.0,0.0,0.0
2013-10-13 04:45:00,5001344.0,0.0037768748647,4830329.60838,0,0.0,0.0,0.0
2013-10-13 04:50:00,4618461.8,0.00423477401308,5274397.64159,0,0.0,0.0,0.0
2013-10-13 04:55:00,4584497.4,0.0043049128733,4443023.35926,0,0.0,0.0,0.0
2013-10-13 05:00:00,4755072.8,0.00443982654232,4490531.03177,0,0.0,0.0,0.0
2013-10-13 05:05:00,4852368.4,0.00397768449017,4837899.5759,0,0.0,0.0,0.0
2013-10-13 05:10:00,4795987.8,0.00369043199436,4956639.65603,0,0.0,0.0,0.0
2013-10-13 05:15:00,4832927.0,0.0036044944198,4805787.81752,0,0.0,0.0,0.0
2013-10-13 05:20:00,4690033.4,0.00350780207345,4852740.73643,0,0.0,0.0,0.0
2013-10-13 05:25:00,4729095.2,0.00344173377755,4601115.30486,0,0.0,0.0,0.0
2013-10-13 05:30:00,4726369.6,0.0029913968072,4707627.42053,0,0.0,0.0,0.0
2013-10-13 05:35:00,4429855.8,0.00309133769342,4725455.08165,0,0.0,0.0,0.0
2013-10-13 05:40:00,4617503.6,0.00286163083888,4257844.22336,0,0.0,0.0,0.0
2013-10-13 05:45:00,4952628.8,0.00299763169069,4633737.08867,0,0.0,0.0,0.0
2013-10-13 05:50:00,4256910.4,0.00352032547412,5156744.50294,0,0.0,0.0,0.0
2013-10-13 05:55:00,4674205.4,0.0042506429168,3905987.63458,0,0.0,0.0,0.0
2013-10-13 06:00:00,4440490.8,0.00448968932282,4824432.69702,0,0.0,0.0,0.0
2013-10-13 06:05:00,4634800.4,0.00478761007827,4343979.06363,0,0.0,0.0,0.0
2013-10-13 06:10:00,4207472.8,0.00522057615527,4736495.44801,0,0.0,0.0,0.0
2013-10-13 06:15:00,4063905.4,0.00518625044745,3963001.68265,0,0.0,0.0,0.0
2013-10-13 06:20:00,4231708.6,0.0056039189646,3885554.90024,0,0.0,0.0,0.0
2013-10-13 06:25:00,4443433.0,0.00541844251846,4292112.65273,0,0.0,0.0,0.0
2013-10-13 06:30:00,4569577.8,0.00501447745896,4603725.57318,0,0.0,0.0,0.0
2013-10-13 06:35:00,4232463.6,0.00521260226465,4714262.31073,0,0.0,0.0,0.0
2013-10-13 06:40:00,4530729.6,0.00470336062258,4076109.58466,0,0.0,0.0,0.0
2013-10-13 06:45:00,5188727.4,0.00447808355313,4617488.14322,0,0.0,0.0,0.0
2013-10-13 06:50:00,3816894.8,0.00615936560421,5633807.66208,0,0.0,0.0,0.0
2013-10-13 06:55:00,4050048.6,0.00709624170496,3131971.24343,0,0.0,0.0,0.0
2013-10-13 07:00:00,4632655.0,0.00729076239813,3975933.49269,0,0.0,0.0,0.0
2013-10-13 07:05:00,4331165.4,0.00826273947631,5008630.95492,0,0.0,0.0,0.0
2013-10-13 07:10:00,4256816.4,0.00766657269007,4258274.97708,0,0.0,0.0,0.0
2013-10-13 07:15:00,4514565.0,0.00797495365488,4181530.65585,0,0.0,0.0,0.0
2013-10-13 07:20:00,4231642.8,0.00867455675857,4658764.44279,0,0.0,0.0,0.0
2013-10-13 07:25:00,3996057.0,0.00808090379762,4144615.79395,0,0.0,0.0,0.0
2013-10-13 07:30:00,3821746.8,0.00732087496189,3822639.44267,0,0.0,0.0,0.0
2013-10-13 07:35:00,3693434.8,0.0065159872197,3653928.09642,0,0.0,0.0,0.0
2013-10-13 07:40:00,4069099.2,0.00490731150292,3552013.35144,0,0.0,0.0,0.0
2013-10-13 07:45:00,4101726.8,0.00399988948549,4186832.48751,0,0.0,0.0,0.0
2013-10-13 07:50:00,4205671.8,0.00342290109866,4171392.29245,0,0.0,0.0,0.0
2013-10-13 07:55:00,3989263.6,0.00310495043279,4290680.4004,0,0.0,0.0,0.0
2013-10-13 08:00:00,3828862.0,0.00318916890051,3931873.52586,0,0.0,0.0,0.0
2013-10-13 08:05:00,3641686.6,0.00299320574866,3733386.16571,0,0.0,0.0,0.0
2013-10-13 08:10:00,3324261.6,0.00280416254148,3506447.15451,0,0.0,0.0,0.0
2013-10-13 08:15:00,3584599.2,0.00305874667774,3108844.23915,0,0.0,0.0,0.0
2013-10-13 08:20:00,3401789.8,0.00321337359476,3589863.52435,0,0.0,0.0,0.0
2013-10-13 08:25:00,3171775.2,0.00329207667932,3304129.94127,0,0.0,0.0,0.0
2013-10-13 08:30:00,2938971.8,0.00291778813146,2994307.30916,0,0.0,0.0,0.0
2013-10-13 08:35:00,2675676.2,0.00289303822226,2729648.04729,0,0.0,0.0,0.0
2013-10-13 08:40:00,2022947.8,0.00319451121433,2440211.43832,0,0.0,0.0,0.0
2013-10-13 08:45:00,2613405.8,0.00383196884841,1588412.51864,0,0.0,0.0,0.0
2013-10-13 08:50:00,3074915.6,0.00412263005006,2676356.58017,0,0.0,0.0,0.0
2013-10-13 08:55:00,3454406.6,0.00411821024553,3366213.03098,0,0.0,0.0,0.0
2013-10-13 09:00:00,3953057.8,0.00408716014224,3800027.78433,0,0.0,0.0,0.0
2013-10-13 09:05:00,4346876.8,0.00365760324042,4382538.96874,0,0.0,0.0,0.0
2013-10-13 09:10:00,4690494.2,0.00354085464425,4752662.43927,0,0.0,0.0,0.0
2013-10-13 09:15:00,4601621.2,0.00385366366433,5063147.85038,0,0.0,0.0,0.0
2013-10-13 09:20:00,1482509.2,0.00755982041904,4780682.80084,0,0.0,0.0,0.0
2013-10-13 09:25:00,4149789.2,0.0151007794189,277340.395754,0,0.0,0.0,0.0
2013-10-13 09:30:00,5092226.4,0.0146577209029,4834954.64013,0,0.0,0.0,0.0
2013-10-13 09:35:00,4921400.8,0.01457557707,5896822.23771,0,0.0,0.0,0.0
2013-10-13 09:40:00,4510003.6,0.0154033111548,5207869.04901,0,0.0,0.0,0.0
2013-10-13 09:45:00,4857760.2,0.0160022967162,4560334.94835,0,0.0,0.0,0.0
2013-10-13 09:50:00,4635341.4,0.0168520205165,5072234.67978,0,0.0,0.0,0.0
2013-10-13 09:55:00,4752849.6,0.0172739265609,4580297.41477,0,0.0,0.0,0.0
2013-10-13 10:00:00,4600516.4,0.0173973658866,4701929.80232,0,0.0,0.0,0.0
2013-10-13 10:05:00,4467507.0,0.0161542165273,4519855.00776,0,0.0,0.0,0.0
2013-10-13 10:10:00,4600820.2,0.00943777713916,4447826.5074,0,0.0,0.0,0.0
2013-10-13 10:15:00,4466740.6,0.00447436055723,4653373.56001,0,0.0,0.0,0.0
2013-10-13 10:20:00,4816356.0,0.0046554691258,4402650.33906,0,0.0,0.0,0.0
2013-10-13 10:25:00,4412821.2,0.00406474695039,4844549.54725,0,0.0,0.0,0.0
2013-10-13 10:30:00,4289461.2,0.00345175723041,4338193.49807,0,0.0,0.0,0.0
2013-10-13 10:35:00,4806912.6,0.00367032226685,4264901.67159,0,0.0,0.0,0.0
2013-10-13 10:40:00,4540884.6,0.00370521540942,5015870.20475,0,0.0,0.0,0.0
2013-10-13 10:45:00,3973230.6,0.00407663649935,4533808.80003,0,0.0,0.0,0.0
2013-10-13 10:50:00,4151312.0,0.00444315043053,3703347.93213,0,0.0,0.0,0.0
2013-10-13 10:55:00,4408599.0,0.00473736602915,4093086.51315,0,0.0,0.0,0.0
2013-10-13 11:00:00,4412467.0,0.00468739280813,4521334.38503,0,0.0,0.0,0.0
2013-10-13 11:05:00,4014711.6,0.0049927500195,4466920.87382,0,0.0,0.0,0.0
2013-10-13 11:10:00,4455661.4,0.00525197090851,3826226.60569,0,0.0,0.0,0.0
2013-10-13 11:15:00,4518165.4,0.00476428058378,4540047.34348,0,0.0,0.0,0.0
2013-10-13 11:20:00,5219553.4,0.00545172843514,4593410.50963,0,0.0,0.0,0.0
2013-10-13 11:25:00,4529007.2,0.00623883905812,5668346.09245,0,0.0,0.0,0.0
2013-10-13 11:30:00,5014467.6,0.00640418831074,4418920.64406,0,0.0,0.0,0.0
2013-10-13 11:35:00,5091716.8,0.0058163140449,5224207.07222,0,0.0,0.0,0.0
2013-10-13 11:40:00,4955261.0,0.00559270468833,5235225.15863,0,0.0,0.0,0.0
2013-10-13 11:45:00,5129745.6,0.00540526948356,4959955.83557,0,0.0,0.0,0.0
2013-10-13 11:50:00,5522536.0,0.00568577341739,5194666.02721,0,0.0,0.0,0.0
2013-10-13 11:55:00,5466070.0,0.00546943166019,5747188.21986,0,0.0,0.0,0.0
2013-10-13 12:00:00,5181228.2,0.0051727174077,5570306.80776,0,0.0,0.0,0.0
2013-10-13 12:05:00,4971070.0,0.0052702638067,5071622.10744,0,0.0,0.0,0.0
2013-10-13 12:10:00,5417314.4,0.00532985773193,4750410.25059,0,0.0,0.0,0.0
2013-10-13 12:15:00,5381120.2,0.00430616237613,5613463.0973,0,0.0,0.0,0.0
2013-10-13 12:20:00,5648711.4,0.00386683606917,5490220.95548,0,0.0,0.0,0.0
2013-10-13 12:25:00,5237271.0,0.00435052643379,5847894.75002,0,0.0,0.0,0.0
2013-10-13 12:30:00,4567196.6,0.00453763848423,5028862.14045,0,0.0,0.0,0.0
2013-10-13 12:35:00,5010997.6,0.00541872747015,4093485.93884,0,0.0,0.0,0.0
2013-10-13 12:40:00,4802090.8,0.00545271675181,5153838.09031,0,0.0,0.0,0.0
2013-10-13 12:45:00,5512044.2,0.0061545558717,4690640.89079,0,0.0,0.0,0.0
2013-10-13 12:50:00,5365367.0,0.00642489667618,5939432.46783,0,0.0,0.0,0.0
2013-10-13 12:55:00,5359112.8,0.00641991559988,5455358.99593,0,0.0,0.0,0.0
2013-10-13 13:00:00,5206969.0,0.00575243783425,5389994.57448,0,0.0,0.0,0.0
2013-10-13 13:05:00,5441836.6,0.00593441885118,5073271.90638,0,0.0,0.0,0.0
2013-10-13 13:10:00,5013968.8,0.00643253658484,5528272.95728,0,0.0,0.0,0.0
2013-10-13 13:15:00,5087288.8,0.00595579054155,4819552.53458,0,0.0,0.0,0.0
2013-10-13 13:20:00,4889297.0,0.0055485484457,5037603.59899,0,0.0,0.0,0.0
2013-10-13 13:25:00,5113966.2,0.00492580542366,4706213.00416,0,0.0,0.0,0.0
2013-10-13 13:30:00,5380729.2,0.00469692813845,5225200.96287,0,0.0,0.0,0.0
2013-10-13 13:35:00,5135762.4,0.00433161683552,5609591.08832,0,0.0,0.0,0.0
2013-10-13 13:40:00,5726463.8,0.00447257555786,5008661.33731,0,0.0,0.0,0.0
2013-10-13 13:45:00,5152678.4,0.00541929304183,6062054.52134,0,0.0,0.0,0.0
2013-10-13 13:50:00,5179141.4,0.00553124737001,4911171.5266,0,0.0,0.0,0.0
2013-10-13 13:55:00,5313273.6,0.00531365187371,5115759.80933,0,0.0,0.0,0.0
2013-10-13 14:00:00,4990068.0,0.00511087164377,5337641.13779,0,0.0,0.0,0.0
2013-10-13 14:05:00,5135694.0,0.00519260207071,4800770.80556,0,0.0,0.0,0.0
2013-10-13 14:10:00,4809917.0,0.00548821275933,5194137.99385,0,0.0,0.0,0.0
2013-10-13 14:15:00,4837499.4,0.0053058280293,4575193.34229,0,0.0,0.0,0.0
2013-10-13 14:20:00,5081224.0,0.00553192573963,4748844.67341,0,0.0,0.0,0.0
2013-10-13 14:25:00,4846339.2,0.00545280168294,5258680.29744,0,0.0,0.0,0.0
2013-10-13 14:30:00,4988007.0,0.00486199053031,4763634.67322,0,0.0,0.0,0.0
2013-10-13 14:35:00,4598591.4,0.00431230906566,5005532.29476,0,0.0,0.0,0.0
2013-10-13 14:40:00,4467228.2,0.00416829811193,4334219.91431,0,0.0,0.0,0.0
2013-10-13 14:45:00,4261252.8,0.00405004131455,4344274.63995,0,0.0,0.0,0.0
2013-10-13 14:50:00,5263430.8,0.00495171068285,4056914.25831,0,0.0,0.0,0.0
2013-10-13 14:55:00,4741242.8,0.00587579947761,5816618.77762,0,0.0,0.0,0.0
2013-10-13 15:00:00,5268673.4,0.00613332909677,4692661.04655,0,0.0,0.0,0.0
2013-10-13 15:05:00,6355621.0,0.00676414377366,5632987.04049,0,0.0,0.0,0.0
2013-10-13 15:10:00,6548625.4,0.00717740534745,7145186.15275,0,0.0,0.0,0.0
2013-10-13 15:15:00,5110530.8,0.00951443504949,6930408.83259,0,0.0,0.0,0.0
2013-10-13 15:20:00,5345068.8,0.0110930997288,4367331.72219,0,0.0,0.0,0.0
2013-10-13 15:25:00,4738408.8,0.0112696079903,5229744.26238,0,0.0,0.0,0.0
2013-10-13 15:30:00,5107021.4,0.013087884737,4203721.93074,0,0.0,0.0,0.0
2013-10-13 15:35:00,5235458.4,0.0128986543246,5242845.06677,0,0.0,0.0,0.0
2013-10-13 15:40:00,5233619.6,0.0105944948264,5401680.25265,0,0.0,0.0,0.0
2013-10-13 15:45:00,5029582.0,0.0088383436805,5214999.54607,0,0.0,0.0,0.0
2013-10-13 15:50:00,4514236.8,0.00850229144455,4905313.83034,0,0.0,0.0,0.0
2013-10-13 15:55:00,4910708.8,0.00845983678591,4233561.71499,0,0.0,0.0,0.0
2013-10-13 16:00:00,4712074.4,0.00792430241636,5005731.55662,0,0.0,0.0,0.0
2013-10-13 16:05:00,5420857.4,0.00650253892956,4569614.21889,0,0.0,0.0,0.0
2013-10-13 16:10:00,5476916.2,0.00571188077198,5887648.77154,0,0.0,0.0,0.0
2013-10-13 16:15:00,5125320.0,0.0058137693608,5687440.69051,0,0.0,0.0,0.0
2013-10-13 16:20:00,5001679.4,0.00482553427243,4890654.07073,0,0.0,0.0,0.0
2013-10-13 16:25:00,4980771.6,0.00494838979158,4870073.20129,0,0.0,0.0,0.0
2013-10-13 16:30:00,5543129.2,0.00544578898507,4962250.72423,0,0.0,0.0,0.0
2013-10-13 16:35:00,5178798.4,0.00601317684583,5793357.78191,0,0.0,0.0,0.0
2013-10-13 16:40:00,5374906.8,0.00593504694276,5046072.94539,0,0.0,0.0,0.0
2013-10-13 16:45:00,4965761.2,0.00572241555861,5485125.93425,0,0.0,0.0,0.0
2013-10-13 16:50:00,4625607.6,0.00544299917776,4706496.53099,0,0.0,0.0,0.0
2013-10-13 16:55:00,5155595.2,0.00546469014054,4293988.56082,0,0.0,0.0,0.0
2013-10-13 17:00:00,4758968.4,0.00578691417338,5423016.21209,0,0.0,0.0,0.0
2013-10-13 17:05:00,4846633.6,0.00536508740676,4612059.5282,0,0.0,0.0,0.0
2013-10-13 17:10:00,4966854.2,0.00540295516268,4826243.0323,0,0.0,0.0,0.0
2013-10-13 17:15:00,4799362.0,0.0056101220511,5070452.32942,0,0.0,0.0,0.0
2013-10-13 17:20:00,5217818.2,0.00549437036335,4730255.9722,0,0.0,0.0,0.0
2013-10-13 17:25:00,4846504.6,0.00540731185155,5393040.09857,0,0.0,0.0,0.0
2013-10-13 17:30:00,4857580.0,0.0051654561244,4722559.47141,0,0.0,0.0,0.0
2013-10-13 17:35:00,5305944.2,0.00512112392704,4822296.83784,0,0.0,0.0,0.0
2013-10-13 17:40:00,5216126.8,0.00542279925499,5535881.39076,0,0.0,0.0,0.0
2013-10-13 17:45:00,5126791.6,0.00459797168803,5288036.6161,0,0.0,0.0,0.0
2013-10-13 17:50:00,4716540.8,0.00429576428733,5101947.31418,0,0.0,0.0,0.0
2013-10-13 17:55:00,5194275.2,0.0049283163908,4386024.01226,0,0.0,0.0,0.0
2013-10-13 18:00:00,4594784.4,0.00573718017931,5391367.5419,0,0.0,0.0,0.0
2013-10-13 18:05:00,5313192.6,0.00679577297875,4278736.92624,0,0.0,0.0,0.0
2013-10-13 18:10:00,5349453.4,0.00647482559461,5616251.10315,0,0.0,0.0,0.0
2013-10-13 18:15:00,5664016.0,0.00592236029045,5509589.65965,0,0.0,0.0,0.0
2013-10-13 18:20:00,5165652.4,0.00685025803271,5950658.23095,0,0.0,0.0,0.0
2013-10-13 18:25:00,5806009.2,0.00751726460928,4891498.47429,0,0.0,0.0,0.0
2013-10-13 18:30:00,5725820.2,0.00769295424425,6150247.30507,0,0.0,0.0,0.0
2013-10-13 18:35:00,5818352.0,0.00744710495679,5804330.45557,0,0.0,0.0,0.0
2013-10-13 18:40:00,6039204.0,0.00713429418469,5851182.4661,0,0.0,0.0,0.0
2013-10-13 18:45:00,6146104.8,0.00605799167393,6222086.08165,0,0.0,0.0,0.0
2013-10-13 18:50:00,6520842.0,0.00530828752359,6301802.44691,0,0.0,0.0,0.0
2013-10-13 18:55:00,6414160.0,0.004517441558,6754474.2179,0,0.0,0.0,0.0
2013-10-13 19:00:00,7121288.0,0.00489134884021,6511707.35774,0,0.0,0.0,0.0
2013-10-13 19:05:00,7733993.2,0.00487552908622,7591142.78486,0,0.0,0.0,0.0
2013-10-13 19:10:00,7171976.0,0.00522124014579,8249981.2394,0,0.0,0.0,0.0
2013-10-13 19:15:00,6572442.0,0.00466915089706,7012813.96264,0,0.0,0.0,0.0
2013-10-13 19:20:00,6669027.2,0.00473368559854,6188218.78128,0,0.0,0.0,0.0
2013-10-13 19:25:00,6541002.6,0.00472431966312,6546924.3299,0,0.0,0.0,0.0
2013-10-13 19:30:00,8036983.2,0.00645874405732,6429201.87896,0,0.0,0.0,0.0
2013-10-13 19:35:00,6780480.0,0.00992189627123,8939499.20467,0,0.0,0.0,0.0
2013-10-13 19:40:00,7105309.2,0.0105717192999,6574713.70656,0,0.0,0.0,0.0
2013-10-13 19:45:00,6645670.6,0.0110861269889,7229978.75074,0,0.0,0.0,0.0
2013-10-13 19:50:00,7129069.2,0.0113164987146,6421353.35628,0,0.0,0.0,0.0
2013-10-13 19:55:00,6886046.6,0.0119097497837,7284965.78893,0,0.0,0.0,0.0
2013-10-13 20:00:00,7070269.8,0.0101416371064,6810143.4462,0,0.0,0.0,0.0
2013-10-13 20:05:00,7112211.8,0.00936411844157,7158742.95483,0,0.0,0.0,0.0
2013-10-13 20:10:00,6736356.8,0.00923915627322,7158829.26196,0,0.0,0.0,0.0
2013-10-13 20:15:00,6885695.2,0.00992275227411,6537068.04443,0,0.0,0.0,0.0
2013-10-13 20:20:00,6829566.2,0.00721609971096,6858007.86851,0,0.0,0.0,0.0
2013-10-13 20:25:00,6670142.6,0.00458250827823,6780079.09444,0,0.0,0.0,0.0
2013-10-13 20:30:00,6989347.8,0.00447656596854,6554720.946,0,0.0,0.0,0.0
2013-10-13 20:35:00,7089460.2,0.00388788645481,7078305.77529,0,0.0,0.0,0.0
2013-10-13 20:40:00,7126232.4,0.00330825729515,7194994.58334,0,0.0,0.0,0.0
2013-10-13 20:45:00,7180348.2,0.00299033828273,7193983.94052,0,0.0,0.0,0.0
2013-10-13 20:50:00,7251597.4,0.00280718106118,7228214.88064,0,0.0,0.0,0.0
2013-10-13 20:55:00,7138828.0,0.00290696704323,7315389.23289,0,0.0,0.0,0.0
2013-10-13 21:00:00,7358757.6,0.00276158490792,7131443.37943,0,0.0,0.0,0.0
2013-10-13 21:05:00,6691074.8,0.00303113164643,7402919.49036,0,0.0,0.0,0.0
2013-10-13 21:10:00,7419464.2,0.00385418227619,6441186.98798,0,0.0,0.0,0.0
2013-10-13 21:15:00,7345692.4,0.00401976314891,7620590.64837,0,0.0,0.0,0.0
2013-10-13 21:20:00,7106381.2,0.0038962087217,7414450.00497,0,0.0,0.0,0.0
2013-10-13 21:25:00,7439340.8,0.00435675190817,6978730.15664,0,0.0,0.0,0.0
2013-10-13 21:30:00,7148265.0,0.00472947262153,7553600.51123,0,0.0,0.0,0.0
2013-10-13 21:35:00,7079349.4,0.00474185265517,7103658.18832,0,0.0,0.0,0.0
2013-10-13 21:40:00,7313239.2,0.0051578513524,6940416.04803,0,0.0,0.0,0.0
2013-10-13 21:45:00,7370054.2,0.00500780426952,7423627.92967,0,0.0,0.0,0.0
2013-10-13 21:50:00,7146604.0,0.00513175496656,7475947.48512,0,0.0,0.0,0.0
2013-10-13 21:55:00,7380294.8,0.00473282982251,7018203.15935,0,0.0,0.0,0.0
2013-10-13 22:00:00,7444886.2,0.0037504451572,7465435.98592,0,0.0,0.0,0.0
2013-10-13 22:05:00,6960113.0,0.00400882563169,7506803.07925,0,0.0,0.0,0.0
2013-10-13 22:10:00,7776972.4,0.00478970752255,6720129.45495,0,0.0,0.0,0.0
2013-10-13 22:15:00,7458856.0,0.00491660409424,8027631.81748,0,0.0,0.0,0.0
2013-10-13 22:20:00,7193220.0,0.00471002178754,7420535.01403,0,0.0,0.0,0.0
2013-10-13 22:25:00,7221732.4,0.00491036478368,7027054.87472,0,0.0,0.0,0.0
2013-10-13 22:30:00,7683360.0,0.00506669531343,7174892.8954,0,0.0,0.0,0.0
2013-10-13 22:35:00,7346899.6,0.0057131721742,7911000.77114,0,0.0,0.0,0.0
2013-10-13 22:40:00,7728333.2,0.0059020098659,7255981.29392,0,0.0,0.0,0.0
2013-10-13 22:45:00,6895594.8,0.00681718399332,7915788.61109,0,0.0,0.0,0.0
2013-10-13 22:50:00,6637198.0,0.00702321328157,6483491.98368,0,0.0,0.0,0.0
2013-10-13 22:55:00,7011225.4,0.00723167023781,6335081.61806,0,0.0,0.0,0.0
2013-10-13 23:00:00,6560515.6,0.00655075032658,7154604.12662,0,0.0,0.0,0.0
2013-10-13 23:05:00,6638822.6,0.00613042501822,6364472.43596,0,0.0,0.0,0.0
2013-10-13 23:10:00,7921025.0,0.00771902289794,6606856.30931,0,0.0,0.0,0.0
2013-10-13 23:15:00,8124689.4,0.00845396389682,8740571.61524,0,0.0,0.0,0.0
2013-10-13 23:20:00,7346551.8,0.00966922226573,8514999.86699,0,0.0,0.0,0.0
2013-10-13 23:25:00,8111561.6,0.0107959117259,6984950.03878,0,0.0,0.0,0.0
2013-10-13 23:30:00,7575658.4,0.0116766357607,8448515.7418,0,0.0,0.0,0.0
2013-10-13 23:35:00,7198625.2,0.00981998376869,7336681.63692,0,0.0,0.0,0.0
2013-10-13 23:40:00,7964260.4,0.0118623945457,6848620.28144,0,0.0,0.0,0.0
2013-10-13 23:45:00,7547664.0,0.0122019648711,8369537.49178,0,0.0,0.0,0.0
2013-10-13 23:50:00,7988676.2,0.0119847315396,7487186.47085,0,0.0,0.0,0.0
2013-10-13 23:55:00,7788122.6,0.0124134087736,8242983.10247,0,0.0,0.0,0.0
