timestamp,value,anomaly_score,predValue,label
2015-09-08 11:39:00,73,0.0301029996659,73.0,0
2015-09-08 11:44:00,62,0.0301029996659,-109.466753181,0
2015-09-08 11:59:00,66,0.0301029996659,-95.1511860296,0
2015-09-08 12:19:00,69,0.0301029996659,17.7451373907,0
2015-09-08 12:24:00,65,0.0301029996659,278.448331384,0
2015-09-08 12:27:00,76,1.0,130.822169054,0
2015-09-08 12:32:00,65,0.0301029996659,11.9215514929,0
2015-09-08 12:46:00,62,0.0301029996659,80.7334795419,0
2015-09-08 12:51:00,61,1.0,51.3249948187,0
2015-09-08 13:01:00,65,0.0301029996659,75.258724659,0
2015-09-08 13:21:00,68,0.0301029996659,108.880168043,0
2015-09-08 13:26:00,66,0.0301029996659,55.5950240892,0
2015-09-08 13:31:00,67,0.0301029996659,25.6000436391,0
2015-09-08 13:36:00,65,0.0301029996659,56.788129228,0
2015-09-08 13:41:00,67,0.0301029996659,60.6816956077,0
2015-09-08 13:46:00,67,0.0301029996659,62.8782310348,0
2015-09-08 13:56:00,69,0.0301029996659,68.9581990057,0
2015-09-08 14:11:00,68,0.0301029996659,46.7633363402,0
2015-09-08 14:16:00,68,0.0301029996659,74.9985133968,0
2015-09-08 14:21:00,67,0.0301029996659,71.0918966506,0
2015-09-08 14:46:00,66,0.0301029996659,56.3908446917,0
2015-09-08 14:51:00,68,0.0301029996659,69.2549799218,0
2015-09-08 15:16:00,69,0.0301029996659,53.461905412,0
2015-09-08 15:21:00,65,0.0301029996659,45.012983883,0
2015-09-08 15:26:00,70,0.0301029996659,49.783720937,0
2015-09-08 15:29:00,66,0.0301029996659,50.2066702643,0
2015-09-08 15:41:00,65,0.0301029996659,46.0690126044,0
2015-09-08 16:15:00,64,0.0301029996659,44.6192428225,0
2015-09-08 16:31:00,66,0.0301029996659,73.614312327,0
2015-09-08 16:36:00,69,0.0301029996659,82.1445990925,0
2015-09-08 16:41:00,64,0.0301029996659,57.4513504114,0
2015-09-08 16:56:00,69,0.0301029996659,63.5745818686,0
2015-09-08 17:11:00,65,0.0301029996659,64.9999966019,0
2015-09-08 17:16:00,68,0.0301029996659,71.3108396767,0
2015-09-08 17:21:00,67,0.0301029996659,67.4094277187,0
2015-09-08 17:26:00,69,0.0301029996659,70.4011767545,0
2015-09-08 17:31:00,66,0.0301029996659,51.8790665817,0
2015-09-08 17:36:00,69,0.0301029996659,68.7669546882,0
2015-09-08 17:41:00,66,0.0301029996659,60.906894642,0
2015-09-08 17:46:00,65,0.0301029996659,61.6047884281,0
2015-09-08 17:51:00,66,0.0301029996659,61.2849257675,0
2015-09-08 17:56:00,65,0.0301029996659,60.9113533776,0
2015-09-08 17:57:00,64,0.0301029996659,57.9792319634,0
2015-09-08 18:36:00,70,0.0301029996659,74.6931526041,0
2015-09-08 18:46:00,69,0.0301029996659,61.2223391217,0
2015-09-08 18:51:00,66,0.0301029996659,54.5117058108,0
2015-09-08 18:56:00,68,0.0301029996659,67.1176925626,0
2015-09-08 19:06:00,71,0.0301029996659,70.7474684858,0
2015-09-08 20:11:00,63,0.0301029996659,56.9724788868,0
2015-09-08 20:31:00,67,0.0301029996659,70.5256142751,0
2015-09-08 20:41:00,62,0.0301029996659,50.8550709376,0
2015-09-08 20:51:00,64,0.0301029996659,65.1398064835,0
2015-09-08 21:01:00,59,1.0,52.0543575692,0
2015-09-08 21:06:00,65,0.0301029996659,71.1769655471,0
2015-09-08 21:31:00,58,1.0,46.9065002982,0
2015-09-08 21:41:00,64,0.0301029996659,68.9149713086,0
2015-09-08 22:31:00,63,0.0301029996659,57.3360696369,0
2015-09-08 22:41:00,66,0.0301029996659,63.5390338916,0
2015-09-08 23:16:00,66,0.0301029996659,60.4715304009,0
2015-09-08 23:31:00,60,0.0301029996659,53.0603936012,0
2015-09-09 00:06:00,57,1.0,52.2411010941,0
2015-09-09 01:16:00,58,0.0301029996659,55.9260169614,0
2015-09-09 07:34:00,69,0.0301029996659,79.3583237996,0
2015-09-09 09:20:00,70,0.0301029996659,65.7907160291,0
2015-09-09 09:58:00,66,0.0301029996659,57.1811142136,0
2015-09-09 10:23:00,68,0.0301029996659,68.6753083037,0
2015-09-09 10:33:00,65,0.0301029996659,62.7231119613,0
2015-09-09 10:38:00,68,0.0301029996659,68.2686441858,0
2015-09-09 10:43:00,68,0.0301029996659,66.4744534962,0
2015-09-09 10:48:00,70,0.0301029996659,66.9905331896,0
2015-09-09 10:53:00,67,0.0301029996659,61.6134163676,0
2015-09-09 11:03:00,73,0.0301029996659,77.9283679328,0
2015-09-09 11:08:00,77,1.0,78.6778720236,0
2015-09-09 11:13:00,75,0.0301029996659,69.825795444,0
2015-09-09 11:18:00,71,0.0301029996659,65.0836379747,0
2015-09-09 11:23:00,73,0.0301029996659,75.3019419141,0
2015-09-09 11:43:00,68,0.0301029996659,60.392930991,0
2015-09-09 11:48:00,58,0.0301029996659,44.8651083263,0
2015-09-09 12:03:00,65,0.0301029996659,69.2507348621,0
2015-09-09 12:13:00,65,0.0301029996659,62.4985293402,0
2015-09-09 12:33:00,65,0.0301029996659,63.3463658196,0
2015-09-09 12:48:00,66,0.0301029996659,64.5540026285,0
2015-09-09 13:08:00,74,0.0301029996659,79.082472028,0
2015-09-09 13:33:00,64,0.0301029996659,52.1827293275,0
2015-09-09 13:38:00,68,0.0301029996659,71.0823264121,0
2015-09-09 13:43:00,65,0.0301029996659,60.0008055593,0
2015-09-09 13:48:00,69,0.0301029996659,71.4089489774,0
2015-09-09 13:53:00,70,0.0301029996659,66.1286804699,0
2015-09-09 13:58:00,64,0.0301029996659,56.0075094137,0
2015-09-09 14:08:00,65,0.0301029996659,63.2401827932,0
2015-09-09 14:13:00,67,0.0301029996659,64.7379946923,0
2015-09-09 14:38:00,68,0.0301029996659,66.7263171432,0
2015-09-09 14:48:00,66,0.0301029996659,60.8519453207,0
2015-09-09 14:53:00,63,0.0301029996659,58.4045781297,0
2015-09-09 15:03:00,68,0.0301029996659,72.4161684512,0
2015-09-09 15:08:00,68,0.0301029996659,66.2416452135,0
2015-09-09 15:13:00,73,0.0301029996659,78.8361259082,0
2015-09-09 15:18:00,79,1.0,83.6097614205,0
2015-09-09 15:23:00,64,0.0301029996659,45.8093116156,0
2015-09-09 15:28:00,67,0.0301029996659,67.3803982267,0
2015-09-09 15:38:00,62,0.0301029996659,54.900106,0
2015-09-09 15:43:00,68,0.0301029996659,71.0454521218,0
2015-09-09 15:48:00,70,0.0301029996659,70.7463599333,0
2015-09-09 16:08:00,67,0.0301029996659,63.4497335013,0
2015-09-09 16:13:00,70,0.0301029996659,71.9375801903,0
2015-09-09 16:23:00,65,0.0301029996659,56.8503910038,0
2015-09-09 16:33:00,67,0.0301029996659,66.4242514976,0
2015-09-09 16:43:00,71,0.0301029996659,73.6975017023,0
2015-09-09 16:48:00,69,0.0301029996659,63.9307893326,0
2015-09-09 16:53:00,64,0.0301029996659,58.0202350597,0
2015-09-09 16:58:00,63,0.0301029996659,62.2841407399,0
2015-09-09 17:03:00,62,0.0301029996659,59.7978865206,0
2015-09-09 17:08:00,55,1.0,46.1687984095,0
2015-09-09 17:13:00,48,1.0,39.8090616642,0
2015-09-09 17:18:00,56,0.0301029996659,63.1092271746,0
2015-09-09 17:23:00,51,0.0301029996659,42.7261825871,0
2015-09-09 17:28:00,60,0.0301029996659,70.3495244321,0
2015-09-09 17:33:00,43,1.0,24.2144426109,0
2015-09-09 17:38:00,62,0.0301029996659,83.7001632031,0
2015-09-09 17:43:00,70,0.0301029996659,78.1020869437,0
2015-09-09 17:48:00,65,0.0301029996659,59.1110625837,0
2015-09-09 17:58:00,70,0.0301029996659,73.5423648495,0
2015-09-09 18:03:00,67,0.0301029996659,60.9823786876,0
2015-09-09 18:13:00,70,0.0301029996659,72.1044270053,0
2015-09-09 18:18:00,67,0.0301029996659,63.0102005094,0
2015-09-09 18:23:00,69,0.0301029996659,70.6503709143,0
2015-09-09 18:28:00,69,0.0301029996659,68.318693518,0
2015-09-09 18:38:00,68,0.0301029996659,65.5245730529,0
2015-09-09 18:43:00,67,0.0301029996659,64.7245381025,0
2015-09-09 19:03:00,66,0.0301029996659,63.6837104602,0
2015-09-09 19:38:00,63,0.0301029996659,58.4044627416,0
2015-09-09 19:48:00,68,0.0301029996659,71.8630094845,0
2015-09-09 20:03:00,68,0.0301029996659,66.3046697005,0
2015-09-09 20:13:00,65,0.0301029996659,61.4261872888,0
2015-09-09 20:18:00,60,0.0301029996659,52.7515127106,0
2015-09-09 20:23:00,65,0.0301029996659,70.6001635274,0
2015-09-09 20:38:00,64,0.0301029996659,62.2162261225,0
2015-09-09 20:58:00,57,0.0301029996659,46.9238138155,0
2015-09-09 21:13:00,57,0.0301029996659,55.0125669031,0
2015-09-09 21:28:00,62,0.0301029996659,64.7206596281,0
2015-09-09 21:33:00,55,0.0301029996659,44.9024280207,0
2015-09-09 21:48:00,61,0.0301029996659,65.464828805,0
2015-09-09 21:53:00,61,0.0301029996659,60.1888053744,0
2015-09-09 22:33:00,58,0.0301029996659,53.4278507948,0
2015-09-09 22:41:00,65,0.0301029996659,70.9519611516,0
2015-09-09 23:38:00,65,0.0301029996659,64.3168547832,0
2015-09-09 23:53:00,62,0.0301029996659,58.388364561,0
2015-09-10 05:33:00,68,0.0301029996659,72.0224874095,0
2015-09-10 05:45:00,61,0.0301029996659,52.9702250233,0
2015-09-10 08:00:00,62,0.0301029996659,60.8284248151,0
2015-09-10 08:18:00,73,0.0301029996659,82.5416485981,0
2015-09-10 08:33:00,70,0.0301029996659,64.2563202516,0
2015-09-10 08:43:00,65,0.0301029996659,58.5817910298,0
2015-09-10 08:53:00,65,0.0301029996659,64.9980337628,0
2015-09-10 09:13:00,61,0.0301029996659,55.355290098,0
2015-09-10 09:23:00,64,0.0301029996659,65.330383148,0
2015-09-10 09:28:00,62,0.0301029996659,59.2639584832,0
2015-09-10 09:48:00,75,0.0301029996659,85.3549366817,0
2015-09-10 09:52:00,66,0.0301029996659,54.421370047,0
2015-09-10 10:02:00,71,0.0301029996659,74.2728433004,0
2015-09-10 10:07:00,66,0.0301029996659,59.3559524739,0
2015-09-10 10:22:00,67,0.0301029996659,67.0203158171,0
2015-09-10 10:27:00,65,0.0301029996659,62.5877061501,0
2015-09-10 10:32:00,67,0.0301029996659,68.577733523,0
2015-09-10 10:42:00,67,0.0301029996659,65.6264527919,0
2015-09-10 10:47:00,65,0.0301029996659,63.3156965527,0
2015-09-10 10:52:00,68,0.0301029996659,69.8787320708,0
2015-09-10 11:27:00,64,0.0301029996659,59.9844390194,0
2015-09-10 11:37:00,72,0.0301029996659,76.2997535592,0
2015-09-10 11:42:00,62,0.0559887017228,51.2342751713,0
2015-09-10 11:47:00,72,0.0559887017228,80.5814588956,0
2015-09-10 11:52:00,72,0.0559887017228,72.4713466553,0
2015-09-10 11:57:00,68,0.0559887017228,64.0054001193,0
2015-09-10 12:07:00,64,0.0559887017228,61.6261598611,0
2015-09-10 12:12:00,63,0.0559887017228,60.5406406383,0
2015-09-10 12:37:00,65,0.0559887017228,65.9262428594,0
2015-09-10 12:42:00,72,0.0559887017228,76.7343275323,0
2015-09-10 12:57:00,67,0.0559887017228,61.5721605082,0
2015-09-10 13:07:00,66,0.0559887017228,67.8795184093,0
2015-09-10 13:17:00,71,0.0559887017228,74.2020760273,0
2015-09-10 13:32:00,71,0.0559887017228,71.1477904488,0
2015-09-10 13:42:00,67,0.0559887017228,60.0814106293,0
2015-09-10 13:47:00,68,0.0559887017228,68.2653861219,0
2015-09-10 14:02:00,65,0.0559887017228,60.0233407822,0
2015-09-10 14:07:00,70,0.0559887017228,72.631551755,0
2015-09-10 14:17:00,71,0.0559887017228,71.9619026064,0
2015-09-10 14:32:00,65,0.0559887017228,58.8286863901,0
2015-09-10 14:37:00,69,0.0559887017228,70.4575875077,0
2015-09-10 14:42:00,69,0.0559887017228,68.421028995,0
2015-09-10 14:47:00,69,0.0559887017228,68.8299626911,0
2015-09-10 14:57:00,69,0.0559887017228,67.4412958498,0
2015-09-10 15:02:00,71,0.0559887017228,71.7390029061,0
2015-09-10 15:07:00,64,0.0559887017228,58.4977559176,0
2015-09-10 15:12:00,64,0.0559887017228,62.1331688152,0
2015-09-10 15:17:00,66,0.0559887017228,65.7559618483,0
2015-09-10 15:22:00,76,0.0559887017228,84.0079163298,0
2015-09-10 15:27:00,64,0.0559887017228,53.7474994402,0
2015-09-10 15:32:00,67,0.0559887017228,67.9924209329,0
2015-09-10 15:37:00,64,0.0559887017228,59.7148686261,0
2015-09-10 15:42:00,70,0.0559887017228,73.9123505396,0
2015-09-10 15:47:00,70,0.0504657501166,68.3965582441,0
2015-09-10 15:52:00,68,0.0504657501166,65.0959674731,0
2015-09-10 15:57:00,69,0.0504657501166,68.608335879,0
2015-09-10 16:02:00,68,0.0504657501166,65.4089911164,0
2015-09-10 16:12:00,68,0.0504657501166,66.655570436,0
2015-09-10 16:17:00,69,0.0504657501166,69.1907712479,0
2015-09-10 16:22:00,63,0.0504657501166,57.2701012946,0
2015-09-10 16:27:00,67,0.0504657501166,67.8655304201,0
2015-09-10 16:32:00,66,0.0504657501166,64.9008780691,0
2015-09-10 16:37:00,68,0.0504657501166,69.3074332885,0
2015-09-10 16:42:00,66,0.0504657501166,63.6891308763,0
2015-09-10 16:47:00,67,0.0504657501166,67.6726859658,0
2015-09-10 16:52:00,67,0.0504657501166,66.7110805314,0
2015-09-10 16:57:00,68,0.0504657501166,69.4995085502,0
2015-09-10 17:02:00,64,0.0504657501166,58.3324361159,0
2015-09-10 17:07:00,67,0.0504657501166,68.265547205,0
2015-09-10 17:12:00,62,0.0504657501166,57.841032983,0
2015-09-10 17:17:00,67,0.0504657501166,70.9171131144,0
2015-09-10 17:22:00,66,0.0504657501166,64.8136294158,0
2015-09-10 17:32:00,66,0.0504657501166,65.4388680829,0
2015-09-10 17:37:00,67,0.0504657501166,67.192825776,0
2015-09-10 17:42:00,62,0.0504657501166,57.7301234129,0
2015-09-10 17:47:00,63,0.0504657501166,61.7070690066,0
2015-09-10 17:52:00,66,0.0504657501166,68.5516728108,0
2015-09-10 18:07:00,69,0.0504657501166,70.8250533138,0
2015-09-10 18:12:00,70,0.0504657501166,70.4901324634,0
2015-09-10 18:17:00,70,0.0504657501166,69.4305350777,0
2015-09-10 18:22:00,67,0.0504657501166,63.4556781999,0
2015-09-10 18:37:00,66,0.0504657501166,64.1243514113,0
2015-09-10 18:42:00,68,0.0504657501166,68.548023804,0
2015-09-10 18:47:00,71,0.0504657501166,72.5374467092,0
2015-09-10 18:52:00,62,0.0504657501166,53.9386013177,0
2015-09-10 18:57:00,68,0.0504657501166,70.1970487009,0
2015-09-10 19:32:00,62,0.0504657501166,57.2087163777,0
2015-09-10 19:37:00,64,0.0504657501166,65.0089850712,0
2015-09-10 19:47:00,69,0.0504657501166,71.376214484,0
2015-09-10 19:57:00,63,0.0504657501166,58.5088335551,0
2015-09-10 20:02:00,64,0.0504657501166,62.7482920749,0
2015-09-10 21:02:00,62,0.0504657501166,59.9099982509,0
2015-09-10 21:12:00,69,0.0504657501166,73.0715528095,0
2015-09-10 21:27:00,65,0.0504657501166,62.1938700005,0
2015-09-10 21:57:00,56,0.0504657501166,48.7448853385,0
2015-09-10 22:12:00,64,0.0504657501166,70.0551286422,0
2015-09-10 23:42:00,70,0.0504657501166,74.6861291142,0
2015-09-10 23:47:00,61,0.0504657501166,53.6198817223,0
2015-09-11 05:27:00,64,0.0504657501166,63.7954767079,0
2015-09-11 05:47:00,68,0.0504657501166,69.6819322918,0
2015-09-11 06:17:00,65,0.0504657501166,62.5179289057,0
2015-09-11 06:37:00,70,0.0504657501166,73.165790624,0
2015-09-11 06:42:00,65,0.0504657501166,61.1591956415,0
2015-09-11 06:57:00,65,0.0504657501166,63.3256853483,0
2015-09-11 07:07:00,70,0.0504657501166,72.4918657436,0
2015-09-11 07:12:00,73,0.0504657501166,76.1253582903,0
2015-09-11 07:32:00,69,0.0504657501166,66.8669359452,0
2015-09-11 07:42:00,68,0.0504657501166,67.1084930773,0
2015-09-11 08:12:00,65,0.0504657501166,60.997226651,0
2015-09-11 08:42:00,68,0.0504657501166,67.5849033963,0
2015-09-11 08:47:00,69,0.0504657501166,68.996825492,0
2015-09-11 09:12:00,71,0.0504657501166,72.6931132919,0
2015-09-11 09:17:00,70,0.0504657501166,68.3732065155,0
2015-09-11 09:27:00,64,0.0504657501166,59.4528064026,0
2015-09-11 09:32:00,68,0.0504657501166,69.2964740768,0
2015-09-11 09:37:00,70,0.0504657501166,70.9555364535,0
2015-09-11 09:52:00,66,0.0504657501166,62.5370110605,0
2015-09-11 09:57:00,71,0.0504657501166,73.2474770594,0
2015-09-11 10:07:00,68,0.0504657501166,65.8253288637,0
2015-09-11 10:27:00,63,0.0504657501166,58.8114516869,0
2015-09-11 10:39:00,66,0.0504657501166,66.4618737683,0
2015-09-11 10:49:00,65,0.0504657501166,64.5346800866,0
2015-09-11 11:19:00,69,0.0504657501166,69.9679393996,0
2015-09-11 11:29:00,70,0.0504657501166,70.8096763364,0
2015-09-11 11:34:00,67,0.0504657501166,65.2024584103,0
2015-09-11 11:39:00,63,0.0504657501166,59.0584256481,0
2015-09-11 11:44:00,68,0.0504657501166,70.8163397884,0
2015-09-11 11:54:00,71,0.0504657501166,73.1848391262,0
2015-09-11 12:04:00,60,0.0504657501166,52.0623988487,0
2015-09-11 12:14:00,81,1.0,92.9503175002,0
2015-09-11 12:39:00,69,0.0504657501166,60.773609815,0
2015-09-11 12:44:00,71,0.0504657501166,71.4565068819,0
2015-09-11 12:49:00,64,0.0504657501166,57.4989280506,0
2015-09-11 12:54:00,65,0.0504657501166,64.3030403919,0
2015-09-11 12:59:00,69,0.0504657501166,70.4681541843,0
2015-09-11 13:09:00,66,0.0504657501166,64.2309865206,0
2015-09-11 13:24:00,65,0.0504657501166,63.5424642256,0
2015-09-11 13:29:00,67,0.0504657501166,67.5401948514,0
2015-09-11 13:39:00,67,0.0504657501166,67.0007516646,0
2015-09-11 13:44:00,66,0.0504657501166,65.5365796048,0
2015-09-11 13:49:00,69,0.0504657501166,69.8183859231,0
2015-09-11 13:54:00,70,0.0504657501166,70.8579188127,0
2015-09-11 14:04:00,65,0.0504657501166,61.1817054458,0
2015-09-11 14:14:00,68,0.0504657501166,68.6413514177,0
2015-09-11 14:19:00,68,0.0504657501166,68.0112890655,0
2015-09-11 14:24:00,66,0.0504657501166,63.973932371,0
2015-09-11 14:29:00,67,0.0504657501166,66.5508258595,0
2015-09-11 14:39:00,66,0.0504657501166,64.7213745967,0
2015-09-11 14:44:00,67,0.0504657501166,66.0800350632,0
2015-09-11 14:54:00,66,0.0504657501166,64.382239038,0
2015-09-11 14:59:00,65,0.0504657501166,63.9071529016,0
2015-09-11 15:09:00,69,0.0504657501166,72.0004199197,0
2015-09-11 15:14:00,69,0.0504657501166,69.010457267,0
2015-09-11 15:19:00,70,0.0435088650484,69.8437042964,0
2015-09-11 15:24:00,67,0.0435088650484,64.9221144061,0
2015-09-11 15:29:00,68,0.0435088650484,67.6860499241,0
2015-09-11 15:34:00,64,0.0435088650484,60.1041677954,1
2015-09-11 15:39:00,66,0.0435088650484,66.3295071826,1
2015-09-11 15:44:00,66,0.0435088650484,65.2982370977,1
2015-09-11 15:49:00,62,0.0435088650484,58.9525430107,1
2015-09-11 15:54:00,66,0.0435088650484,66.8936366892,1
2015-09-11 15:59:00,60,0.0435088650484,54.3955734571,1
2015-09-11 16:04:00,66,0.0435088650484,69.6395631322,1
2015-09-11 16:09:00,68,0.0435088650484,69.0644855803,1
2015-09-11 16:14:00,64,0.0435088650484,61.2042746372,1
2015-09-11 16:19:00,66,0.0435088650484,66.0936209992,1
2015-09-11 16:24:00,60,0.0435088650484,55.7615933966,1
2015-09-11 16:29:00,70,0.0435088650484,75.4509149201,1
2015-09-11 16:34:00,65,0.0435088650484,61.4134610737,1
2015-09-11 16:39:00,59,0.0435088650484,54.5027714247,1
2015-09-11 16:44:00,23,1.0,-8.05994170542,1
2015-09-11 16:49:00,52,0.0524094478511,68.9544677628,1
2015-09-11 16:54:00,56,0.0524094478511,60.6704595147,1
2015-09-11 16:59:00,67,0.0524094478511,75.9678188351,1
2015-09-11 17:04:00,63,0.0524094478511,58.7159069856,1
2015-09-11 17:09:00,61,0.0524094478511,59.643542057,1
2015-09-11 17:14:00,65,0.0524094478511,65.7965416699,1
2015-09-11 17:19:00,63,0.0524094478511,61.5031419475,1
2015-09-11 17:24:00,62,0.0524094478511,59.8016455376,1
2015-09-11 17:29:00,66,0.0524094478511,69.3729557291,1
2015-09-11 17:34:00,62,0.0460240385705,60.303741002,1
2015-09-11 17:39:00,70,0.0435088650484,76.7915653706,1
2015-09-11 17:44:00,68,0.0435088650484,67.0678093583,1
2015-09-11 17:49:00,69,0.0435088650484,70.3119815415,1
2015-09-11 17:54:00,69,0.0435088650484,67.9233222815,1
2015-09-11 17:59:00,69,0.0435088650484,67.6060972486,0
2015-09-11 18:04:00,64,0.0435088650484,61.3000996502,0
2015-09-11 18:09:00,68,0.0435088650484,70.5030708247,0
2015-09-11 18:11:00,70,0.0435088650484,71.559794111,0
2015-09-11 18:16:00,65,0.0435088650484,61.6281683908,0
2015-09-11 18:21:00,70,0.0435088650484,72.9279520484,0
2015-09-11 18:26:00,67,0.0435088650484,65.0045753435,0
2015-09-11 18:31:00,64,0.0435088650484,60.684547971,0
2015-09-11 18:36:00,67,0.0435088650484,68.4999231517,0
2015-09-11 18:41:00,67,0.0435088650484,68.4304221551,0
2015-09-11 18:51:00,68,0.0435088650484,69.6361125061,0
2015-09-11 18:56:00,68,0.0435088650484,68.7835671924,0
2015-09-11 19:01:00,68,0.0435088650484,66.7940365622,0
2015-09-11 19:26:00,63,0.0435088650484,57.3605410797,0
2015-09-11 19:41:00,62,0.0435088650484,58.8530184313,0
2015-09-11 19:46:00,69,0.0435088650484,73.7554325057,0
2015-09-11 20:01:00,61,0.0435088650484,54.5607226844,0
2015-09-11 20:06:00,58,0.0435088650484,54.6956531765,0
2015-09-11 20:16:00,61,0.0435088650484,62.1014992442,0
2015-09-11 20:26:00,63,0.0435088650484,66.10041652,0
2015-09-11 20:36:00,62,0.0435088650484,60.5502568391,0
2015-09-11 20:46:00,66,0.0435088650484,66.4595635501,0
2015-09-11 20:51:00,65,0.0435088650484,63.1052662847,0
2015-09-11 21:01:00,60,0.0435088650484,55.9067312236,0
2015-09-11 21:21:00,64,0.0435088650484,66.3659077078,0
2015-09-11 21:51:00,59,0.0435088650484,52.9582114986,0
2015-09-11 21:56:00,56,0.0435088650484,51.1875128268,0
2015-09-11 21:59:00,47,0.0435088650484,38.5365738928,0
2015-09-11 22:16:00,60,0.0435088650484,69.6572114522,0
2015-09-11 22:41:00,56,0.0435088650484,53.929573714,0
2015-09-11 23:41:00,57,0.0435088650484,57.9338172121,0
2015-09-12 00:16:00,79,0.0435088650484,94.3007001996,0
2015-09-12 00:46:00,62,0.0435088650484,53.9774954485,0
2015-09-12 02:56:00,64,0.0435088650484,63.6736940925,0
2015-09-12 03:41:00,58,0.0435088650484,51.9053953371,0
2015-09-12 05:06:00,78,0.0435088650484,88.2050584537,0
2015-09-12 06:51:00,75,0.0435088650484,70.021194404,0
2015-09-12 07:11:00,71,0.0435088650484,65.0549943996,0
2015-09-12 07:41:00,70,0.0435088650484,69.1534250018,0
2015-09-12 07:51:00,73,0.0435088650484,74.9100088893,0
2015-09-12 08:01:00,70,0.0435088650484,68.4052826963,0
2015-09-12 08:16:00,70,0.0435088650484,68.3135966972,0
2015-09-12 08:46:00,80,0.0435088650484,86.4341271544,0
2015-09-12 08:56:00,66,0.0435088650484,54.9532199212,0
2015-09-12 09:16:00,68,0.0435088650484,66.2916347283,0
2015-09-12 09:21:00,76,0.0435088650484,81.0989646743,0
2015-09-12 09:26:00,66,0.0435088650484,57.6442390593,0
2015-09-12 09:56:00,69,0.0435088650484,68.447435049,0
2015-09-12 10:06:00,69,0.0435088650484,67.3777895039,0
2015-09-12 10:16:00,70,0.0435088650484,71.2920846528,0
2015-09-12 10:46:00,72,0.0435088650484,72.6006816808,0
2015-09-12 10:51:00,67,0.0435088650484,65.3598048673,0
2015-09-12 10:56:00,71,0.0435088650484,71.8594642629,0
2015-09-12 11:06:00,64,0.0435088650484,59.2299086296,0
2015-09-12 11:31:00,67,0.0435088650484,70.7722189751,0
2015-09-12 11:41:00,75,0.0435088650484,80.0971234001,0
2015-09-12 11:46:00,68,0.0435088650484,62.5619049324,0
2015-09-12 12:06:00,67,0.0435088650484,63.7554509599,0
2015-09-12 12:11:00,71,0.0435088650484,72.2335904591,0
2015-09-12 12:16:00,65,0.0435088650484,59.6474406156,0
2015-09-12 12:26:00,67,0.0435088650484,67.668899539,0
2015-09-12 12:31:00,77,0.0435088650484,85.4728340263,0
2015-09-12 12:36:00,67,0.0435088650484,60.1668441932,0
2015-09-12 12:46:00,67,0.0435088650484,66.9004828761,0
2015-09-12 12:51:00,68,0.0435088650484,69.829228988,0
2015-09-12 13:06:00,70,0.0435088650484,71.8554061543,0
2015-09-12 13:11:00,67,0.0435088650484,64.0818514313,0
2015-09-12 13:16:00,62,0.0435088650484,57.4550305201,0
2015-09-12 13:21:00,67,0.0404012503478,68.4810327104,0
2015-09-12 13:36:00,67,0.0404012503478,65.9485606994,0
2015-09-12 13:41:00,65,0.0404012503478,64.5655684493,0
2015-09-12 14:16:00,73,0.0404012503478,77.8938344276,0
2015-09-12 14:21:00,69,0.0404012503478,65.7547260465,0
2015-09-12 14:31:00,70,0.0404012503478,69.6010737725,0
2015-09-12 14:41:00,70,0.0404012503478,68.9868846779,0
2015-09-12 14:56:00,69,0.0404012503478,68.946304001,0
2015-09-12 15:01:00,72,0.0404012503478,73.652669309,0
2015-09-12 15:11:00,70,0.0404012503478,68.6270361191,0
2015-09-12 15:16:00,64,0.0404012503478,58.3509726221,0
2015-09-12 15:21:00,68,0.0404012503478,69.3429628813,0
2015-09-12 15:31:00,66,0.0404012503478,65.2622023191,0
2015-09-12 15:36:00,72,0.0404012503478,76.2514089056,0
2015-09-12 15:41:00,71,0.0404012503478,69.1656549533,0
2015-09-12 15:46:00,68,0.0404012503478,64.4300238405,0
2015-09-12 15:51:00,66,0.0404012503478,62.1454668219,0
2015-09-12 15:56:00,70,0.0404012503478,71.6509796333,0
2015-09-12 16:01:00,68,0.0404012503478,67.8409775719,0
2015-09-12 16:11:00,65,0.0404012503478,62.1862596917,0
2015-09-12 16:16:00,72,0.0404012503478,76.0705232772,0
2015-09-12 16:21:00,65,0.0404012503478,60.1638133346,0
2015-09-12 16:31:00,71,0.0404012503478,73.7222367551,0
2015-09-12 16:36:00,65,0.0404012503478,60.764622288,0
2015-09-12 16:41:00,64,0.0404012503478,61.9151297985,0
2015-09-12 16:46:00,69,0.0404012503478,71.5585275746,0
2015-09-12 16:51:00,68,0.0404012503478,68.3995576399,0
2015-09-12 16:56:00,72,0.0404012503478,72.4056571033,0
2015-09-12 17:01:00,71,0.0404012503478,70.2717752386,0
2015-09-12 17:06:00,69,0.0404012503478,67.1005862606,0
2015-09-12 17:21:00,71,0.0404012503478,71.0349596794,0
2015-09-12 17:46:00,69,0.0404012503478,66.5050074982,0
2015-09-12 18:21:00,73,0.0404012503478,74.7539789559,0
2015-09-12 18:41:00,70,0.0404012503478,67.8128746929,0
2015-09-12 19:01:00,68,0.0404012503478,65.6605381395,0
2015-09-12 19:21:00,62,0.0404012503478,57.2522051293,0
2015-09-12 19:26:00,69,0.0404012503478,72.2589967945,0
2015-09-12 19:46:00,72,0.0404012503478,74.8092641844,0
2015-09-12 19:51:00,65,0.0404012503478,59.6637541288,0
2015-09-12 20:06:00,60,0.0404012503478,57.0672187619,0
2015-09-12 20:31:00,62,0.0404012503478,61.7702941005,0
2015-09-12 20:51:00,66,0.0404012503478,68.2703556192,0
2015-09-12 21:21:00,68,0.0404012503478,69.5320505867,0
2015-09-12 21:36:00,63,0.0404012503478,59.2437210113,0
2015-09-12 21:51:00,70,0.0404012503478,72.2848153904,0
2015-09-12 22:46:00,74,0.0404012503478,75.9656099757,0
2015-09-12 23:01:00,62,0.0404012503478,55.4485664945,0
2015-09-12 23:06:00,59,0.0404012503478,54.2387526221,0
2015-09-12 23:31:00,59,0.0404012503478,58.3661898061,0
2015-09-13 06:31:00,62,0.0404012503478,62.7033529161,0
2015-09-13 07:51:00,70,0.0404012503478,76.5605913006,0
2015-09-13 08:01:00,62,0.0404012503478,58.594601796,0
2015-09-13 08:26:00,67,0.0404012503478,69.664355339,0
2015-09-13 09:21:00,69,0.0404012503478,71.033191195,0
2015-09-13 09:26:00,72,0.0404012503478,74.4976386428,0
2015-09-13 09:41:00,67,0.0404012503478,64.6987867013,0
2015-09-13 10:06:00,69,0.0404012503478,69.1390941925,0
2015-09-13 10:11:00,72,0.0404012503478,73.1331596852,0
2015-09-13 10:16:00,65,0.0404012503478,59.7859257647,0
2015-09-13 10:46:00,76,0.0404012503478,84.6680750287,0
2015-09-13 10:51:00,67,0.0404012503478,62.8876225158,0
2015-09-13 10:56:00,72,0.0404012503478,74.3086055916,0
2015-09-13 11:06:00,70,0.0404012503478,68.4248767303,0
2015-09-13 11:11:00,65,0.0404012503478,61.2956790966,0
2015-09-13 11:26:00,71,0.0404012503478,74.4736265628,0
2015-09-13 11:31:00,69,0.0404012503478,68.2955713803,0
2015-09-13 11:46:00,64,0.0404012503478,59.4600849705,0
2015-09-13 11:51:00,67,0.0404012503478,67.3300791132,0
2015-09-13 11:56:00,69,0.0404012503478,70.2207587317,0
2015-09-13 12:06:00,66,0.0404012503478,63.8560219505,0
2015-09-13 12:21:00,73,0.0404012503478,77.1484015216,0
2015-09-13 12:26:00,70,0.0404012503478,68.4873445052,0
2015-09-13 12:31:00,66,0.0404012503478,62.8212736501,0
2015-09-13 12:41:00,66,0.0404012503478,64.5056838911,0
2015-09-13 12:53:00,66,0.0404012503478,64.9441761336,0
2015-09-13 12:58:00,70,0.0404012503478,71.3903889429,0
2015-09-13 13:03:00,67,0.0404012503478,65.4934513942,0
2015-09-13 13:08:00,72,0.0404012503478,75.0634756926,0
2015-09-13 13:13:00,69,0.0404012503478,67.507416593,0
2015-09-13 13:18:00,66,0.0404012503478,63.310842975,0
2015-09-13 13:23:00,68,0.0404012503478,69.443943116,0
2015-09-13 13:28:00,65,0.0404012503478,62.9958718493,0
2015-09-13 13:38:00,67,0.0404012503478,67.2999693794,0
2015-09-13 13:43:00,64,0.0404012503478,61.7485409432,0
2015-09-13 13:53:00,66,0.0404012503478,65.4380794301,0
2015-09-13 13:58:00,68,0.0404012503478,68.8815086408,0
2015-09-13 14:13:00,68,0.0404012503478,67.9383105787,0
2015-09-13 14:23:00,67,0.0404012503478,66.047100583,0
2015-09-13 14:28:00,59,0.0404012503478,53.1267858803,0
2015-09-13 14:38:00,64,0.0404012503478,67.1142949984,0
2015-09-13 14:48:00,67,0.0404012503478,69.70566489,0
2015-09-13 14:53:00,65,0.0404012503478,63.201702964,0
2015-09-13 15:13:00,67,0.0404012503478,67.7505564056,0
2015-09-13 15:23:00,66,0.0404012503478,65.0935016431,0
2015-09-13 15:28:00,68,0.0404012503478,68.8658996083,0
2015-09-13 15:33:00,66,0.0404012503478,64.8163398896,0
2015-09-13 15:38:00,72,0.0404012503478,76.4777922218,0
2015-09-13 15:43:00,71,0.0404012503478,70.1626740668,0
2015-09-13 15:48:00,69,0.0404012503478,66.812141967,0
2015-09-13 16:03:00,61,0.0404012503478,55.1782344796,0
2015-09-13 16:08:00,67,0.0388795336903,68.2279844972,0
2015-09-13 16:18:00,66,0.0388795336903,65.463471733,0
2015-09-13 16:28:00,74,0.0388795336903,78.2095520325,0
2015-09-13 16:48:00,65,0.0388795336903,61.3269297374,0
2015-09-13 16:53:00,69,0.0388795336903,70.8029316602,0
2015-09-13 16:58:00,64,0.0388795336903,60.6361819307,0
2015-09-13 17:03:00,67,0.0388795336903,67.5543431099,0
2015-09-13 17:13:00,69,0.0388795336903,70.3186107458,0
2015-09-13 17:18:00,62,0.0388795336903,57.3805635208,0
2015-09-13 17:23:00,63,0.0388795336903,61.8760786927,0
2015-09-13 17:43:00,73,0.0388795336903,78.932141074,0
2015-09-13 17:48:00,64,0.0388795336903,60.0837260023,0
2015-09-13 17:53:00,67,0.0388795336903,67.8728628532,0
2015-09-13 17:58:00,65,0.0388795336903,63.9503749127,0
2015-09-13 18:08:00,67,0.0388795336903,67.2527316157,0
2015-09-13 18:18:00,65,0.0388795336903,63.3778951069,0
2015-09-13 18:23:00,74,0.0388795336903,80.1295372274,0
2015-09-13 18:33:00,65,0.0388795336903,60.5408703321,0
2015-09-13 18:38:00,70,0.0388795336903,71.6747503804,0
2015-09-13 18:43:00,70,0.0388795336903,70.0124337703,0
2015-09-13 18:48:00,69,0.0388795336903,67.8097006514,0
2015-09-13 18:58:00,69,0.0388795336903,68.1504986166,0
2015-09-13 19:08:00,63,0.0388795336903,59.0871090882,0
2015-09-13 19:13:00,63,0.0388795336903,60.8112666682,0
2015-09-13 19:33:00,65,0.0388795336903,65.9012885072,0
2015-09-13 19:43:00,56,0.0388795336903,50.4118586868,0
2015-09-13 19:48:00,69,0.0388795336903,74.8737309301,0
2015-09-13 20:13:00,63,0.0388795336903,60.1318609291,0
2015-09-13 20:33:00,66,0.0388795336903,68.031518821,0
2015-09-13 20:43:00,66,0.0388795336903,66.8921547172,0
2015-09-13 20:48:00,64,0.0388795336903,62.4589374024,0
2015-09-13 21:08:00,68,0.0388795336903,69.7143330437,0
2015-09-13 21:28:00,55,0.0388795336903,46.6587597748,0
2015-09-13 22:48:00,75,0.0388795336903,86.0769469475,0
2015-09-13 22:53:00,69,0.0388795336903,66.8786679163,0
2015-09-13 23:33:00,62,0.0388795336903,56.6883657512,0
2015-09-14 00:33:00,68,0.0388795336903,70.4400349432,0
2015-09-14 05:53:00,66,0.0388795336903,65.3868593572,0
2015-09-14 06:18:00,66,0.0388795336903,65.6058580254,0
2015-09-14 06:28:00,75,0.0388795336903,79.8352644991,0
2015-09-14 06:48:00,65,0.0388795336903,61.2601796932,0
2015-09-14 06:53:00,68,0.0388795336903,68.9288642452,0
2015-09-14 06:58:00,71,0.0388795336903,73.1261107395,0
2015-09-14 07:08:00,69,0.0388795336903,67.7491021374,0
2015-09-14 07:28:00,67,0.0388795336903,64.8227423694,0
2015-09-14 07:33:00,68,0.0388795336903,67.6653107761,0
2015-09-14 07:38:00,67,0.0388795336903,66.2951376003,0
2015-09-14 07:48:00,71,0.0388795336903,73.1518137256,0
2015-09-14 07:58:00,67,0.0388795336903,65.9335214341,0
2015-09-14 08:13:00,65,0.0388795336903,63.8343560883,0
2015-09-14 08:28:00,66,0.0388795336903,65.5247936524,0
2015-09-14 08:33:00,64,0.0388795336903,62.7423191914,0
2015-09-14 08:48:00,60,0.0388795336903,57.3550996496,0
2015-09-14 08:53:00,69,0.0388795336903,72.5983204934,0
2015-09-14 09:03:00,66,0.0388795336903,65.1550983058,0
2015-09-14 09:08:00,73,0.0388795336903,77.5480368635,0
2015-09-14 09:13:00,70,0.0388795336903,68.9767416083,0
2015-09-14 09:23:00,72,0.0388795336903,72.9644175016,0
2015-09-14 09:28:00,62,0.0388795336903,54.8456982553,0
2015-09-14 09:33:00,70,0.0388795336903,72.7121136835,0
2015-09-14 09:38:00,69,0.0388795336903,68.1821580083,0
2015-09-14 09:43:00,69,0.0388795336903,69.0283122878,0
2015-09-14 09:48:00,69,0.0388795336903,68.2666835712,0
2015-09-14 09:53:00,71,0.0388795336903,71.3312009663,0
2015-09-14 09:58:00,68,0.0388795336903,66.6805169391,0
2015-09-14 10:13:00,63,0.0388795336903,59.7432392728,0
2015-09-14 10:18:00,68,0.0388795336903,69.6619823977,0
2015-09-14 10:23:00,68,0.0388795336903,68.0178094115,0
2015-09-14 10:28:00,66,0.0388795336903,64.4117019058,0
2015-09-14 10:33:00,70,0.0388795336903,71.4509708905,0
2015-09-14 10:43:00,70,0.0388795336903,70.5048393959,0
2015-09-14 10:48:00,65,0.0388795336903,60.8471199292,0
2015-09-14 11:03:00,74,0.0388795336903,78.1645538309,0
2015-09-14 11:13:00,67,0.0388795336903,63.6434015684,0
2015-09-14 11:18:00,64,0.0388795336903,60.5726829678,0
2015-09-14 11:23:00,70,0.0388795336903,73.0924920155,0
2015-09-14 11:28:00,70,0.0388795336903,70.5026026382,0
2015-09-14 11:33:00,66,0.0388795336903,63.4700567532,0
2015-09-14 11:43:00,67,0.0388795336903,66.6224593596,0
2015-09-14 12:03:00,63,0.0388795336903,59.9356840106,0
2015-09-14 12:08:00,70,0.0388795336903,72.6089637516,0
2015-09-14 12:13:00,63,0.0388795336903,59.3876540144,0
2015-09-14 12:23:00,71,0.0388795336903,74.9819163961,0
2015-09-14 12:28:00,62,0.0388795336903,56.3382500318,0
2015-09-14 12:38:00,67,0.0388795336903,68.6635405147,0
2015-09-14 12:43:00,68,0.0388795336903,68.737349238,0
2015-09-14 12:48:00,73,0.0388795336903,75.8194990041,0
2015-09-14 12:53:00,67,0.0388795336903,63.8108482153,0
2015-09-14 13:15:00,65,0.0388795336903,63.8740911486,0
2015-09-14 13:20:00,63,0.0388795336903,60.5300140368,0
2015-09-14 13:25:00,72,0.0388795336903,76.3829285509,0
2015-09-14 13:35:00,65,0.0388795336903,62.4967744094,0
2015-09-14 13:40:00,64,0.0388795336903,62.8598893761,0
2015-09-14 13:45:00,71,0.0388795336903,74.9738893286,0
2015-09-14 13:50:00,66,0.0388795336903,64.6684543915,0
2015-09-14 13:55:00,59,0.0388795336903,54.1305185052,0
2015-09-14 14:15:00,57,0.0388795336903,53.5833006022,0
2015-09-14 14:20:00,66,0.0388795336903,69.7406992926,0
2015-09-14 14:25:00,71,0.0388795336903,75.1752988398,0
2015-09-14 14:35:00,69,0.0388795336903,68.7190287782,0
2015-09-14 14:40:00,67,0.0378688407516,66.3732608287,0
2015-09-14 14:45:00,66,0.0378688407516,65.2171046836,0
2015-09-14 14:50:00,67,0.0378688407516,66.8386451177,0
2015-09-14 14:55:00,65,0.0378688407516,64.2157121212,0
2015-09-14 15:00:00,70,0.0378688407516,71.103248666,0
2015-09-14 15:10:00,66,0.0378688407516,64.1965418094,0
2015-09-14 15:15:00,66,0.0378688407516,65.2355383156,0
2015-09-14 15:20:00,61,0.0378688407516,57.510409572,0
2015-09-14 15:30:00,68,0.0378688407516,70.9984819859,0
2015-09-14 15:35:00,69,0.0378688407516,69.4474190848,0
2015-09-14 15:40:00,63,0.0378688407516,58.8212594873,0
2015-09-14 15:50:00,67,0.0378688407516,66.6740826791,0
2015-09-14 15:55:00,66,0.0378688407516,65.3531012651,0
2015-09-14 16:00:00,65,0.0378688407516,63.7035817601,0
2015-09-14 16:05:00,67,0.0378688407516,68.1906169531,0
2015-09-14 16:20:00,65,0.0378688407516,64.0859710196,0
2015-09-14 16:25:00,66,0.0378688407516,65.8586542882,0
2015-09-14 16:30:00,65,0.0378688407516,63.7443832747,0
2015-09-14 16:35:00,64,0.0378688407516,63.4431198609,0
2015-09-14 16:40:00,66,0.0378688407516,66.4795319776,0
2015-09-14 16:45:00,62,0.0378688407516,60.0791501128,0
2015-09-14 16:50:00,65,0.0378688407516,66.1804259401,0
2015-09-14 16:55:00,67,0.0378688407516,68.3191570832,0
2015-09-14 17:00:00,59,0.0378688407516,53.6680018007,0
2015-09-14 17:05:00,36,0.0378688407516,21.3353457254,0
2015-09-14 17:10:00,21,0.0378688407516,7.36071637427,0
2015-09-14 17:15:00,52,0.0378688407516,70.057054383,0
2015-09-14 17:20:00,60,0.0378688407516,69.9074740474,0
2015-09-14 17:25:00,51,0.0378688407516,45.2610411641,0
2015-09-14 17:30:00,68,0.0378688407516,77.6333936109,0
2015-09-14 17:35:00,60,0.0378688407516,56.1878873369,0
2015-09-14 17:40:00,42,0.0378688407516,28.0386815085,0
2015-09-14 17:45:00,65,0.0378688407516,77.5686766031,0
2015-09-14 17:50:00,59,0.0378688407516,56.0036466789,0
2015-09-14 17:55:00,69,0.0378688407516,75.0259098601,0
2015-09-14 18:00:00,68,0.0378688407516,68.3597466978,0
2015-09-14 18:05:00,66,0.0378688407516,66.7452801378,0
2015-09-14 18:10:00,66,0.0378688407516,67.1921120347,0
2015-09-14 18:20:00,66,0.0378688407516,66.7396793793,0
2015-09-14 18:25:00,68,0.0378688407516,69.1704392088,0
2015-09-14 18:30:00,67,0.0378688407516,65.7530224916,0
2015-09-14 18:35:00,67,0.0378688407516,66.3110446441,0
2015-09-14 18:45:00,65,0.0378688407516,63.2719053021,0
2015-09-14 18:50:00,66,0.0378688407516,66.9344956704,0
2015-09-14 19:01:00,68,0.0378688407516,69.9706498488,0
2015-09-14 19:05:00,68,0.0378688407516,67.2131874264,0
2015-09-14 19:15:00,66,0.0378688407516,61.2627969569,0
2015-09-14 19:20:00,69,0.0378688407516,71.1563557751,0
2015-09-14 19:30:00,64,0.0378688407516,61.1385891947,0
2015-09-14 19:35:00,68,0.0378688407516,70.6344406628,0
2015-09-14 19:45:00,65,0.0378688407516,62.8341144105,0
2015-09-14 20:00:00,65,0.0378688407516,64.2881323888,0
2015-09-14 20:10:00,66,0.0378688407516,65.5614350244,0
2015-09-14 20:15:00,58,0.0378688407516,52.043777319,0
2015-09-14 20:20:00,71,0.0378688407516,81.1908254201,0
2015-09-14 20:25:00,61,0.0378688407516,57.7475936442,0
2015-09-14 20:30:00,72,0.0378688407516,78.5933975173,0
2015-09-14 20:35:00,64,0.0378688407516,57.662451873,0
2015-09-14 20:40:00,64,0.0378688407516,62.537096276,0
2015-09-14 20:45:00,67,0.0378688407516,67.7817619457,0
2015-09-14 20:50:00,65,0.0378688407516,63.7322225916,0
2015-09-14 21:30:00,65,0.0378688407516,64.154210094,0
2015-09-14 21:35:00,65,0.0378688407516,64.1258739947,0
2015-09-14 21:45:00,74,0.0378688407516,79.1945511567,0
2015-09-14 22:06:00,61,0.0378688407516,51.2390703275,0
2015-09-14 22:21:00,60,0.0378688407516,58.8110641842,0
2015-09-14 22:30:00,64,0.0378688407516,67.2420508816,0
2015-09-14 22:40:00,66,0.0378688407516,68.5507385952,0
2015-09-14 22:45:00,66,0.0378688407516,67.0237435868,0
2015-09-14 22:50:00,70,0.0378688407516,71.4251873225,0
2015-09-15 03:45:00,62,0.0378688407516,55.4400153652,0
2015-09-15 04:10:00,64,0.0378688407516,64.9333511796,0
2015-09-15 04:31:00,61,0.0378688407516,59.7220983539,0
2015-09-15 04:55:00,90,1.0,109.847759344,0
2015-09-15 05:26:00,60,0.0378688407516,41.5953496548,0
2015-09-15 05:31:00,66,0.0378688407516,64.9953570982,0
2015-09-15 05:41:00,63,0.0378688407516,59.3637165275,0
2015-09-15 05:46:00,76,0.0378688407516,84.2289465029,0
2015-09-15 05:51:00,56,0.0378688407516,46.2490902047,0
2015-09-15 06:05:00,72,0.0378688407516,79.4142021155,0
2015-09-15 06:45:00,66,0.0378688407516,63.8396442737,0
2015-09-15 07:06:00,67,0.0378688407516,67.6869768153,0
2015-09-15 07:11:00,63,0.0378688407516,59.475155874,0
2015-09-15 07:16:00,67,0.0378688407516,67.9685988133,0
2015-09-15 07:21:00,70,0.0378688407516,72.0326028085,0
2015-09-15 07:26:00,70,0.0378688407516,70.7829049806,0
2015-09-15 07:31:00,71,0.0378688407516,70.4644951363,0
2015-09-15 07:46:00,62,0.0378688407516,55.8428225405,0
2015-09-15 07:51:00,69,0.0378688407516,70.8513945279,0
2015-09-15 07:56:00,67,0.0378688407516,66.5957106644,0
2015-09-15 08:11:00,66,0.0378688407516,64.8139882363,0
2015-09-15 08:21:00,65,0.0378688407516,63.5938745913,0
2015-09-15 08:26:00,61,0.0378688407516,57.4157650571,0
2015-09-15 08:31:00,68,0.0378688407516,70.6735995848,0
2015-09-15 08:41:00,66,0.0378688407516,67.4793054865,0
2015-09-15 08:46:00,67,0.0378688407516,68.0857551207,0
2015-09-15 08:51:00,66,0.0378688407516,65.1365514195,0
2015-09-15 08:56:00,66,0.0378688407516,64.3554745481,0
2015-09-15 09:01:00,70,0.0378688407516,71.2605188464,0
2015-09-15 09:06:00,71,0.0378688407516,70.770704035,0
2015-09-15 09:16:00,65,0.0371366793235,62.4425049018,0
2015-09-15 09:21:00,63,0.0371366793235,62.249716297,0
2015-09-15 09:31:00,63,0.0371366793235,62.4666388616,0
2015-09-15 09:36:00,63,0.0371366793235,61.7772974084,0
2015-09-15 09:41:00,62,0.0371366793235,61.1179385646,0
2015-09-15 09:46:00,65,0.0371366793235,67.1490728798,0
2015-09-15 09:51:00,61,0.0371366793235,60.0589164641,0
2015-09-15 10:01:00,72,0.0371366793235,77.3315760191,0
2015-09-15 10:16:00,67,0.0371366793235,65.7342887193,0
2015-09-15 10:26:00,66,0.0371366793235,65.110231612,0
2015-09-15 10:31:00,74,0.0371366793235,77.7325293583,0
2015-09-15 10:36:00,66,0.0371366793235,61.7921058177,0
2015-09-15 10:41:00,70,0.0371366793235,71.1961459866,0
2015-09-15 10:46:00,67,0.0371366793235,65.7086031464,0
2015-09-15 11:06:00,68,0.0371366793235,67.1966976387,0
2015-09-15 11:11:00,66,0.0371366793235,64.2975706342,0
2015-09-15 11:16:00,65,0.0371366793235,63.3838965776,0
2015-09-15 11:21:00,60,0.0371366793235,56.7262872271,0
2015-09-15 11:31:00,66,0.0371366793235,67.4920167809,0
2015-09-15 11:36:00,67,0.0371366793235,68.3516804552,0
2015-09-15 11:41:00,66,0.0371366793235,62.7269170564,0
2015-09-15 11:46:00,67,0.0371366793235,66.1031655814,0
2015-09-15 11:51:00,66,0.0371366793235,64.8709354534,0
2015-09-15 11:56:00,67,0.0371366793235,66.3240042819,0
2015-09-15 12:06:00,69,0.0371366793235,69.7764457603,0
2015-09-15 12:11:00,69,0.0371366793235,69.032423126,0
2015-09-15 12:16:00,71,0.0371366793235,70.9889274322,0
2015-09-15 12:21:00,64,0.0371366793235,59.8375520268,0
2015-09-15 12:26:00,69,0.0371366793235,70.8926655886,0
2015-09-15 12:31:00,68,0.0371366793235,67.4394309803,0
2015-09-15 12:36:00,67,0.0371366793235,67.4472646008,0
2015-09-15 12:41:00,66,0.0371366793235,65.8309781179,0
2015-09-15 12:46:00,68,0.0371366793235,68.5765863863,0
2015-09-15 12:51:00,72,0.0371366793235,74.3141344492,0
2015-09-15 12:56:00,66,0.0371366793235,62.9932660235,0
2015-09-15 13:01:00,62,0.0371366793235,59.1159341577,0
2015-09-15 13:06:00,71,0.0371366793235,75.1651785678,0
2015-09-15 13:11:00,74,0.0371366793235,76.453734403,0
2015-09-15 13:16:00,65,0.0371366793235,59.4158931174,0
2015-09-15 13:21:00,61,0.0371366793235,55.8119483431,0
2015-09-15 13:26:00,63,0.0371366793235,63.0884987052,1
2015-09-15 13:31:00,66,0.0371366793235,67.5007902725,1
2015-09-15 13:36:00,63,0.0371366793235,61.2577403897,1
2015-09-15 13:41:00,60,0.0371366793235,57.9753685351,1
2015-09-15 13:46:00,59,0.0371366793235,57.5669510174,1
2015-09-15 13:51:00,60,0.0371366793235,60.0811194332,1
2015-09-15 13:54:00,56,0.0371366793235,54.4951112588,1
2015-09-15 13:59:00,49,0.0371366793235,44.8406751635,1
2015-09-15 14:04:00,43,0.0371366793235,36.5547495235,1
2015-09-15 14:09:00,59,0.0371366793235,66.5910789517,1
2015-09-15 14:14:00,51,0.0371366793235,48.2736273949,1
2015-09-15 14:19:00,42,0.0371366793235,35.1856609512,1
2015-09-15 14:24:00,25,0.0371366793235,11.4334557433,1
2015-09-15 14:29:00,10,1.0,-4.82417159011,1
2015-09-15 14:34:00,8,0.0530290387454,1.79038711036,1
2015-09-15 14:39:00,46,0.0530290387454,67.7484257308,1
2015-09-15 14:44:00,65,0.0530290387454,85.3457813389,1
2015-09-15 14:49:00,68,0.0530290387454,72.9498494757,1
2015-09-15 14:54:00,67,0.0530290387454,67.2284011506,1
2015-09-15 14:59:00,64,0.0530290387454,62.0605344908,1
2015-09-15 15:04:00,67,0.0530290387454,67.8010628644,1
2015-09-15 15:09:00,62,0.0530290387454,57.8925861398,1
2015-09-15 15:14:00,66,0.0530290387454,65.8369538686,1
2015-09-15 15:24:00,68,0.0530290387454,69.074786064,1
2015-09-15 15:34:00,65,0.0371366793235,63.3903050987,1
2015-09-15 15:39:00,65,0.0371366793235,66.0109696204,1
2015-09-15 15:44:00,68,0.0371366793235,70.1870695839,1
2015-09-15 15:49:00,66,0.0371366793235,66.4759463074,1
2015-09-15 15:54:00,64,0.0371366793235,62.4499242156,1
2015-09-15 15:59:00,64,0.0371366793235,63.8368183644,0
2015-09-15 16:04:00,63,0.0371366793235,62.3124073906,0
2015-09-15 16:09:00,63,0.0371366793235,62.5780088123,0
2015-09-15 16:14:00,67,0.0371366793235,68.890863996,0
2015-09-15 16:19:00,63,0.0371366793235,60.3211656579,0
2015-09-15 16:24:00,66,0.0371366793235,64.7266370261,0
2015-09-15 16:29:00,67,0.0371366793235,67.1201584297,0
2015-09-15 16:34:00,65,0.0371366793235,64.2366166673,0
2015-09-15 16:39:00,65,0.0371366793235,65.8247273576,0
2015-09-15 16:44:00,64,0.0371366793235,63.9708603627,0
2015-09-15 16:49:00,69,0.0371366793235,71.8391120351,0
2015-09-15 16:54:00,65,0.0371366793235,63.5035750568,0
2015-09-15 16:59:00,65,0.0371366793235,64.6923615016,0
2015-09-15 17:04:00,62,0.0371366793235,59.4921153211,0
2015-09-15 17:09:00,57,0.0371366793235,53.6235712573,0
2015-09-15 17:14:00,52,0.0371366793235,47.9972703061,0
2015-09-15 17:19:00,51,0.0371366793235,48.9043839885,0
2015-09-15 17:24:00,62,0.0371366793235,68.8932135917,0
2015-09-15 17:29:00,59,0.0371366793235,57.395120655,0
2015-09-15 17:39:00,68,0.0371366793235,72.1788975248,0
2015-09-15 17:44:00,64,0.0371366793235,60.8938518388,0
2015-09-15 17:49:00,65,0.0371366793235,64.5356308453,0
2015-09-15 17:54:00,66,0.0371366793235,67.0618048541,0
2015-09-15 17:59:00,67,0.0371366793235,66.933796139,0
2015-09-15 18:04:00,63,0.0371366793235,60.8455023199,0
2015-09-15 18:14:00,59,0.0371366793235,57.908460373,0
2015-09-15 18:19:00,68,0.0371366793235,75.2740420536,0
2015-09-15 18:24:00,66,0.0371366793235,66.4263666371,0
2015-09-15 18:29:00,66,0.0371366793235,65.207384551,0
2015-09-15 18:34:00,65,0.0371366793235,62.7784901765,0
2015-09-15 18:39:00,64,0.0371366793235,62.7591706708,0
2015-09-15 18:44:00,70,0.0363547760747,72.9297812669,0
2015-09-15 18:49:00,67,0.0363547760747,66.091036966,0
2015-09-15 18:54:00,63,0.0363547760747,59.5647677087,0
2015-09-15 19:04:00,64,0.0363547760747,62.6966861457,0
2015-09-15 19:09:00,65,0.0363547760747,64.8071211539,0
2015-09-15 19:14:00,64,0.0363547760747,62.6735949784,0
2015-09-15 19:19:00,60,0.0363547760747,56.2463205441,0
2015-09-15 19:24:00,65,0.0363547760747,66.7301050084,0
2015-09-15 19:29:00,69,0.0363547760747,71.7848202859,0
2015-09-15 19:34:00,63,0.0363547760747,59.6872978284,0
2015-09-15 19:39:00,59,0.0363547760747,55.3345553257,0
2015-09-15 19:44:00,69,0.0363547760747,73.7639681386,0
2015-09-15 19:49:00,60,0.0363547760747,55.768254783,0
2015-09-15 19:54:00,60,0.0363547760747,58.2569615913,0
2015-09-15 19:59:00,59,0.0363547760747,59.093459321,0
2015-09-15 20:09:00,62,0.0363547760747,64.6369746156,0
2015-09-15 20:14:00,61,0.0363547760747,62.0306539563,0
2015-09-15 20:24:00,58,0.0363547760747,56.7140663915,0
2015-09-15 20:29:00,63,0.0363547760747,65.7851284432,0
2015-09-15 20:34:00,65,0.0363547760747,66.1279058321,0
2015-09-15 20:49:00,57,0.0363547760747,51.7816512165,0
2015-09-15 20:54:00,62,0.0363547760747,62.7295571572,0
2015-09-15 20:59:00,62,0.0363547760747,61.5355245908,0
2015-09-15 21:04:00,62,0.0363547760747,61.8934817669,0
2015-09-15 21:19:00,64,0.0363547760747,64.9175372545,0
2015-09-15 21:29:00,63,0.0363547760747,62.7150602154,0
2015-09-15 22:09:00,57,0.0363547760747,52.8690952816,0
2015-09-15 22:34:00,59,0.0363547760747,57.7558363135,0
2015-09-15 22:39:00,63,0.0363547760747,66.9636258886,0
2015-09-15 22:44:00,67,0.0363547760747,71.6191678945,0
2015-09-15 23:19:00,65,0.0363547760747,64.9661978215,0
2015-09-15 23:24:00,61,0.0363547760747,58.1587910444,0
2015-09-15 23:29:00,61,0.0363547760747,60.6842905737,0
2015-09-15 23:34:00,60,0.0363547760747,58.7013221023,0
2015-09-16 00:49:00,67,0.0363547760747,70.5385907784,0
2015-09-16 01:44:00,57,0.0363547760747,51.0492491163,0
2015-09-16 02:19:00,59,0.0363547760747,58.2828693011,0
2015-09-16 03:04:00,60,0.0363547760747,60.378793186,0
2015-09-16 04:44:00,58,0.0363547760747,56.9532667686,0
2015-09-16 05:09:00,66,0.0363547760747,71.5050746332,0
2015-09-16 05:19:00,69,0.0363547760747,72.6909513432,0
2015-09-16 05:29:00,62,0.0363547760747,58.3095379931,0
2015-09-16 05:39:00,65,0.0363547760747,65.7686571509,0
2015-09-16 05:49:00,65,0.0363547760747,65.6983212978,0
2015-09-16 06:09:00,61,0.0363547760747,57.8597050366,0
2015-09-16 06:14:00,64,0.0363547760747,63.7846627005,0
2015-09-16 06:24:00,65,0.0363547760747,65.4301850973,0
2015-09-16 06:39:00,65,0.0363547760747,64.6807305788,0
2015-09-16 06:44:00,66,0.0363547760747,65.1036198999,0
2015-09-16 06:54:00,61,0.0363547760747,57.6734599766,0
2015-09-16 07:19:00,64,0.0363547760747,63.9194046521,0
2015-09-16 07:24:00,69,0.0363547760747,71.7496664824,0
2015-09-16 07:29:00,59,0.0363547760747,54.5676461252,0
2015-09-16 07:34:00,71,0.0363547760747,78.3784811312,0
2015-09-16 07:44:00,66,0.0363547760747,65.6475922493,0
2015-09-16 07:49:00,66,0.0363547760747,65.7409102942,0
2015-09-16 07:54:00,67,0.0363547760747,66.5389491635,0
2015-09-16 07:59:00,68,0.0363547760747,68.4429783921,0
2015-09-16 08:04:00,64,0.0363547760747,61.984134085,0
2015-09-16 08:09:00,68,0.0363547760747,68.6434228918,0
2015-09-16 08:14:00,69,0.0363547760747,69.9490464305,0
2015-09-16 08:19:00,71,0.0363547760747,72.3704631296,0
2015-09-16 08:24:00,66,0.0363547760747,64.7119010577,0
2015-09-16 08:29:00,70,0.0363547760747,71.4781192333,0
2015-09-16 08:39:00,71,0.0363547760747,71.2617942752,0
2015-09-16 08:49:00,68,0.0363547760747,66.2432956823,0
2015-09-16 08:54:00,62,0.0363547760747,57.4301144725,0
2015-09-16 08:59:00,67,0.0363547760747,68.3781563442,0
2015-09-16 09:04:00,63,0.0363547760747,61.1350342366,0
2015-09-16 09:09:00,71,0.0363547760747,74.9256553261,0
2015-09-16 09:14:00,64,0.0363547760747,61.2164746411,0
2015-09-16 09:24:00,70,0.0363547760747,72.5868474849,0
2015-09-16 09:34:00,67,0.0363547760747,65.368855865,0
2015-09-16 09:44:00,67,0.0363547760747,66.7529696667,0
2015-09-16 09:54:00,66,0.0363547760747,65.318625558,0
2015-09-16 09:59:00,61,0.0363547760747,57.7145282981,0
2015-09-16 10:04:00,69,0.0363547760747,72.1596229907,0
2015-09-16 10:09:00,67,0.0363547760747,65.8893128221,0
2015-09-16 10:14:00,70,0.0363547760747,71.992462762,0
2015-09-16 10:19:00,71,0.0363547760747,72.2827030643,0
2015-09-16 10:24:00,67,0.0363547760747,64.4850008346,0
2015-09-16 10:29:00,59,0.0363547760747,53.5504944026,0
2015-09-16 10:34:00,69,0.0363547760747,73.9167165542,0
2015-09-16 10:44:00,69,0.0363547760747,70.2901544076,0
2015-09-16 10:49:00,68,0.0363547760747,67.768118242,0
2015-09-16 10:54:00,72,0.0363547760747,73.7665001795,0
2015-09-16 10:59:00,68,0.0363547760747,66.0617259055,0
2015-09-16 11:04:00,62,0.0363547760747,57.2195934535,0
2015-09-16 11:09:00,64,0.0363547760747,64.0553254828,0
2015-09-16 11:14:00,66,0.0363547760747,66.903469596,0
2015-09-16 11:19:00,60,0.0363547760747,55.8388837207,0
2015-09-16 11:24:00,66,0.0363547760747,68.1991394859,0
2015-09-16 11:29:00,71,0.0363547760747,75.4811086938,0
2015-09-16 11:34:00,56,0.0363547760747,47.0794589544,0
2015-09-16 11:39:00,63,0.0363547760747,64.0803156507,0
2015-09-16 11:44:00,67,0.0363547760747,69.9601687521,0
2015-09-16 11:49:00,64,0.0363547760747,62.439347506,0
2015-09-16 11:59:00,67,0.0363547760747,68.2141220426,0
2015-09-16 12:04:00,62,0.0363547760747,58.8711031907,0
2015-09-16 12:14:00,65,0.0363547760747,65.9707601804,0
2015-09-16 12:19:00,66,0.0359242047293,66.5904409864,0
2015-09-16 12:24:00,65,0.0359242047293,64.2976958669,0
2015-09-16 12:29:00,73,0.0359242047293,76.9493031036,0
2015-09-16 12:34:00,67,0.0359242047293,64.5121434067,0
2015-09-16 12:39:00,62,0.0359242047293,58.1904445829,0
2015-09-16 12:44:00,68,0.0359242047293,70.7166060936,0
2015-09-16 12:49:00,62,0.0359242047293,59.4265067091,0
2015-09-16 12:54:00,67,0.0359242047293,69.3931291092,0
2015-09-16 12:59:00,63,0.0359242047293,60.6433209703,0
2015-09-16 13:04:00,68,0.0359242047293,70.125153592,1
2015-09-16 13:09:00,69,0.0359242047293,69.9053821306,1
2015-09-16 13:14:00,69,0.0359242047293,69.7006681628,1
2015-09-16 13:19:00,65,0.0359242047293,62.4531882106,1
2015-09-16 13:24:00,61,0.0359242047293,58.0522547703,1
2015-09-16 13:29:00,73,0.0359242047293,79.2781175917,1
2015-09-16 13:34:00,66,0.0359242047293,63.3068966006,1
2015-09-16 13:39:00,51,0.0359242047293,40.657030913,1
2015-09-16 13:44:00,50,0.0359242047293,46.4813131849,1
2015-09-16 13:49:00,34,0.0359242047293,21.8468221218,1
2015-09-16 13:54:00,24,0.0359242047293,13.4634102421,1
2015-09-16 13:59:00,7,0.0359242047293,-6.43175565969,1
2015-09-16 14:04:00,14,0.0492756000787,13.3485031531,1
2015-09-16 14:09:00,7,0.0492756000787,2.64122426074,1
2015-09-16 14:14:00,32,0.0492756000787,47.7851437322,1
2015-09-16 14:19:00,17,0.0801278744913,12.371251192,1
2015-09-16 14:24:00,8,0.0801278744913,0.283636699911,1
2015-09-16 14:29:00,6,0.0801278744913,1.74227047294,1
2015-09-16 14:30:00,8,0.0801278744913,7.41842020267,1
2015-09-16 14:35:00,20,0.0801278744913,26.4732043663,1
2015-09-16 14:40:00,8,0.151540029328,1.63710451895,1
2015-09-16 14:45:00,23,0.151540029328,31.2664228662,1
2015-09-16 14:50:00,74,0.123301265739,109.604577097,1
2015-09-16 14:55:00,65,0.123301265739,68.6845445744,1
2015-09-16 15:00:00,67,0.123301265739,68.3748669181,1
2015-09-16 15:05:00,74,0.0818529573287,79.2174530914,1
2015-09-16 15:10:00,59,0.0818529573287,51.0933293224,1
2015-09-16 15:15:00,65,0.0818529573287,66.0027457703,1
2015-09-16 15:20:00,64,0.0818529573287,63.9410601952,1
2015-09-16 15:25:00,64,0.0818529573287,65.3373002885,0
2015-09-16 15:30:00,68,0.0359242047293,69.4932826269,0
2015-09-16 15:35:00,73,0.0359242047293,76.3893493333,0
2015-09-16 15:40:00,71,0.0359242047293,71.8203720699,0
2015-09-16 15:45:00,67,0.0359242047293,65.6517920994,0
2015-09-16 15:50:00,66,0.0359242047293,65.3561608378,0
2015-09-16 15:55:00,68,0.0359242047293,68.3730309477,0
2015-09-16 16:00:00,65,0.0359242047293,63.4532021951,1
2015-09-16 16:05:00,57,0.0359242047293,51.2757022706,1
2015-09-16 16:10:00,70,0.0359242047293,75.2904224796,1
2015-09-16 16:15:00,66,0.0359242047293,65.0207846432,1
2015-09-16 16:20:00,66,0.0359242047293,66.031514347,1
2015-09-16 16:25:00,65,0.0359242047293,63.9533488555,1
2015-09-16 16:30:00,66,0.0359242047293,67.4411730637,1
2015-09-16 16:35:00,64,0.0359242047293,63.7866836489,1
2015-09-16 16:40:00,55,0.0359242047293,50.1144969053,1
2015-09-16 16:45:00,30,0.0359242047293,13.5029148261,1
2015-09-16 16:50:00,11,0.0359242047293,-7.72225257257,1
2015-09-16 16:55:00,12,0.0554393275651,9.40457065756,1
2015-09-16 17:00:00,33,0.0554393275651,44.1328073616,1
2015-09-16 17:05:00,43,0.0554393275651,52.5979074867,1
2015-09-16 17:10:00,1,1.0,-23.8691405234,1
2015-09-16 17:15:00,19,0.299999996735,18.5590480042,1
2015-09-16 17:20:00,23,0.299999996735,25.3296923648,1
2015-09-16 17:25:00,53,0.299999996735,72.6122277091,1
2015-09-16 17:30:00,60,0.299999996735,69.6401655928,1
2015-09-16 17:35:00,56,0.299999996735,56.0624605568,1
2015-09-16 17:40:00,44,0.299999996735,36.7853976759,1
2015-09-16 17:45:00,57,0.299999996735,62.1260754893,1
2015-09-16 17:50:00,55,0.299999996735,56.4857131626,1
2015-09-16 17:55:00,63,0.299999996735,68.7827960048,1
2015-09-16 18:00:00,68,0.0795105487454,74.2757286411,1
2015-09-16 18:05:00,70,0.0359242047293,73.9301499857,1
2015-09-16 18:10:00,62,0.0359242047293,58.5049989011,1
2015-09-16 18:15:00,66,0.0359242047293,68.7274968217,1
2015-09-16 18:20:00,67,0.0359242047293,69.5388454044,1
2015-09-16 18:25:00,68,0.0359242047293,67.1170792289,0
2015-09-16 18:30:00,67,0.0359242047293,65.369662255,0
2015-09-16 18:35:00,66,0.0359242047293,64.3089624945,0
2015-09-16 18:40:00,68,0.0359242047293,69.1793333168,0
2015-09-16 18:45:00,69,0.0359242047293,70.4434539541,0
2015-09-16 18:50:00,68,0.0359242047293,66.4688072386,0
2015-09-16 18:55:00,71,0.0359242047293,71.5895183167,0
2015-09-16 19:05:00,67,0.0359242047293,64.0805878813,0
2015-09-16 19:10:00,64,0.0359242047293,61.7092493523,0
2015-09-16 19:15:00,64,0.0359242047293,63.8000865108,0
2015-09-16 19:25:00,64,0.0359242047293,64.2330755116,0
2015-09-16 19:30:00,63,0.0359242047293,63.1779596858,0
2015-09-16 19:35:00,65,0.0359242047293,67.2689179743,0
2015-09-16 19:40:00,64,0.0359242047293,61.7392864446,0
2015-09-16 19:45:00,65,0.0359242047293,65.2128595997,0
2015-09-16 19:50:00,66,0.0359242047293,66.39823039,0
2015-09-16 20:00:00,63,0.0359242047293,61.1988937788,0
2015-09-16 20:05:00,67,0.0359242047293,69.3527702417,0
2015-09-16 20:10:00,62,0.0359242047293,57.8883987651,0
2015-09-16 20:15:00,61,0.0359242047293,58.2771606486,0
2015-09-16 20:20:00,62,0.0359242047293,60.7038405064,0
2015-09-16 20:25:00,65,0.0359242047293,66.9410458421,0
2015-09-16 20:30:00,63,0.0359242047293,64.0024645589,0
2015-09-16 20:35:00,61,0.0359242047293,59.7724317208,0
2015-09-16 20:40:00,59,0.0359242047293,56.0688962956,0
2015-09-16 20:45:00,56,0.0359242047293,51.6262708002,0
2015-09-16 20:50:00,65,0.027769353014,69.9027666998,0
2015-09-16 20:55:00,63,0.027769353014,62.1827802641,0
2015-09-16 21:00:00,67,0.027769353014,70.1176524108,0
2015-09-16 21:05:00,63,0.027769353014,60.7775242587,0
2015-09-16 21:10:00,57,0.027769353014,51.6282603742,0
2015-09-16 21:15:00,58,0.027769353014,56.536785701,0
2015-09-16 21:25:00,68,0.027769353014,74.4215594,0
2015-09-16 21:40:00,62,0.027769353014,59.0715517589,0
2015-09-16 21:45:00,64,0.027769353014,63.9569478318,0
2015-09-16 21:55:00,66,0.027769353014,67.2843703864,0
2015-09-16 22:05:00,65,0.027769353014,64.3033958778,0
2015-09-16 22:14:00,57,0.027769353014,50.5086069038,0
2015-09-16 22:20:00,61,0.027769353014,61.6435765585,0
2015-09-16 22:25:00,58,0.027769353014,56.385272083,0
2015-09-16 22:30:00,62,0.027769353014,64.7785918499,0
2015-09-16 22:40:00,61,0.027769353014,61.1617648378,0
2015-09-16 22:45:00,63,0.027769353014,62.1542730267,0
2015-09-16 22:55:00,59,0.027769353014,55.3171533749,0
2015-09-16 23:10:00,64,0.027769353014,66.5677116196,0
2015-09-16 23:35:00,64,0.027769353014,65.5924239693,0
2015-09-16 23:55:00,59,0.027769353014,55.6252448257,0
2015-09-17 00:10:00,66,0.027769353014,69.2512424056,0
2015-09-17 00:45:00,63,0.027769353014,60.5164609689,0
2015-09-17 01:05:00,57,0.027769353014,53.1194355329,0
2015-09-17 01:40:00,56,0.027769353014,54.5585578902,0
2015-09-17 01:55:00,53,0.027769353014,49.9448855254,0
2015-09-17 02:10:00,66,0.027769353014,73.1694538425,0
2015-09-17 02:50:00,61,0.027769353014,57.8324299596,0
2015-09-17 03:20:00,56,0.027769353014,51.1560952069,0
2015-09-17 04:35:00,58,0.027769353014,57.5880519763,0
2015-09-17 04:55:00,62,0.027769353014,65.4471674039,0
2015-09-17 05:10:00,64,0.027769353014,66.4946380369,0
2015-09-17 05:15:00,65,0.027769353014,65.5092150685,0
2015-09-17 05:30:00,73,0.027769353014,76.5736413095,0
2015-09-17 05:35:00,63,0.027769353014,58.9570677089,0
2015-09-17 05:40:00,63,0.027769353014,63.2025955694,0
2015-09-17 05:45:00,66,0.027769353014,68.6044060314,0
2015-09-17 05:50:00,62,0.027769353014,60.5477420373,0
2015-09-17 05:55:00,72,0.027769353014,75.7914120115,0
2015-09-17 06:15:00,56,0.027769353014,46.5257956364,0
2015-09-17 06:20:00,52,0.027769353014,46.5427062839,0
2015-09-17 06:25:00,61,0.027769353014,65.9318337507,0
2015-09-17 06:30:00,51,0.027769353014,46.3466135939,0
2015-09-17 06:40:00,64,0.027769353014,70.6611232495,0
2015-09-17 06:55:00,60,0.027769353014,59.5104584684,0
2015-09-17 07:00:00,59,0.027769353014,58.0943447773,0
2015-09-17 07:05:00,38,0.027769353014,23.1941666668,0
2015-09-17 07:10:00,53,0.027769353014,56.0508186739,0
2015-09-17 07:15:00,56,0.027769353014,59.104819931,0
2015-09-17 07:25:00,53,0.027769353014,52.0534019075,0
2015-09-17 07:35:00,68,0.027769353014,74.5197018716,0
2015-09-17 07:40:00,56,0.027769353014,50.9280730169,0
2015-09-17 07:45:00,62,0.027769353014,64.1979158434,0
2015-09-17 07:50:00,65,0.027769353014,67.8328102639,0
2015-09-17 07:55:00,61,0.027769353014,59.936140985,0
2015-09-17 08:00:00,64,0.027769353014,63.5648870427,0
2015-09-17 08:05:00,60,0.027769353014,56.0128686448,0
2015-09-17 08:10:00,58,0.027769353014,55.6359252082,0
2015-09-17 08:15:00,62,0.027769353014,63.9300438716,0
2015-09-17 08:20:00,67,0.027769353014,71.2456575003,0
2015-09-17 08:25:00,61,0.027769353014,58.8261736749,0
2015-09-17 08:30:00,59,0.027769353014,56.2055202574,0
2015-09-17 08:35:00,60,0.027769353014,59.4780176575,0
2015-09-17 08:40:00,59,0.027769353014,57.9818900908,0
2015-09-17 08:45:00,59,0.027769353014,59.5687881553,0
2015-09-17 08:50:00,63,0.027769353014,64.6168439417,0
2015-09-17 08:55:00,55,0.027769353014,52.2452033448,0
2015-09-17 09:00:00,54,0.027769353014,52.0365518759,0
2015-09-17 09:05:00,64,0.027769353014,68.5657549016,0
2015-09-17 09:10:00,63,0.027769353014,65.0875002316,0
2015-09-17 09:15:00,67,0.027769353014,69.9483126656,0
2015-09-17 09:20:00,62,0.027769353014,60.261812661,0
2015-09-17 09:25:00,67,0.027769353014,69.3111839042,0
2015-09-17 09:30:00,65,0.027769353014,64.2771948173,0
2015-09-17 09:35:00,63,0.027769353014,61.306587231,0
2015-09-17 09:40:00,61,0.027769353014,59.2648198476,0
2015-09-17 09:45:00,69,0.027769353014,72.5435183624,0
2015-09-17 09:50:00,65,0.027769353014,64.6808051615,0
2015-09-17 09:55:00,63,0.027769353014,61.9027728245,0
2015-09-17 10:00:00,65,0.027769353014,65.5824251278,0
2015-09-17 10:05:00,71,0.027769353014,74.6241343645,0
2015-09-17 10:10:00,66,0.027769353014,64.8390054291,0
2015-09-17 10:15:00,64,0.027769353014,61.8094960595,0
2015-09-17 10:20:00,61,0.027769353014,58.3171270682,0
2015-09-17 10:25:00,65,0.027769353014,65.7359286083,0
2015-09-17 10:30:00,65,0.027769353014,64.3297437721,0
2015-09-17 10:35:00,62,0.027769353014,59.8992228673,0
2015-09-17 10:45:00,64,0.027769353014,64.4955501578,0
2015-09-17 10:50:00,61,0.027769353014,59.6455083028,0
2015-09-17 10:55:00,59,0.027769353014,57.6116749186,0
2015-09-17 11:00:00,64,0.027769353014,65.4987941065,0
2015-09-17 11:05:00,55,0.027769353014,51.1707492584,0
2015-09-17 11:10:00,62,0.027769353014,64.6768003965,0
2015-09-17 11:15:00,61,0.027769353014,61.7103197731,0
2015-09-17 11:20:00,66,0.027769353014,69.2614733077,0
2015-09-17 11:25:00,61,0.027769353014,59.1748171873,0
2015-09-17 11:30:00,69,0.027769353014,73.4748109689,0
2015-09-17 11:35:00,66,0.027769353014,64.4875014878,0
2015-09-17 11:40:00,68,0.027769353014,69.0497353379,0
2015-09-17 11:45:00,69,0.027769353014,70.0792116826,0
2015-09-17 11:50:00,66,0.0278845537169,64.0337468915,0
2015-09-17 11:55:00,66,0.0278845537169,65.1484834801,0
2015-09-17 12:00:00,64,0.0278845537169,62.2268363776,0
2015-09-17 12:05:00,63,0.0278845537169,61.5287416775,0
2015-09-17 12:10:00,68,0.0278845537169,70.8095356977,0
2015-09-17 12:20:00,62,0.0278845537169,60.0267410481,0
2015-09-17 12:25:00,66,0.0278845537169,67.7557358118,0
2015-09-17 12:30:00,71,0.0278845537169,74.6872319987,0
2015-09-17 12:35:00,67,0.0278845537169,65.6607493381,0
2015-09-17 12:40:00,66,0.0278845537169,64.7903176284,0
2015-09-17 12:45:00,62,0.0278845537169,59.002497845,0
2015-09-17 12:50:00,62,0.0278845537169,60.7620859856,0
2015-09-17 12:55:00,62,0.0278845537169,61.2019958585,0
2015-09-17 13:00:00,59,0.0278845537169,56.8379288741,0
2015-09-17 13:05:00,56,0.0278845537169,52.936119619,0
2015-09-17 13:10:00,41,0.0278845537169,30.5603748447,0
2015-09-17 13:15:00,63,0.0278845537169,71.2896517171,0
2015-09-17 13:20:00,46,0.0278845537169,37.5719543193,0
2015-09-17 13:25:00,47,0.0278845537169,44.711906826,0
2015-09-17 13:30:00,63,0.0278845537169,72.5610439776,0
2015-09-17 13:35:00,50,0.0278845537169,45.4060103426,0
2015-09-17 13:40:00,46,0.0278845537169,41.7512635513,0
2015-09-17 13:45:00,33,0.0278845537169,23.6007991098,0
2015-09-17 13:50:00,23,0.0278845537169,13.527546872,0
2015-09-17 13:55:00,26,0.0278845537169,24.2678963232,0
2015-09-17 14:00:00,19,0.0278845537169,13.8256197078,0
2015-09-17 14:05:00,27,0.0278845537169,30.5477437028,0
